[{"__type__":"cc.SceneAsset","_name":"SpineMesh","scene":{"__id__":1},"asyncLoadAssets":null},{"__type__":"cc.Scene","_name":"New Node","_children":[{"__id__":2}],"_anchorPoint":{"__type__":"cc.Vec2"},"_scale":{"__type__":"cc.Vec3","x":0.6364583333333333,"y":0.6364583333333333,"z":1},"_localZOrder":20,"autoReleaseAssets":true},{"__type__":"cc.Node","_name":"Canvas","_parent":{"__id__":1},"_children":[{"__id__":3},{"__id__":4}],"_components":[{"__type__":"cc.Canvas","node":{"__id__":2}}],"_contentSize":{"__type__":"cc.Size","width":960,"height":640},"_position":{"__type__":"cc.Vec3","x":480,"y":320},"_scale":{"__type__":"cc.Vec3","x":1,"y":1,"z":1},"_localZOrder":21,"_id":"aa777zAKq1O4bZOqnVjkNuy"},{"__type__":"cc.Node","_name":"Main Camera","_parent":{"__id__":2},"_level":1,"_components":[{"__type__":"cc.Camera","node":{"__id__":3},"_clearFlags":7,"_depth":-1}],"_scale":{"__type__":"cc.Vec3","x":1,"y":1,"z":1},"_localZOrder":22},{"__type__":"cc.Node","_name":"raptor","_parent":{"__id__":2},"_components":[{"__type__":"sp.Skeleton","node":{"__id__":4},"defaultAnimation":"walk","_N$skeletonData":{"__uuid__":"d5W5bx0IlHtqdZcUtuLuG6"}}],"_contentSize":{"__type__":"cc.Size","width":1223.72,"height":1055.62},"_position":{"__type__":"cc.Vec3","x":-52,"y":-255},"_scale":{"__type__":"cc.Vec3","x":0.5,"y":0.5,"z":1},"_localZOrder":23}]