[{"__type__":"cc.SpriteFrame","content":{"name":"singleColor","texture":"1bags8Kg5BCpWrU9yaA6Ng","rect":[0,0,2,2],"offset":[0,0],"originalSize":[2,2]}},{"__type__":"cc.SpriteFrame","content":{"name":"RedMonster","texture":"8abFgwQSdN26PmAos/eT6D","rect":[0,0,68,75],"offset":[0,0],"originalSize":[68,75]}},[{"__type__":"cc.SceneAsset","_name":"life_cycle","scene":{"__id__":1},"asyncLoadAssets":null},{"__type__":"cc.Scene","_name":"New Node","_children":[{"__id__":2},{"__id__":6}],"_anchorPoint":{"__type__":"cc.Vec2"},"_scale":{"__type__":"cc.Vec3","x":0.6427083333333333,"y":0.6427083333333333,"z":1},"_localZOrder":136,"autoReleaseAssets":true},{"__type__":"cc.Node","_name":"Canvas","_parent":{"__id__":1},"_children":[{"__id__":3},{"__id__":4},{"__id__":5}],"_components":[{"__type__":"cc.Canvas","node":{"__id__":2}}],"_contentSize":{"__type__":"cc.Size","width":960,"height":640},"_position":{"__type__":"cc.Vec3","x":480,"y":320},"_scale":{"__type__":"cc.Vec3","x":1,"y":1,"z":1},"_localZOrder":137,"_id":"fc629q6yvFLjqlxlpOEtX0Y"},{"__type__":"cc.Node","_name":"Main Camera","_parent":{"__id__":2},"_level":1,"_components":[{"__type__":"cc.Camera","node":{"__id__":3},"_clearFlags":3,"_depth":-1}],"_scale":{"__type__":"cc.Vec3","x":1,"y":1,"z":1},"_localZOrder":138},{"__type__":"cc.Node","_name":"Background","_parent":{"__id__":2},"_components":[{"__type__":"cc.Sprite","node":{"__id__":4},"_spriteFrame":{"__uuid__":"0aoLNsxKlM4qs77+3nCObU"},"_sizeMode":0},{"__type__":"cc.Widget","node":{"__id__":4},"alignMode":2,"_alignFlags":45,"_originalWidth":960,"_originalHeight":640}],"_prefab":{"__type__":"cc.PrefabInfo","root":{"__id__":4},"asset":{"__uuid__":"b8OSNRvpdPAZhePn0hGPPJ"},"fileId":"78fd70+ls5GgJcFkzvLSRk8"},"_color":{"__type__":"cc.Color","r":57,"g":61,"b":64},"_contentSize":{"__type__":"cc.Size","width":960,"height":640},"_scale":{"__type__":"cc.Vec3","x":1,"y":1,"z":1},"_localZOrder":139},{"__type__":"cc.Node","_name":"New Label","_parent":{"__id__":2},"_components":[{"__type__":"e4f88adp3hERoJ48DZ2PSAl","node":{"__id__":5},"_useOriginalSize":false,"_string":"生命周期","_N$string":"生命周期","_N$horizontalAlign":1,"_N$verticalAlign":1,"_N$textKey":"cases/05_scripting/06_life_cycle/life_cycle.fire.6"}],"_contentSize":{"__type__":"cc.Size","width":160,"height":40},"_position":{"__type__":"cc.Vec3","y":190},"_scale":{"__type__":"cc.Vec3","x":1,"y":1,"z":1},"_localZOrder":140},{"__type__":"cc.Node","_name":"RedMonster","_parent":{"__id__":1},"_components":[{"__type__":"cc.Sprite","node":{"__id__":6},"_spriteFrame":{"__uuid__":"1dX38+1LVDxJsJW4MlhwuJ"}},{"__type__":"c07302m/oFJeIq2igPCJbWE","node":{"__id__":6}}],"_contentSize":{"__type__":"cc.Size","width":68,"height":75},"_position":{"__type__":"cc.Vec3","x":290,"y":249},"_scale":{"__type__":"cc.Vec3","x":1,"y":1,"z":1},"_localZOrder":141,"_id":"ba3caH8e/RAW7xdfS8I+Wvg"}]]