[{"__type__":"cc.SpriteFrame","content":{"name":"singleColor","texture":"1bags8Kg5BCpWrU9yaA6Ng","rect":[0,0,2,2],"offset":[0,0],"originalSize":[2,2]}},[{"__type__":"cc.SceneAsset","_name":"NonSerialized","scene":{"__id__":1},"asyncLoadAssets":null},{"__type__":"cc.Scene","_name":"New Node","_children":[{"__id__":2}],"_anchorPoint":{"__type__":"cc.Vec2"},"_scale":{"__type__":"cc.Vec3","x":0.6520833333333333,"y":0.6520833333333333,"z":1},"_localZOrder":98,"autoReleaseAssets":true},{"__type__":"cc.Node","_name":"Canvas","_parent":{"__id__":1},"_children":[{"__id__":3},{"__id__":4},{"__id__":5},{"__id__":7},{"__id__":9}],"_components":[{"__type__":"cc.Canvas","node":{"__id__":2}},{"__type__":"d4114PgybhJ3L/k0N9TkCZI","node":{"__id__":2},"mySerializedText":"Can be set in Editor","label1":{"__id__":6},"label2":{"__id__":8}}],"_contentSize":{"__type__":"cc.Size","width":960,"height":640},"_position":{"__type__":"cc.Vec3","x":480,"y":320},"_scale":{"__type__":"cc.Vec3","x":1,"y":1,"z":1},"_localZOrder":99,"_id":"258a5UfBc5N17qdFJzB3+nD"},{"__type__":"cc.Node","_name":"Main Camera","_parent":{"__id__":2},"_level":1,"_components":[{"__type__":"cc.Camera","node":{"__id__":3},"_clearFlags":3,"_depth":-1}],"_scale":{"__type__":"cc.Vec3","x":1,"y":1,"z":1},"_localZOrder":100},{"__type__":"cc.Node","_name":"Background","_parent":{"__id__":2},"_components":[{"__type__":"cc.Sprite","node":{"__id__":4},"_spriteFrame":{"__uuid__":"0aoLNsxKlM4qs77+3nCObU"},"_sizeMode":0},{"__type__":"cc.Widget","node":{"__id__":4},"alignMode":2,"_alignFlags":45,"_originalWidth":960,"_originalHeight":640}],"_prefab":{"__type__":"cc.PrefabInfo","root":{"__id__":4},"asset":{"__uuid__":"b8OSNRvpdPAZhePn0hGPPJ"},"fileId":"78fd70+ls5GgJcFkzvLSRk8"},"_color":{"__type__":"cc.Color","r":57,"g":61,"b":64},"_contentSize":{"__type__":"cc.Size","width":960,"height":640},"_scale":{"__type__":"cc.Vec3","x":1,"y":1,"z":1},"_localZOrder":101},{"__type__":"cc.Node","_name":"labelNum1","_parent":{"__id__":2},"_components":[{"__id__":6}],"_contentSize":{"__type__":"cc.Size","width":600,"height":50},"_position":{"__type__":"cc.Vec3","x":22,"y":122},"_scale":{"__type__":"cc.Vec3","x":1,"y":1,"z":1},"_localZOrder":102},{"__type__":"e4f88adp3hERoJ48DZ2PSAl","node":{"__id__":5},"_useOriginalSize":false,"_fontSize":30,"_N$horizontalAlign":1,"_N$verticalAlign":1,"_N$overflow":1,"_N$textKey":""},{"__type__":"cc.Node","_name":"labelNum2","_parent":{"__id__":2},"_components":[{"__id__":8}],"_contentSize":{"__type__":"cc.Size","width":600,"height":50},"_position":{"__type__":"cc.Vec3","x":20,"y":-88},"_scale":{"__type__":"cc.Vec3","x":1,"y":1,"z":1},"_localZOrder":103},{"__type__":"e4f88adp3hERoJ48DZ2PSAl","node":{"__id__":7},"_useOriginalSize":false,"_fontSize":30,"_N$horizontalAlign":1,"_N$verticalAlign":1,"_N$overflow":1,"_N$textKey":""},{"__type__":"cc.Node","_name":"New Label","_parent":{"__id__":2},"_components":[{"__type__":"e4f88adp3hERoJ48DZ2PSAl","node":{"__id__":9},"_useOriginalSize":false,"_string":"这是非序列化","_N$string":"这是非序列化","_N$horizontalAlign":1,"_N$verticalAlign":1,"_N$textKey":"cases/05_scripting/01_properties/NonSerialized.fire.10"}],"_contentSize":{"__type__":"cc.Size","width":240,"height":40},"_scale":{"__type__":"cc.Vec3","x":1,"y":1,"z":1},"_localZOrder":104}]]