[{"__type__":"cc.SpriteFrame","content":{"name":"singleColor","texture":"1bags8Kg5BCpWrU9yaA6Ng","rect":[0,0,2,2],"offset":[0,0],"originalSize":[2,2]}},{"__type__":"cc.SpriteFrame","content":{"name":"default_sprite","texture":"6eBWFz0oVHPLIGQKf/9Thu","rect":[0,2,40,36],"offset":[0,0],"originalSize":[40,40]}},[{"__type__":"cc.SceneAsset","_name":"downloader","scene":{"__id__":1},"asyncLoadAssets":null},{"__type__":"cc.Scene","_name":"New Node","_children":[{"__id__":2}],"_anchorPoint":{"__type__":"cc.Vec2"},"_scale":{"__type__":"cc.Vec3","x":0.7052083333333333,"y":0.7052083333333333,"z":1},"_localZOrder":1207,"autoReleaseAssets":true},{"__type__":"cc.Node","_name":"Canvas","_parent":{"__id__":1},"_children":[{"__id__":3},{"__id__":4},{"__id__":5},{"__id__":6},{"__id__":9}],"_components":[{"__type__":"cc.Canvas","node":{"__id__":2}}],"_contentSize":{"__type__":"cc.Size","width":960,"height":640},"_position":{"__type__":"cc.Vec3","x":480,"y":320},"_scale":{"__type__":"cc.Vec3","x":1,"y":1,"z":1},"_localZOrder":1208,"_id":"dc19b5Hw4dHiqxqdJ2EHiHw"},{"__type__":"cc.Node","_name":"Main Camera","_parent":{"__id__":2},"_level":1,"_components":[{"__type__":"cc.Camera","node":{"__id__":3},"_clearFlags":7,"_depth":-1}],"_scale":{"__type__":"cc.Vec3","x":1,"y":1,"z":1},"_localZOrder":1209},{"__type__":"cc.Node","_name":"Background","_parent":{"__id__":2},"_components":[{"__type__":"cc.Sprite","node":{"__id__":4},"_spriteFrame":{"__uuid__":"0aoLNsxKlM4qs77+3nCObU"},"_sizeMode":0},{"__type__":"cc.Widget","node":{"__id__":4},"alignMode":2,"_alignFlags":45,"_originalWidth":960,"_originalHeight":640}],"_prefab":{"__type__":"cc.PrefabInfo","root":{"__id__":4},"asset":{"__uuid__":"b8OSNRvpdPAZhePn0hGPPJ"},"fileId":"78fd70+ls5GgJcFkzvLSRk8"},"_color":{"__type__":"cc.Color","r":57,"g":61,"b":64},"_contentSize":{"__type__":"cc.Size","width":960,"height":640},"_scale":{"__type__":"cc.Vec3","x":1,"y":1,"z":1},"_localZOrder":1210},{"__type__":"cc.Node","_name":"Title","_parent":{"__id__":2},"_components":[{"__type__":"e4f88adp3hERoJ48DZ2PSAl","node":{"__id__":5},"_srcBlendFactor":1,"_useOriginalSize":false,"_string":"Native Downloader","_N$string":"Native Downloader","_fontSize":50,"_lineHeight":50,"_N$horizontalAlign":1,"_N$verticalAlign":1,"_N$textKey":"Native Downloader"}],"_contentSize":{"__type__":"cc.Size","width":422.44,"height":50},"_position":{"__type__":"cc.Vec3","x":-15,"y":266},"_scale":{"__type__":"cc.Vec3","x":1,"y":1,"z":1},"_localZOrder":1211},{"__type__":"cc.Node","_name":"New Layout","_parent":{"__id__":2},"_children":[{"__id__":7},{"__id__":14},{"__id__":16}],"_components":[{"__type__":"cc.Layout","node":{"__id__":6},"_layoutSize":{"__type__":"cc.Size","width":150,"height":150},"_resize":2,"_N$layoutType":2,"_N$spacingY":10}],"_color":{"__type__":"cc.Color","r":167,"g":167,"b":167},"_contentSize":{"__type__":"cc.Size","width":150,"height":150},"_anchorPoint":{"__type__":"cc.Vec2","x":0.5,"y":1},"_position":{"__type__":"cc.Vec3","x":355,"y":214},"_scale":{"__type__":"cc.Vec3","x":1,"y":1,"z":1},"_localZOrder":1212},{"__type__":"cc.Node","_name":"Load_Image","_parent":{"__id__":6},"_children":[{"__id__":8}],"_components":[{"__type__":"cc.Sprite","node":{"__id__":7},"_spriteFrame":{"__uuid__":"cbeekrK2tERZHMYnb3SW3c"},"_type":1,"_sizeMode":0,"_isTrimmedMode":false},{"__type__":"cc.Button","node":{"__id__":7},"transition":2,"pressedColor":{"__type__":"cc.Color","r":255,"g":255,"b":255},"clickEvents":[{"__type__":"cc.ClickEvent","target":{"__id__":9},"component":"DownloaderCtrl","handler":"downloadImg"}],"_N$normalColor":{"__type__":"cc.Color","r":255,"g":255,"b":255},"_N$disabledColor":{"__type__":"cc.Color","r":255,"g":255,"b":255},"_N$normalSprite":{"__uuid__":"cbeekrK2tERZHMYnb3SW3c"},"_N$pressedSprite":{"__uuid__":"bancX3RatP9b6Sl8enO4rV"},"pressedSprite":{"__uuid__":"bancX3RatP9b6Sl8enO4rV"},"_N$hoverSprite":{"__uuid__":"cbeekrK2tERZHMYnb3SW3c"},"hoverSprite":{"__uuid__":"cbeekrK2tERZHMYnb3SW3c"},"_N$disabledSprite":{"__uuid__":"cbeekrK2tERZHMYnb3SW3c"},"_N$target":{"__id__":7}}],"_contentSize":{"__type__":"cc.Size","width":200,"height":43.333333333333336},"_position":{"__type__":"cc.Vec3","y":-21.666666666666668},"_scale":{"__type__":"cc.Vec3","x":1,"y":1,"z":1},"_localZOrder":1213},{"__type__":"cc.Node","_name":"Label","_parent":{"__id__":7},"_components":[{"__type__":"e4f88adp3hERoJ48DZ2PSAl","node":{"__id__":8},"_srcBlendFactor":1,"_useOriginalSize":false,"_string":"Download Image","_N$string":"Download Image","_fontSize":20,"_N$horizontalAlign":1,"_N$verticalAlign":1,"_N$textKey":"Download Image"}],"_contentSize":{"__type__":"cc.Size","width":150.09,"height":40},"_position":{"__type__":"cc.Vec3","x":1.1368683772161603e-13},"_scale":{"__type__":"cc.Vec3","x":1,"y":1,"z":1},"_localZOrder":1214},{"__type__":"cc.Node","_name":"Show Window","_parent":{"__id__":2},"_children":[{"__id__":10},{"__id__":12}],"_components":[{"__type__":"cc.Sprite","node":{"__id__":9},"_spriteFrame":{"__uuid__":"c0GPA1PjJA7bli4XEgVjPQ"},"_type":1,"_sizeMode":0},{"__type__":"354a9KeL3pPRKzLyRBzHqyl","node":{"__id__":9},"label":{"__id__":11},"sprite":{"__id__":13}}],"_color":{"__type__":"cc.Color","r":85,"g":85,"b":85},"_contentSize":{"__type__":"cc.Size","width":700,"height":500},"_position":{"__type__":"cc.Vec3","x":-100,"y":-34},"_scale":{"__type__":"cc.Vec3","x":1,"y":1,"z":1},"_localZOrder":1219},{"__type__":"cc.Node","_name":"Label","_parent":{"__id__":9},"_components":[{"__id__":11}],"_contentSize":{"__type__":"cc.Size","width":600,"height":400},"_position":{"__type__":"cc.Vec3","x":5,"y":6},"_scale":{"__type__":"cc.Vec3","x":1,"y":1,"z":1},"_localZOrder":1220},{"__type__":"cc.Label","node":{"__id__":10},"_srcBlendFactor":1,"_useOriginalSize":false,"_string":"No Downloaded Content","_N$string":"No Downloaded Content","_fontSize":26,"_lineHeight":30,"_N$overflow":1},{"__type__":"cc.Node","_name":"Sprite","_parent":{"__id__":9},"_active":false,"_components":[{"__id__":13}],"_contentSize":{"__type__":"cc.Size","width":40,"height":36},"_scale":{"__type__":"cc.Vec3","x":1,"y":1,"z":1},"_localZOrder":1221},{"__type__":"cc.Sprite","node":{"__id__":12},"_spriteFrame":{"__uuid__":"8c20Sso/ZEn7NUfNSM+EBh"}},{"__type__":"cc.Node","_name":"Load_Text","_parent":{"__id__":6},"_children":[{"__id__":15}],"_components":[{"__type__":"cc.Sprite","node":{"__id__":14},"_spriteFrame":{"__uuid__":"cbeekrK2tERZHMYnb3SW3c"},"_type":1,"_sizeMode":0},{"__type__":"cc.Button","node":{"__id__":14},"transition":2,"pressedColor":{"__type__":"cc.Color","r":255,"g":255,"b":255},"clickEvents":[{"__type__":"cc.ClickEvent","target":{"__id__":9},"component":"DownloaderCtrl","handler":"downloadTxt"}],"_N$normalColor":{"__type__":"cc.Color","r":255,"g":255,"b":255},"_N$disabledColor":{"__type__":"cc.Color","r":255,"g":255,"b":255},"_N$normalSprite":{"__uuid__":"cbeekrK2tERZHMYnb3SW3c"},"_N$pressedSprite":{"__uuid__":"bancX3RatP9b6Sl8enO4rV"},"pressedSprite":{"__uuid__":"bancX3RatP9b6Sl8enO4rV"},"_N$hoverSprite":{"__uuid__":"cbeekrK2tERZHMYnb3SW3c"},"hoverSprite":{"__uuid__":"cbeekrK2tERZHMYnb3SW3c"},"_N$disabledSprite":{"__uuid__":"cbeekrK2tERZHMYnb3SW3c"},"_N$target":{"__id__":14}}],"_contentSize":{"__type__":"cc.Size","width":200,"height":43.333333333333336},"_position":{"__type__":"cc.Vec3","y":-75},"_scale":{"__type__":"cc.Vec3","x":1,"y":1,"z":1},"_localZOrder":1215},{"__type__":"cc.Node","_name":"Label","_parent":{"__id__":14},"_components":[{"__type__":"e4f88adp3hERoJ48DZ2PSAl","node":{"__id__":15},"_srcBlendFactor":1,"_useOriginalSize":false,"_string":"Download Text File","_N$string":"Download Text File","_fontSize":20,"_N$horizontalAlign":1,"_N$verticalAlign":1,"_N$textKey":"Download Text File"}],"_contentSize":{"__type__":"cc.Size","width":168.96,"height":40},"_position":{"__type__":"cc.Vec3","x":1.1368683772161603e-13},"_scale":{"__type__":"cc.Vec3","x":1,"y":1,"z":1},"_localZOrder":1216},{"__type__":"cc.Node","_name":"Load_Temp_Image","_parent":{"__id__":6},"_children":[{"__id__":17}],"_level":1,"_components":[{"__type__":"cc.Sprite","node":{"__id__":16},"_spriteFrame":{"__uuid__":"cbeekrK2tERZHMYnb3SW3c"},"_type":1,"_sizeMode":0,"_isTrimmedMode":false},{"__type__":"cc.Button","node":{"__id__":16},"transition":2,"pressedColor":{"__type__":"cc.Color","r":255,"g":255,"b":255},"clickEvents":[{"__type__":"cc.ClickEvent","target":{"__id__":9},"component":"DownloaderCtrl","handler":"loadImg"}],"_N$normalColor":{"__type__":"cc.Color","r":255,"g":255,"b":255},"_N$disabledColor":{"__type__":"cc.Color","r":255,"g":255,"b":255},"_N$normalSprite":{"__uuid__":"cbeekrK2tERZHMYnb3SW3c"},"_N$pressedSprite":{"__uuid__":"bancX3RatP9b6Sl8enO4rV"},"pressedSprite":{"__uuid__":"bancX3RatP9b6Sl8enO4rV"},"_N$hoverSprite":{"__uuid__":"cbeekrK2tERZHMYnb3SW3c"},"hoverSprite":{"__uuid__":"cbeekrK2tERZHMYnb3SW3c"},"_N$disabledSprite":{"__uuid__":"cbeekrK2tERZHMYnb3SW3c"},"_N$target":{"__id__":16}}],"_contentSize":{"__type__":"cc.Size","width":200,"height":43.333333333333336},"_position":{"__type__":"cc.Vec3","y":-128.33333333333334},"_scale":{"__type__":"cc.Vec3","x":1,"y":1,"z":1},"_localZOrder":1217},{"__type__":"cc.Node","_name":"Label","_parent":{"__id__":16},"_components":[{"__type__":"e4f88adp3hERoJ48DZ2PSAl","node":{"__id__":17},"_srcBlendFactor":1,"_useOriginalSize":false,"_string":"Load Image(mem)","_N$string":"Load Image(mem)","_fontSize":20,"_N$horizontalAlign":1,"_N$verticalAlign":1,"_N$textKey":"Load Image(mem)"}],"_contentSize":{"__type__":"cc.Size","width":163.4,"height":40},"_position":{"__type__":"cc.Vec3","x":1.1368683772161603e-13},"_scale":{"__type__":"cc.Vec3","x":1,"y":1,"z":1},"_localZOrder":1218}],{"__type__":"cc.SpriteFrame","content":{"name":"btn_pressed","texture":"e8Mstb/RhJRYtVfmIFGaJg","rect":[0,0,194,68],"offset":[0,0],"originalSize":[194,68]}},{"__type__":"cc.SpriteFrame","content":{"name":"bg","texture":"5cSEe6cUVByreKJqRNvahb","rect":[0,0,14,14],"offset":[0,0],"originalSize":[14,14],"capInsets":[5,5,5,5]}},{"__type__":"cc.SpriteFrame","content":{"name":"btn_normal","texture":"7a/zKdXVNGWYopVAO8wQSg","rect":[0,0,194,68],"offset":[0,0],"originalSize":[194,68]}}]