[{"__type__":"cc.SpriteFrame","content":{"name":"singleColor","texture":"1bags8Kg5BCpWrU9yaA6Ng","rect":[0,0,2,2],"offset":[0,0],"originalSize":[2,2]}},{"__type__":"cc.SpriteFrame","content":{"name":"scrollview_barBg","texture":"27EmnUbVVAyLC8E7dakgQj","rect":[0,0,19,22],"offset":[0,0],"originalSize":[19,22],"capInsets":[5,6,5,8]}},[{"__type__":"cc.SceneAsset","_name":"ListView","scene":{"__id__":1},"asyncLoadAssets":null},{"__type__":"cc.Scene","_name":"New Node","_children":[{"__id__":2},{"__id__":13}],"_anchorPoint":{"__type__":"cc.Vec2"},"_scale":{"__type__":"cc.Vec3","x":0.6520833333333333,"y":0.6520833333333333,"z":1},"_localZOrder":1212,"autoReleaseAssets":true},{"__type__":"cc.Node","_name":"Canvas","_parent":{"__id__":1},"_children":[{"__id__":3},{"__id__":4},{"__id__":5},{"__id__":15},{"__id__":19},{"__id__":21},{"__id__":24},{"__id__":27}],"_components":[{"__type__":"cc.Canvas","node":{"__id__":2}}],"_contentSize":{"__type__":"cc.Size","width":960,"height":640},"_position":{"__type__":"cc.Vec3","x":480,"y":320},"_scale":{"__type__":"cc.Vec3","x":1,"y":1,"z":1},"_localZOrder":1213,"_id":"1f51fRKdx9KAZIFK6yiet28"},{"__type__":"cc.Node","_name":"Main Camera","_parent":{"__id__":2},"_level":1,"_components":[{"__type__":"cc.Camera","node":{"__id__":3},"_clearFlags":3,"_depth":-1}],"_scale":{"__type__":"cc.Vec3","x":1,"y":1,"z":1},"_localZOrder":1214},{"__type__":"cc.Node","_name":"Background","_parent":{"__id__":2},"_components":[{"__type__":"cc.Sprite","node":{"__id__":4},"_spriteFrame":{"__uuid__":"0aoLNsxKlM4qs77+3nCObU"},"_sizeMode":0},{"__type__":"cc.Widget","node":{"__id__":4},"alignMode":2,"_alignFlags":45,"_originalWidth":960,"_originalHeight":640}],"_prefab":{"__type__":"cc.PrefabInfo","root":{"__id__":4},"asset":{"__uuid__":"b8OSNRvpdPAZhePn0hGPPJ"},"fileId":"78fd70+ls5GgJcFkzvLSRk8"},"_color":{"__type__":"cc.Color","r":57,"g":61,"b":64},"_contentSize":{"__type__":"cc.Size","width":960,"height":640},"_scale":{"__type__":"cc.Vec3","x":1,"y":1,"z":1},"_localZOrder":1215},{"__type__":"cc.Node","_name":"ScrollView","_parent":{"__id__":2},"_children":[{"__id__":6},{"__id__":12}],"_components":[{"__id__":10},{"__type__":"cc.Sprite","node":{"__id__":5},"_spriteFrame":{"__uuid__":"7ewuO0jsFIiKv5sYyeKk6T"},"_type":1,"_sizeMode":0}],"_contentSize":{"__type__":"cc.Size","width":446,"height":450},"_position":{"__type__":"cc.Vec3","x":-191,"y":-24},"_scale":{"__type__":"cc.Vec3","x":1,"y":1,"z":1},"_localZOrder":1216},{"__type__":"cc.Node","_name":"ScrollBar","_parent":{"__id__":5},"_children":[{"__id__":7}],"_components":[{"__id__":9},{"__type__":"cc.Widget","node":{"__id__":6},"alignMode":2,"_alignFlags":37,"_left":350.07654921020657,"_originalHeight":237},{"__type__":"cc.Sprite","node":{"__id__":6},"_spriteFrame":{"__uuid__":"16m1qpO+FJK7884Un63V2V"},"_type":1,"_sizeMode":0}],"_contentSize":{"__type__":"cc.Size","width":15,"height":450},"_anchorPoint":{"__type__":"cc.Vec2","x":1,"y":0.5},"_position":{"__type__":"cc.Vec3","x":223},"_scale":{"__type__":"cc.Vec3","x":1,"y":1,"z":1},"_localZOrder":1217},{"__type__":"cc.Node","_name":"Bar","_parent":{"__id__":6},"_components":[{"__id__":8}],"_contentSize":{"__type__":"cc.Size","width":15,"height":156.25},"_anchorPoint":{"__type__":"cc.Vec2"},"_position":{"__type__":"cc.Vec3","x":-14.999999999999886,"y":-31.250000000000057},"_scale":{"__type__":"cc.Vec3","x":1,"y":1,"z":1},"_localZOrder":1218},{"__type__":"cc.Sprite","node":{"__id__":7},"_spriteFrame":{"__uuid__":"fanyIAeLpOJJtKSKfS2i4H"},"_type":1,"_sizeMode":0},{"__type__":"cc.Scrollbar","node":{"__id__":6},"_scrollView":{"__id__":10},"_N$handle":{"__id__":8},"_N$direction":1},{"__type__":"cc.ScrollView","node":{"__id__":5},"content":{"__id__":11},"brake":0.9,"bounceDuration":0.23,"scrollEvents":[{"__type__":"cc.ClickEvent","target":{"__id__":13},"component":"ListViewCtrl","handler":"scrollEvent"}],"_N$horizontalScrollBar":null,"_N$verticalScrollBar":{"__id__":9}},{"__type__":"cc.Node","_name":"Content","_parent":{"__id__":12},"_components":[{"__type__":"cc.Widget","node":{"__id__":11},"alignMode":2,"_alignFlags":40,"_left":30,"_right":30,"_originalWidth":300}],"_contentSize":{"__type__":"cc.Size","width":386,"height":228},"_anchorPoint":{"__type__":"cc.Vec2","x":0.5,"y":1},"_position":{"__type__":"cc.Vec3","y":241},"_scale":{"__type__":"cc.Vec3","x":1,"y":1,"z":1},"_localZOrder":1220},{"__type__":"cc.Node","_name":"View","_parent":{"__id__":5},"_children":[{"__id__":11}],"_components":[{"__type__":"cc.Mask","node":{"__id__":12},"_N$alphaThreshold":1},{"__type__":"cc.Widget","node":{"__id__":12},"alignMode":2,"_alignFlags":45,"_top":5,"_bottom":5,"_originalWidth":240,"_originalHeight":250}],"_contentSize":{"__type__":"cc.Size","width":446,"height":440},"_scale":{"__type__":"cc.Vec3","x":1,"y":1,"z":1},"_localZOrder":1219},{"__type__":"cc.Node","_name":"ListViewCtrl","_parent":{"__id__":1},"_components":[{"__type__":"e6458+hf5VAnIXocmvhggqC","node":{"__id__":13},"itemTemplate":{"__id__":14},"scrollView":{"__id__":10},"spawnCount":20,"totalCount":30,"spacing":10,"bufferZone":600,"lblScrollEvent":{"__id__":18},"btnAddItem":{"__id__":20},"btnRemoveItem":{"__id__":23},"btnJumpToPosition":{"__id__":26},"lblJumpPosition":{"__id__":29},"lblTotalItems":{"__id__":17}}],"_scale":{"__type__":"cc.Vec3","x":1,"y":1,"z":1},"_localZOrder":1231,"_id":"afacbOH0rRAmo7WNMrgrGep"},{"__type__":"cc.Node","_name":"Item","_parent":{"__id__":15},"_children":[{"__id__":16}],"_components":[{"__type__":"cc.Sprite","node":{"__id__":14},"_spriteFrame":{"__uuid__":"cbeekrK2tERZHMYnb3SW3c"},"_type":1,"_sizeMode":0},{"__type__":"920c8a5MahAhbCTSvmQvaB+","node":{"__id__":14},"label":{"__id__":17}},{"__type__":"cc.Button","node":{"__id__":14},"transition":2,"_N$enableAutoGrayEffect":true,"_N$normalSprite":{"__uuid__":"cbeekrK2tERZHMYnb3SW3c"},"_N$pressedSprite":{"__uuid__":"bancX3RatP9b6Sl8enO4rV"},"pressedSprite":{"__uuid__":"bancX3RatP9b6Sl8enO4rV"},"_N$hoverSprite":{"__uuid__":"cbeekrK2tERZHMYnb3SW3c"},"hoverSprite":{"__uuid__":"cbeekrK2tERZHMYnb3SW3c"},"_N$disabledSprite":{"__uuid__":"cbeekrK2tERZHMYnb3SW3c"},"_N$target":{"__id__":14}}],"_contentSize":{"__type__":"cc.Size","width":289,"height":63},"_scale":{"__type__":"cc.Vec3","x":1,"y":1,"z":1},"_localZOrder":1222},{"__type__":"cc.Node","_name":"Templates","_parent":{"__id__":2},"_children":[{"__id__":14}],"_contentSize":{"__type__":"cc.Size","width":289,"height":68},"_position":{"__type__":"cc.Vec3","x":240,"y":66},"_scale":{"__type__":"cc.Vec3","x":1,"y":1,"z":1},"_localZOrder":1221},{"__type__":"cc.Node","_name":"label","_parent":{"__id__":14},"_components":[{"__id__":17},{"__type__":"cc.Widget","node":{"__id__":16},"alignMode":2,"_alignFlags":40,"_left":10,"_right":10,"_originalWidth":100}],"_color":{"__type__":"cc.Color","r":250,"g":250,"b":250},"_contentSize":{"__type__":"cc.Size","width":269,"height":40},"_scale":{"__type__":"cc.Vec3","x":1,"y":1,"z":1},"_localZOrder":1223},{"__type__":"e4f88adp3hERoJ48DZ2PSAl","node":{"__id__":16},"_useOriginalSize":false,"_string":"Total Items: 30","_N$string":"Total Items: 30","_fontSize":20,"_enableWrapText":false,"_N$horizontalAlign":1,"_N$verticalAlign":1,"_N$overflow":1,"_N$textKey":"Total Items: 30"},{"__type__":"cc.Label","node":{"__id__":19},"_useOriginalSize":false,"_lineHeight":50},{"__type__":"cc.Node","_name":"ScrollEvent","_parent":{"__id__":2},"_components":[{"__id__":18},{"__type__":"cc.Widget","node":{"__id__":19},"alignMode":0,"_alignFlags":1,"_top":122}],"_contentSize":{"__type__":"cc.Size","height":50},"_position":{"__type__":"cc.Vec3","x":226,"y":173},"_scale":{"__type__":"cc.Vec3","x":1,"y":1,"z":1},"_localZOrder":1224},{"__type__":"cc.Button","node":{"__id__":21},"transition":2,"pressedColor":{"__type__":"cc.Color","r":255,"g":255,"b":255},"clickEvents":[{"__type__":"cc.ClickEvent","target":{"__id__":13},"component":"ListViewCtrl","handler":"addItem"}],"_N$enableAutoGrayEffect":true,"_N$normalColor":{"__type__":"cc.Color","r":255,"g":255,"b":255},"_N$disabledColor":{"__type__":"cc.Color","r":255,"g":255,"b":255},"_N$normalSprite":{"__uuid__":"cbeekrK2tERZHMYnb3SW3c"},"_N$pressedSprite":{"__uuid__":"bancX3RatP9b6Sl8enO4rV"},"pressedSprite":{"__uuid__":"bancX3RatP9b6Sl8enO4rV"},"_N$hoverSprite":{"__uuid__":"cbeekrK2tERZHMYnb3SW3c"},"hoverSprite":{"__uuid__":"cbeekrK2tERZHMYnb3SW3c"},"_N$disabledSprite":{"__uuid__":"bancX3RatP9b6Sl8enO4rV"},"_N$target":{"__id__":21}},{"__type__":"cc.Node","_name":"AddItem","_parent":{"__id__":2},"_children":[{"__id__":22}],"_components":[{"__id__":20},{"__type__":"cc.Sprite","node":{"__id__":21},"_spriteFrame":{"__uuid__":"cbeekrK2tERZHMYnb3SW3c"},"_type":1,"_sizeMode":0}],"_contentSize":{"__type__":"cc.Size","width":300,"height":60},"_position":{"__type__":"cc.Vec3","x":240,"y":-20},"_scale":{"__type__":"cc.Vec3","x":1,"y":1,"z":1},"_localZOrder":1225},{"__type__":"cc.Node","_name":"Label","_parent":{"__id__":21},"_components":[{"__type__":"cc.Label","node":{"__id__":22},"_useOriginalSize":false,"_string":"Add Item","_N$string":"Add Item","_fontSize":20,"_enableWrapText":false,"_N$horizontalAlign":1,"_N$verticalAlign":1}],"_contentSize":{"__type__":"cc.Size","width":80.04,"height":40},"_position":{"__type__":"cc.Vec3","x":-1},"_scale":{"__type__":"cc.Vec3","x":1,"y":1,"z":1},"_localZOrder":1226},{"__type__":"cc.Button","node":{"__id__":24},"transition":2,"pressedColor":{"__type__":"cc.Color","r":255,"g":255,"b":255},"clickEvents":[{"__type__":"cc.ClickEvent","target":{"__id__":13},"component":"ListViewCtrl","handler":"removeItem"}],"_N$enableAutoGrayEffect":true,"_N$normalColor":{"__type__":"cc.Color","r":255,"g":255,"b":255},"_N$disabledColor":{"__type__":"cc.Color","r":255,"g":255,"b":255},"_N$normalSprite":{"__uuid__":"cbeekrK2tERZHMYnb3SW3c"},"_N$pressedSprite":{"__uuid__":"bancX3RatP9b6Sl8enO4rV"},"pressedSprite":{"__uuid__":"bancX3RatP9b6Sl8enO4rV"},"_N$hoverSprite":{"__uuid__":"cbeekrK2tERZHMYnb3SW3c"},"hoverSprite":{"__uuid__":"cbeekrK2tERZHMYnb3SW3c"},"_N$disabledSprite":{"__uuid__":"bancX3RatP9b6Sl8enO4rV"},"_N$target":{"__id__":24}},{"__type__":"cc.Node","_name":"RemoveItem","_parent":{"__id__":2},"_children":[{"__id__":25}],"_components":[{"__id__":23},{"__type__":"cc.Sprite","node":{"__id__":24},"_spriteFrame":{"__uuid__":"cbeekrK2tERZHMYnb3SW3c"},"_type":1,"_sizeMode":0}],"_contentSize":{"__type__":"cc.Size","width":300,"height":60},"_position":{"__type__":"cc.Vec3","x":240,"y":-103},"_scale":{"__type__":"cc.Vec3","x":1,"y":1,"z":1},"_localZOrder":1227},{"__type__":"cc.Node","_name":"Label","_parent":{"__id__":24},"_components":[{"__type__":"cc.Label","node":{"__id__":25},"_useOriginalSize":false,"_string":"Remove Item","_N$string":"Remove Item","_fontSize":20,"_enableWrapText":false,"_N$horizontalAlign":1,"_N$verticalAlign":1}],"_contentSize":{"__type__":"cc.Size","width":118.93,"height":40},"_position":{"__type__":"cc.Vec3","x":-1},"_scale":{"__type__":"cc.Vec3","x":1,"y":1,"z":1},"_localZOrder":1228},{"__type__":"cc.Button","node":{"__id__":27},"transition":2,"pressedColor":{"__type__":"cc.Color","r":255,"g":255,"b":255},"clickEvents":[{"__type__":"cc.ClickEvent","target":{"__id__":13},"component":"ListViewCtrl","handler":"scrollToFixedPosition"}],"_N$enableAutoGrayEffect":true,"_N$normalColor":{"__type__":"cc.Color","r":255,"g":255,"b":255},"_N$disabledColor":{"__type__":"cc.Color","r":255,"g":255,"b":255},"_N$normalSprite":{"__uuid__":"cbeekrK2tERZHMYnb3SW3c"},"_N$pressedSprite":{"__uuid__":"bancX3RatP9b6Sl8enO4rV"},"pressedSprite":{"__uuid__":"bancX3RatP9b6Sl8enO4rV"},"_N$hoverSprite":{"__uuid__":"cbeekrK2tERZHMYnb3SW3c"},"hoverSprite":{"__uuid__":"cbeekrK2tERZHMYnb3SW3c"},"_N$disabledSprite":{"__uuid__":"bancX3RatP9b6Sl8enO4rV"},"_N$target":{"__id__":27}},{"__type__":"cc.Node","_name":"JumpToPosition","_parent":{"__id__":2},"_children":[{"__id__":28}],"_components":[{"__id__":26},{"__type__":"cc.Sprite","node":{"__id__":27},"_spriteFrame":{"__uuid__":"cbeekrK2tERZHMYnb3SW3c"},"_type":1,"_sizeMode":0}],"_contentSize":{"__type__":"cc.Size","width":300,"height":60},"_position":{"__type__":"cc.Vec3","x":240,"y":-183},"_scale":{"__type__":"cc.Vec3","x":1,"y":1,"z":1},"_localZOrder":1229},{"__type__":"cc.Node","_name":"Label","_parent":{"__id__":27},"_components":[{"__id__":29}],"_contentSize":{"__type__":"cc.Size","width":191.22,"height":40},"_position":{"__type__":"cc.Vec3","x":-1},"_scale":{"__type__":"cc.Vec3","x":1,"y":1,"z":1},"_localZOrder":1230},{"__type__":"cc.Label","node":{"__id__":28},"_useOriginalSize":false,"_string":"Jump To Position 500","_N$string":"Jump To Position 500","_fontSize":20,"_N$horizontalAlign":1,"_N$verticalAlign":1}],{"__type__":"cc.SpriteFrame","content":{"name":"scrollview_bg","texture":"06gADN5K1HtoY06kxf4R9N","rect":[0,0,14,14],"offset":[0,0],"originalSize":[14,14],"capInsets":[5,5,5,5]}},{"__type__":"cc.SpriteFrame","content":{"name":"btn_pressed","texture":"e8Mstb/RhJRYtVfmIFGaJg","rect":[0,0,194,68],"offset":[0,0],"originalSize":[194,68]}},{"__type__":"cc.SpriteFrame","content":{"name":"btn_normal","texture":"7a/zKdXVNGWYopVAO8wQSg","rect":[0,0,194,68],"offset":[0,0],"originalSize":[194,68]}},{"__type__":"cc.SpriteFrame","content":{"name":"scrollview_bar","texture":"536EBdhm9HcZIdHAWeiEnO","rect":[0,0,19,57],"offset":[0,0],"originalSize":[19,57],"capInsets":[7,8,7,8]}}]