[{"__type__":"cc.SpriteFrame","content":{"name":"sheep_run_2","texture":"00QO+E6hpHoauGJ0IOp2Gb","rect":[1,1,180,117],"offset":[1,11],"originalSize":[228,159]}},{"__type__":"cc.SpriteFrame","content":{"name":"sheep_run_1","texture":"00QO+E6hpHoauGJ0IOp2Gb","rect":[183,1,178,117],"offset":[1,2],"originalSize":[228,159]}},{"__type__":"cc.SpriteAtlas","_name":"atlas.plist","_spriteFrames":{"sheep_run_0":{"__uuid__":"f55IYb/RdD2afBwk25XSJh"},"sheep_run_1":{"__uuid__":"a8wKKol6JBjYFROaGtbh+q"},"sheep_run_2":{"__uuid__":"7eFjeLj0pMrLOcQMt1xcqO"},"sheep_run_3":{"__uuid__":"e8ucg5xIlKuo+A+z1lNbhQ"}}},{"__type__":"cc.SpriteFrame","content":{"name":"sheep_run_3","texture":"00QO+E6hpHoauGJ0IOp2Gb","rect":[363,1,180,115],"offset":[2,1],"originalSize":[228,159]}},{"__type__":"cc.SpriteFrame","content":{"name":"sheep_run_0","texture":"00QO+E6hpHoauGJ0IOp2Gb","rect":[545,1,170,115],"offset":[-4,0],"originalSize":[228,159]}}]