[{"__type__":"cc.SpriteFrame","content":{"name":"shuzibiaoqian03","texture":"bdZJvQ2alOdIKJ8a14Vu+4","rect":[0,1,170,23],"offset":[0,-0.5],"originalSize":[170,24]}},{"__type__":"cc.LabelAtlas","_name":"shuzibiaoqian03","spriteFrame":{"__uuid__":"01NcXJXi9Hxa4OVTCoWY+N"},"fontSize":21.12,"_fntConfig":{"commonHeight":24,"fontSize":21,"atlasName":"shuzibiaoqian03","fontDefDictionary":{"48":{"rect":{"x":0,"y":0,"width":17,"height":24},"xOffset":0,"yOffset":0,"xAdvance":17},"49":{"rect":{"x":17,"y":0,"width":17,"height":24},"xOffset":0,"yOffset":0,"xAdvance":17},"50":{"rect":{"x":34,"y":0,"width":17,"height":24},"xOffset":0,"yOffset":0,"xAdvance":17},"51":{"rect":{"x":51,"y":0,"width":17,"height":24},"xOffset":0,"yOffset":0,"xAdvance":17},"52":{"rect":{"x":68,"y":0,"width":17,"height":24},"xOffset":0,"yOffset":0,"xAdvance":17},"53":{"rect":{"x":85,"y":0,"width":17,"height":24},"xOffset":0,"yOffset":0,"xAdvance":17},"54":{"rect":{"x":102,"y":0,"width":17,"height":24},"xOffset":0,"yOffset":0,"xAdvance":17},"55":{"rect":{"x":119,"y":0,"width":17,"height":24},"xOffset":0,"yOffset":0,"xAdvance":17},"56":{"rect":{"x":136,"y":0,"width":17,"height":24},"xOffset":0,"yOffset":0,"xAdvance":17},"57":{"rect":{"x":153,"y":0,"width":17,"height":24},"xOffset":0,"yOffset":0,"xAdvance":17}},"kerningDict":{}}}]