[{"__type__":"cc.SpriteFrame","content":{"name":"singleColor","texture":"1bags8Kg5BCpWrU9yaA6Ng","rect":[0,0,2,2],"offset":[0,0],"originalSize":[2,2]}},[{"__type__":"cc.SceneAsset","_name":"TTFFontLabel","scene":{"__id__":1},"asyncLoadAssets":null},{"__type__":"cc.Scene","_name":"New Node","_children":[{"__id__":2}],"_anchorPoint":{"__type__":"cc.Vec2"},"_scale":{"__type__":"cc.Vec3","x":0.5834397693068261,"y":0.5834397693068261,"z":1},"_localZOrder":390,"autoReleaseAssets":false},{"__type__":"cc.Node","_name":"Canvas","_parent":{"__id__":1},"_children":[{"__id__":3},{"__id__":4},{"__id__":5},{"__id__":6},{"__id__":16},{"__id__":26}],"_components":[{"__type__":"cc.Canvas","node":{"__id__":2}}],"_contentSize":{"__type__":"cc.Size","width":960,"height":640},"_position":{"__type__":"cc.Vec3","x":480,"y":320},"_scale":{"__type__":"cc.Vec3","x":1,"y":1,"z":1},"_localZOrder":391,"_id":"1c77cL2HbNJg58Dqy4oN+t+"},{"__type__":"cc.Node","_name":"Main Camera","_parent":{"__id__":2},"_level":1,"_components":[{"__type__":"cc.Camera","node":{"__id__":3},"_clearFlags":3,"_depth":-1}],"_scale":{"__type__":"cc.Vec3","x":1,"y":1,"z":1},"_localZOrder":392},{"__type__":"cc.Node","_name":"Background","_parent":{"__id__":2},"_components":[{"__type__":"cc.Sprite","node":{"__id__":4},"_spriteFrame":{"__uuid__":"0aoLNsxKlM4qs77+3nCObU"},"_sizeMode":0},{"__type__":"cc.Widget","node":{"__id__":4},"alignMode":2,"_alignFlags":45,"_originalWidth":960,"_originalHeight":640}],"_prefab":{"__type__":"cc.PrefabInfo","root":{"__id__":4},"asset":{"__uuid__":"b8OSNRvpdPAZhePn0hGPPJ"},"fileId":"78fd70+ls5GgJcFkzvLSRk8"},"_color":{"__type__":"cc.Color","r":57,"g":61,"b":64},"_contentSize":{"__type__":"cc.Size","width":960,"height":640},"_scale":{"__type__":"cc.Vec3","x":1,"y":1,"z":1},"_localZOrder":393},{"__type__":"cc.Node","_name":"Title","_parent":{"__id__":2},"_components":[{"__type__":"cc.Label","node":{"__id__":5},"_useOriginalSize":false,"_string":"TTF Font","_N$string":"TTF Font","_fontSize":50,"_lineHeight":50,"_N$file":{"__uuid__":"5bnLwjdrNB/5lTQhn9vqcs"},"_isSystemFontUsed":false,"_N$horizontalAlign":1,"_N$verticalAlign":1},{"__type__":"cc.Widget","node":{"__id__":5},"alignMode":0,"_alignFlags":1,"_top":68.27999999999997}],"_contentSize":{"__type__":"cc.Size","width":203.96,"height":50},"_position":{"__type__":"cc.Vec3","y":226.72000000000003},"_scale":{"__type__":"cc.Vec3","x":1,"y":1,"z":1},"_localZOrder":394},{"__type__":"cc.Node","_name":"Wrap","_parent":{"__id__":2},"_children":[{"__id__":7},{"__id__":8},{"__id__":12}],"_position":{"__type__":"cc.Vec3","x":-207,"y":91},"_scale":{"__type__":"cc.Vec3","x":1,"y":1,"z":1},"_localZOrder":395},{"__type__":"cc.Node","_name":"Wrap_Title","_parent":{"__id__":6},"_components":[{"__type__":"cc.Label","node":{"__id__":7},"_useOriginalSize":false,"_string":"Wrap","_N$string":"Wrap","_fontSize":25,"_N$file":{"__uuid__":"5bnLwjdrNB/5lTQhn9vqcs"},"_isSystemFontUsed":false,"_N$horizontalAlign":1,"_N$verticalAlign":1}],"_contentSize":{"__type__":"cc.Size","width":61.85,"height":40},"_position":{"__type__":"cc.Vec3","y":82},"_scale":{"__type__":"cc.Vec3","x":1,"y":1,"z":1},"_localZOrder":396},{"__type__":"cc.Node","_name":"CLAMP","_parent":{"__id__":6},"_children":[{"__id__":9},{"__id__":10},{"__id__":11}],"_position":{"__type__":"cc.Vec3","x":-110},"_scale":{"__type__":"cc.Vec3","x":1,"y":1,"z":1},"_localZOrder":397},{"__type__":"cc.Node","_name":"Background","_parent":{"__id__":8},"_components":[{"__type__":"cc.Sprite","node":{"__id__":9},"_spriteFrame":{"__uuid__":"c0GPA1PjJA7bli4XEgVjPQ"},"_type":1,"_sizeMode":0}],"_color":{"__type__":"cc.Color","r":87,"g":87,"b":87},"_contentSize":{"__type__":"cc.Size","width":200,"height":80},"_scale":{"__type__":"cc.Vec3","x":1,"y":1,"z":1},"_localZOrder":398},{"__type__":"cc.Node","_name":"Label","_parent":{"__id__":8},"_components":[{"__type__":"cc.Label","node":{"__id__":10},"_useOriginalSize":false,"_string":"This is TTF Font","_N$string":"This is TTF Font","_fontSize":33,"_N$file":{"__uuid__":"5bnLwjdrNB/5lTQhn9vqcs"},"_isSystemFontUsed":false,"_N$horizontalAlign":1,"_N$verticalAlign":1,"_N$overflow":1}],"_contentSize":{"__type__":"cc.Size","width":190,"height":60},"_scale":{"__type__":"cc.Vec3","x":1,"y":1,"z":1},"_localZOrder":399},{"__type__":"cc.Node","_name":"Tips","_parent":{"__id__":8},"_components":[{"__type__":"cc.Label","node":{"__id__":11},"_useOriginalSize":false,"_string":"Overflow: CLAMP","_N$string":"Overflow: CLAMP","_fontSize":20,"_lineHeight":25,"_N$file":{"__uuid__":"5bnLwjdrNB/5lTQhn9vqcs"},"_isSystemFontUsed":false,"_N$verticalAlign":1}],"_contentSize":{"__type__":"cc.Size","width":162.77,"height":25},"_position":{"__type__":"cc.Vec3","y":-65.6},"_scale":{"__type__":"cc.Vec3","x":1,"y":1,"z":1},"_localZOrder":400},{"__type__":"cc.Node","_name":"SHRINK","_parent":{"__id__":6},"_children":[{"__id__":13},{"__id__":14},{"__id__":15}],"_position":{"__type__":"cc.Vec3","x":110},"_scale":{"__type__":"cc.Vec3","x":1,"y":1,"z":1},"_localZOrder":401},{"__type__":"cc.Node","_name":"Background","_parent":{"__id__":12},"_components":[{"__type__":"cc.Sprite","node":{"__id__":13},"_spriteFrame":{"__uuid__":"c0GPA1PjJA7bli4XEgVjPQ"},"_type":1,"_sizeMode":0}],"_color":{"__type__":"cc.Color","r":87,"g":87,"b":87},"_contentSize":{"__type__":"cc.Size","width":200,"height":80},"_scale":{"__type__":"cc.Vec3","x":1,"y":1,"z":1},"_localZOrder":402},{"__type__":"cc.Node","_name":"Label","_parent":{"__id__":12},"_components":[{"__type__":"cc.Label","node":{"__id__":14},"_useOriginalSize":false,"_string":"This is TTF Font","_N$string":"This is TTF Font","_fontSize":25,"_N$file":{"__uuid__":"5bnLwjdrNB/5lTQhn9vqcs"},"_isSystemFontUsed":false,"_N$horizontalAlign":1,"_N$verticalAlign":1,"_N$overflow":2}],"_contentSize":{"__type__":"cc.Size","width":190,"height":60},"_scale":{"__type__":"cc.Vec3","x":1,"y":1,"z":1},"_localZOrder":403},{"__type__":"cc.Node","_name":"Tips","_parent":{"__id__":12},"_components":[{"__type__":"cc.Label","node":{"__id__":15},"_useOriginalSize":false,"_string":"Overflow: SHRINK","_N$string":"Overflow: SHRINK","_fontSize":20,"_lineHeight":25,"_N$file":{"__uuid__":"5bnLwjdrNB/5lTQhn9vqcs"},"_isSystemFontUsed":false,"_N$verticalAlign":1}],"_contentSize":{"__type__":"cc.Size","width":170.03,"height":25},"_position":{"__type__":"cc.Vec3","y":-64.7},"_scale":{"__type__":"cc.Vec3","x":1,"y":1,"z":1},"_localZOrder":404},{"__type__":"cc.Node","_name":"No_Wrap","_parent":{"__id__":2},"_children":[{"__id__":17},{"__id__":18},{"__id__":22}],"_position":{"__type__":"cc.Vec3","x":-207,"y":-118},"_scale":{"__type__":"cc.Vec3","x":1,"y":1,"z":1},"_localZOrder":405},{"__type__":"cc.Node","_name":"No_Wrap_Title","_parent":{"__id__":16},"_components":[{"__type__":"cc.Label","node":{"__id__":17},"_useOriginalSize":false,"_string":"No Wrap","_N$string":"No Wrap","_fontSize":25,"_N$file":{"__uuid__":"5bnLwjdrNB/5lTQhn9vqcs"},"_isSystemFontUsed":false,"_N$horizontalAlign":1,"_N$verticalAlign":1}],"_contentSize":{"__type__":"cc.Size","width":103.11,"height":40},"_position":{"__type__":"cc.Vec3","y":82},"_scale":{"__type__":"cc.Vec3","x":1,"y":1,"z":1},"_localZOrder":406},{"__type__":"cc.Node","_name":"CLAMP","_parent":{"__id__":16},"_children":[{"__id__":19},{"__id__":20},{"__id__":21}],"_position":{"__type__":"cc.Vec3","x":-110},"_scale":{"__type__":"cc.Vec3","x":1,"y":1,"z":1},"_localZOrder":407},{"__type__":"cc.Node","_name":"Background","_parent":{"__id__":18},"_components":[{"__type__":"cc.Sprite","node":{"__id__":19},"_spriteFrame":{"__uuid__":"c0GPA1PjJA7bli4XEgVjPQ"},"_type":1,"_sizeMode":0}],"_color":{"__type__":"cc.Color","r":87,"g":87,"b":87},"_contentSize":{"__type__":"cc.Size","width":200,"height":80},"_scale":{"__type__":"cc.Vec3","x":1,"y":1,"z":1},"_localZOrder":408},{"__type__":"cc.Node","_name":"Label","_parent":{"__id__":18},"_components":[{"__type__":"cc.Label","node":{"__id__":20},"_useOriginalSize":false,"_string":"This is TTF Font","_N$string":"This is TTF Font","_fontSize":25,"_enableWrapText":false,"_N$file":{"__uuid__":"5bnLwjdrNB/5lTQhn9vqcs"},"_isSystemFontUsed":false,"_N$horizontalAlign":1,"_N$verticalAlign":1,"_N$overflow":1}],"_contentSize":{"__type__":"cc.Size","width":190,"height":60},"_scale":{"__type__":"cc.Vec3","x":1,"y":1,"z":1},"_localZOrder":409},{"__type__":"cc.Node","_name":"Tips","_parent":{"__id__":18},"_components":[{"__type__":"cc.Label","node":{"__id__":21},"_useOriginalSize":false,"_string":"Overflow: CLAMP","_N$string":"Overflow: CLAMP","_fontSize":20,"_lineHeight":25,"_N$file":{"__uuid__":"5bnLwjdrNB/5lTQhn9vqcs"},"_isSystemFontUsed":false,"_N$verticalAlign":1}],"_contentSize":{"__type__":"cc.Size","width":162.77,"height":25},"_position":{"__type__":"cc.Vec3","y":-65.6},"_scale":{"__type__":"cc.Vec3","x":1,"y":1,"z":1},"_localZOrder":410},{"__type__":"cc.Node","_name":"SHRINK","_parent":{"__id__":16},"_children":[{"__id__":23},{"__id__":24},{"__id__":25}],"_position":{"__type__":"cc.Vec3","x":110},"_scale":{"__type__":"cc.Vec3","x":1,"y":1,"z":1},"_localZOrder":411},{"__type__":"cc.Node","_name":"Background","_parent":{"__id__":22},"_components":[{"__type__":"cc.Sprite","node":{"__id__":23},"_spriteFrame":{"__uuid__":"c0GPA1PjJA7bli4XEgVjPQ"},"_type":1,"_sizeMode":0}],"_color":{"__type__":"cc.Color","r":87,"g":87,"b":87},"_contentSize":{"__type__":"cc.Size","width":200,"height":80},"_scale":{"__type__":"cc.Vec3","x":1,"y":1,"z":1},"_localZOrder":412},{"__type__":"cc.Node","_name":"Label","_parent":{"__id__":22},"_components":[{"__type__":"cc.Label","node":{"__id__":24},"_useOriginalSize":false,"_string":"This is TTF Font","_N$string":"This is TTF Font","_fontSize":22,"_enableWrapText":false,"_N$file":{"__uuid__":"5bnLwjdrNB/5lTQhn9vqcs"},"_isSystemFontUsed":false,"_N$horizontalAlign":1,"_N$verticalAlign":1,"_N$overflow":2}],"_contentSize":{"__type__":"cc.Size","width":190,"height":60},"_scale":{"__type__":"cc.Vec3","x":1,"y":1,"z":1},"_localZOrder":413},{"__type__":"cc.Node","_name":"Tips","_parent":{"__id__":22},"_components":[{"__type__":"cc.Label","node":{"__id__":25},"_useOriginalSize":false,"_string":"Overflow: SHRINK","_N$string":"Overflow: SHRINK","_fontSize":20,"_lineHeight":25,"_N$file":{"__uuid__":"5bnLwjdrNB/5lTQhn9vqcs"},"_isSystemFontUsed":false,"_N$verticalAlign":1}],"_contentSize":{"__type__":"cc.Size","width":170.03,"height":25},"_position":{"__type__":"cc.Vec3","y":-64.7},"_scale":{"__type__":"cc.Vec3","x":1,"y":1,"z":1},"_localZOrder":414},{"__type__":"cc.Node","_name":"RESIZE_HEIGHT","_parent":{"__id__":2},"_children":[{"__id__":27},{"__id__":28},{"__id__":29}],"_position":{"__type__":"cc.Vec3","x":248},"_scale":{"__type__":"cc.Vec3","x":1,"y":1,"z":1},"_localZOrder":415},{"__type__":"cc.Node","_name":"Background","_parent":{"__id__":26},"_components":[{"__type__":"cc.Sprite","node":{"__id__":27},"_spriteFrame":{"__uuid__":"c0GPA1PjJA7bli4XEgVjPQ"},"_type":1,"_sizeMode":0}],"_color":{"__type__":"cc.Color","r":87,"g":87,"b":87},"_contentSize":{"__type__":"cc.Size","width":200,"height":130},"_scale":{"__type__":"cc.Vec3","x":1,"y":1,"z":1},"_localZOrder":416},{"__type__":"cc.Node","_name":"Label","_parent":{"__id__":26},"_components":[{"__type__":"cc.Label","node":{"__id__":28},"_useOriginalSize":false,"_string":"Hello! Welcome Come To Cocos Creator","_N$string":"Hello! Welcome Come To Cocos Creator","_fontSize":25,"_N$file":{"__uuid__":"5bnLwjdrNB/5lTQhn9vqcs"},"_isSystemFontUsed":false,"_N$horizontalAlign":1,"_N$verticalAlign":1,"_N$overflow":3}],"_contentSize":{"__type__":"cc.Size","width":200,"height":120},"_scale":{"__type__":"cc.Vec3","x":1,"y":1,"z":1},"_localZOrder":417},{"__type__":"cc.Node","_name":"Tips","_parent":{"__id__":26},"_components":[{"__type__":"cc.Label","node":{"__id__":29},"_useOriginalSize":false,"_string":"Overflow: RESZIE_HEIGHT","_N$string":"Overflow: RESZIE_HEIGHT","_fontSize":20,"_lineHeight":50,"_N$file":{"__uuid__":"5bnLwjdrNB/5lTQhn9vqcs"},"_isSystemFontUsed":false,"_N$horizontalAlign":1,"_N$verticalAlign":1}],"_contentSize":{"__type__":"cc.Size","width":238.82,"height":50},"_position":{"__type__":"cc.Vec3","y":-99.7},"_scale":{"__type__":"cc.Vec3","x":1,"y":1,"z":1},"_localZOrder":418}],{"__type__":"cc.TTFFont","_name":"Fontin-SmallCaps","_native":"Fontin-SmallCaps.ttf"},{"__type__":"cc.SpriteFrame","content":{"name":"bg","texture":"5cSEe6cUVByreKJqRNvahb","rect":[0,0,14,14],"offset":[0,0],"originalSize":[14,14],"capInsets":[5,5,5,5]}}]