[{"__type__":"cc.SpriteFrame","content":{"name":"singleColor","texture":"1bags8Kg5BCpWrU9yaA6Ng","rect":[0,0,2,2],"offset":[0,0],"originalSize":[2,2]}},{"__type__":"cc.Asset","_name":"cocosvideo","_native":".mp4"},[{"__type__":"cc.SceneAsset","_name":"videoPlayer","scene":{"__id__":1},"asyncLoadAssets":null},{"__type__":"cc.Scene","_name":"New Node","_children":[{"__id__":2},{"__id__":11}],"_anchorPoint":{"__type__":"cc.Vec2"},"_scale":{"__type__":"cc.Vec3","x":0.6364583333333333,"y":0.6364583333333333,"z":1},"_localZOrder":999,"autoReleaseAssets":true},{"__type__":"cc.Node","_name":"Canvas","_parent":{"__id__":1},"_children":[{"__id__":3},{"__id__":4},{"__id__":5},{"__id__":6},{"__id__":7},{"__id__":9},{"__id__":16},{"__id__":15},{"__id__":17},{"__id__":24},{"__id__":26},{"__id__":28},{"__id__":30},{"__id__":13}],"_components":[{"__type__":"cc.Canvas","node":{"__id__":2}}],"_contentSize":{"__type__":"cc.Size","width":960,"height":640},"_position":{"__type__":"cc.Vec3","x":480,"y":320},"_scale":{"__type__":"cc.Vec3","x":1,"y":1,"z":1},"_localZOrder":1000,"_id":"a06a31K1XRMWoS6temxzSRS"},{"__type__":"cc.Node","_name":"Main Camera","_parent":{"__id__":2},"_level":1,"_components":[{"__type__":"cc.Camera","node":{"__id__":3},"_clearFlags":3,"_depth":-1}],"_scale":{"__type__":"cc.Vec3","x":1,"y":1,"z":1},"_localZOrder":1001},{"__type__":"cc.Node","_name":"Background","_parent":{"__id__":2},"_components":[{"__type__":"cc.Sprite","node":{"__id__":4},"_spriteFrame":{"__uuid__":"0aoLNsxKlM4qs77+3nCObU"},"_sizeMode":0},{"__type__":"cc.Widget","node":{"__id__":4},"alignMode":2,"_alignFlags":45,"_left":-1,"_right":1,"_top":-1,"_bottom":1,"_originalWidth":960,"_originalHeight":640}],"_prefab":{"__type__":"cc.PrefabInfo","root":{"__id__":4},"asset":{"__uuid__":"b8OSNRvpdPAZhePn0hGPPJ"},"fileId":"78fd70+ls5GgJcFkzvLSRk8"},"_color":{"__type__":"cc.Color","r":57,"g":61,"b":64},"_contentSize":{"__type__":"cc.Size","width":960,"height":640},"_position":{"__type__":"cc.Vec3","x":-1,"y":1},"_scale":{"__type__":"cc.Vec3","x":1,"y":1,"z":1},"_localZOrder":1002},{"__type__":"cc.Node","_name":"Description","_parent":{"__id__":2},"_components":[{"__type__":"cc.Label","node":{"__id__":5},"_useOriginalSize":false,"_string":"Click Video to Pause and Play","_N$string":"Click Video to Pause and Play","_fontSize":30,"_lineHeight":30,"_N$horizontalAlign":1,"_N$verticalAlign":1}],"_color":{"__type__":"cc.Color","r":33,"g":184,"b":39},"_contentSize":{"__type__":"cc.Size","width":401.35,"height":30},"_position":{"__type__":"cc.Vec3","x":-31,"y":78},"_scale":{"__type__":"cc.Vec3","x":1,"y":1,"z":1},"_localZOrder":1003},{"__type__":"cc.Node","_name":"currentTimeTitle","_parent":{"__id__":2},"_components":[{"__type__":"cc.Label","node":{"__id__":6},"_useOriginalSize":false,"_string":"CurrentTime:","_N$string":"CurrentTime:","_fontSize":20,"_lineHeight":20,"_N$horizontalAlign":1,"_N$verticalAlign":1}],"_contentSize":{"__type__":"cc.Size","width":115.95,"height":20},"_position":{"__type__":"cc.Vec3","x":-185,"y":130},"_scale":{"__type__":"cc.Vec3","x":1,"y":1,"z":1},"_localZOrder":1004},{"__type__":"cc.Node","_name":"currentTime","_parent":{"__id__":2},"_components":[{"__id__":8}],"_contentSize":{"__type__":"cc.Size","width":80,"height":20},"_position":{"__type__":"cc.Vec3","x":-68,"y":130},"_scale":{"__type__":"cc.Vec3","x":1,"y":1,"z":1},"_localZOrder":1005},{"__type__":"cc.Label","node":{"__id__":7},"_useOriginalSize":false,"_string":"0","_N$string":"0","_fontSize":20,"_lineHeight":20,"_N$horizontalAlign":1,"_N$verticalAlign":1,"_N$overflow":2},{"__type__":"cc.Node","_name":"VideoPlayer","_parent":{"__id__":2},"_components":[{"__id__":10}],"_contentSize":{"__type__":"cc.Size","width":353,"height":291},"_position":{"__type__":"cc.Vec3","x":-24,"y":-80},"_scale":{"__type__":"cc.Vec3","x":1,"y":1,"z":1},"_localZOrder":1006},{"__type__":"cc.VideoPlayer","node":{"__id__":9},"_resourceType":1,"_remoteURL":"http://benchmark.cocos2d-x.org/cocosvideo.mp4","_clip":{"__uuid__":"7bkpgbqupMd7htAUKZGsM0"},"_volume":0.5,"videoPlayerEvent":[{"__type__":"cc.ClickEvent","target":{"__id__":11},"component":"VideoPlayerCtrl","handler":"onVideoPlayerEvent"}],"_N$keepAspectRatio":false},{"__type__":"cc.Node","_name":"VideoPlayerCtrl","_parent":{"__id__":1},"_components":[{"__type__":"100b5UtyNJLNaih42ednEgN","node":{"__id__":11},"videoPlayer":{"__id__":10},"statusLabel":{"__id__":12},"currentTime":{"__id__":8},"totalTime":{"__id__":14}}],"_scale":{"__type__":"cc.Vec3","x":1,"y":1,"z":1},"_localZOrder":1025,"_id":"be7dbq+rJdLG7+MM/EH0/dn"},{"__type__":"cc.Label","node":{"__id__":13},"_useOriginalSize":false,"_string":6,"_N$string":6,"_fontSize":30,"_enableWrapText":false,"_N$horizontalAlign":1,"_N$verticalAlign":1,"_N$overflow":2},{"__type__":"cc.Node","_name":"Status","_parent":{"__id__":2},"_components":[{"__id__":12}],"_color":{"__type__":"cc.Color","r":247,"g":239,"b":239},"_contentSize":{"__type__":"cc.Size","width":190,"height":40},"_position":{"__type__":"cc.Vec3","x":346,"y":162},"_scale":{"__type__":"cc.Vec3","x":1,"y":1,"z":1},"_localZOrder":1024},{"__type__":"cc.Label","node":{"__id__":15},"_useOriginalSize":false,"_string":"59.86","_N$string":"59.86","_fontSize":20,"_lineHeight":20,"_N$horizontalAlign":1,"_N$verticalAlign":1,"_N$overflow":2},{"__type__":"cc.Node","_name":"totalTime","_parent":{"__id__":2},"_components":[{"__id__":14}],"_contentSize":{"__type__":"cc.Size","width":131,"height":20},"_position":{"__type__":"cc.Vec3","x":177,"y":128},"_scale":{"__type__":"cc.Vec3","x":1,"y":1,"z":1},"_localZOrder":1008},{"__type__":"cc.Node","_name":"totalTimeTitle","_parent":{"__id__":2},"_components":[{"__type__":"cc.Label","node":{"__id__":16},"_useOriginalSize":false,"_string":"TotalTime:","_N$string":"TotalTime:","_fontSize":20,"_lineHeight":20,"_N$horizontalAlign":1,"_N$verticalAlign":1}],"_contentSize":{"__type__":"cc.Size","width":91.5,"height":20},"_position":{"__type__":"cc.Vec3","x":40,"y":130},"_scale":{"__type__":"cc.Vec3","x":1,"y":1,"z":1},"_localZOrder":1007},{"__type__":"cc.Node","_name":"HBox","_parent":{"__id__":2},"_children":[{"__id__":18},{"__id__":20},{"__id__":22}],"_level":1,"_components":[{"__type__":"cc.Layout","node":{"__id__":17},"_layoutSize":{"__type__":"cc.Size","width":446,"height":40},"_resize":1,"_N$layoutType":1,"_N$spacingX":28}],"_color":{"__type__":"cc.Color","r":167,"g":167,"b":167},"_contentSize":{"__type__":"cc.Size","width":446,"height":40},"_position":{"__type__":"cc.Vec3","y":194},"_scale":{"__type__":"cc.Vec3","x":1,"y":1,"z":1},"_localZOrder":1009},{"__type__":"cc.Node","_name":"Play","_parent":{"__id__":17},"_children":[{"__id__":19}],"_components":[{"__type__":"cc.Sprite","node":{"__id__":18},"_spriteFrame":{"__uuid__":"cbeekrK2tERZHMYnb3SW3c"},"_type":1,"_sizeMode":0},{"__type__":"cc.Button","node":{"__id__":18},"transition":2,"pressedColor":{"__type__":"cc.Color","r":255,"g":255,"b":255},"clickEvents":[{"__type__":"cc.ClickEvent","target":{"__id__":11},"component":"VideoPlayerCtrl","handler":"play"}],"_N$normalColor":{"__type__":"cc.Color","r":255,"g":255,"b":255},"_N$disabledColor":{"__type__":"cc.Color","r":255,"g":255,"b":255},"_N$normalSprite":{"__uuid__":"cbeekrK2tERZHMYnb3SW3c"},"_N$pressedSprite":{"__uuid__":"bancX3RatP9b6Sl8enO4rV"},"pressedSprite":{"__uuid__":"bancX3RatP9b6Sl8enO4rV"},"_N$hoverSprite":{"__uuid__":"cbeekrK2tERZHMYnb3SW3c"},"hoverSprite":{"__uuid__":"cbeekrK2tERZHMYnb3SW3c"},"_N$disabledSprite":{"__uuid__":"cbeekrK2tERZHMYnb3SW3c"},"_N$target":{"__id__":18}}],"_contentSize":{"__type__":"cc.Size","width":130,"height":50},"_position":{"__type__":"cc.Vec3","x":-158},"_scale":{"__type__":"cc.Vec3","x":1,"y":1,"z":1},"_localZOrder":1010},{"__type__":"cc.Node","_name":"Label","_parent":{"__id__":18},"_components":[{"__type__":"cc.Label","node":{"__id__":19},"_useOriginalSize":false,"_string":"Play","_N$string":"Play","_fontSize":20,"_enableWrapText":false,"_N$horizontalAlign":1,"_N$verticalAlign":1,"_N$overflow":1}],"_contentSize":{"__type__":"cc.Size","width":100,"height":40},"_scale":{"__type__":"cc.Vec3","x":1,"y":1,"z":1},"_localZOrder":1011},{"__type__":"cc.Node","_name":"Pause","_parent":{"__id__":17},"_children":[{"__id__":21}],"_components":[{"__type__":"cc.Sprite","node":{"__id__":20},"_spriteFrame":{"__uuid__":"cbeekrK2tERZHMYnb3SW3c"},"_type":1,"_sizeMode":0},{"__type__":"cc.Button","node":{"__id__":20},"transition":2,"pressedColor":{"__type__":"cc.Color","r":255,"g":255,"b":255},"clickEvents":[{"__type__":"cc.ClickEvent","target":{"__id__":11},"component":"VideoPlayerCtrl","handler":"pause"}],"_N$normalColor":{"__type__":"cc.Color","r":255,"g":255,"b":255},"_N$disabledColor":{"__type__":"cc.Color","r":255,"g":255,"b":255},"_N$normalSprite":{"__uuid__":"cbeekrK2tERZHMYnb3SW3c"},"_N$pressedSprite":{"__uuid__":"bancX3RatP9b6Sl8enO4rV"},"pressedSprite":{"__uuid__":"bancX3RatP9b6Sl8enO4rV"},"_N$hoverSprite":{"__uuid__":"cbeekrK2tERZHMYnb3SW3c"},"hoverSprite":{"__uuid__":"cbeekrK2tERZHMYnb3SW3c"},"_N$disabledSprite":{"__uuid__":"bancX3RatP9b6Sl8enO4rV"},"_N$target":{"__id__":20}}],"_contentSize":{"__type__":"cc.Size","width":130,"height":50},"_scale":{"__type__":"cc.Vec3","x":1,"y":1,"z":1},"_localZOrder":1012},{"__type__":"cc.Node","_name":"Label","_parent":{"__id__":20},"_components":[{"__type__":"cc.Label","node":{"__id__":21},"_useOriginalSize":false,"_string":"Pause","_N$string":"Pause","_fontSize":20,"_enableWrapText":false,"_N$horizontalAlign":1,"_N$verticalAlign":1,"_N$overflow":1}],"_contentSize":{"__type__":"cc.Size","width":100,"height":40},"_scale":{"__type__":"cc.Vec3","x":1,"y":1,"z":1},"_localZOrder":1013},{"__type__":"cc.Node","_name":"Stop","_parent":{"__id__":17},"_children":[{"__id__":23}],"_components":[{"__type__":"cc.Sprite","node":{"__id__":22},"_spriteFrame":{"__uuid__":"cbeekrK2tERZHMYnb3SW3c"},"_type":1,"_sizeMode":0},{"__type__":"cc.Button","node":{"__id__":22},"transition":2,"pressedColor":{"__type__":"cc.Color","r":255,"g":255,"b":255},"clickEvents":[{"__type__":"cc.ClickEvent","target":{"__id__":11},"component":"VideoPlayerCtrl","handler":"stop"}],"_N$normalColor":{"__type__":"cc.Color","r":255,"g":255,"b":255},"_N$disabledColor":{"__type__":"cc.Color","r":255,"g":255,"b":255},"_N$normalSprite":{"__uuid__":"cbeekrK2tERZHMYnb3SW3c"},"_N$pressedSprite":{"__uuid__":"bancX3RatP9b6Sl8enO4rV"},"pressedSprite":{"__uuid__":"bancX3RatP9b6Sl8enO4rV"},"_N$hoverSprite":{"__uuid__":"cbeekrK2tERZHMYnb3SW3c"},"hoverSprite":{"__uuid__":"cbeekrK2tERZHMYnb3SW3c"},"_N$disabledSprite":{"__uuid__":"bancX3RatP9b6Sl8enO4rV"},"_N$target":{"__id__":22}}],"_contentSize":{"__type__":"cc.Size","width":130,"height":50},"_position":{"__type__":"cc.Vec3","x":158},"_scale":{"__type__":"cc.Vec3","x":1,"y":1,"z":1},"_localZOrder":1014},{"__type__":"cc.Node","_name":"Label","_parent":{"__id__":22},"_components":[{"__type__":"cc.Label","node":{"__id__":23},"_useOriginalSize":false,"_string":"Stop","_N$string":"Stop","_fontSize":20,"_enableWrapText":false,"_N$horizontalAlign":1,"_N$verticalAlign":1,"_N$overflow":1}],"_contentSize":{"__type__":"cc.Size","width":100,"height":40},"_scale":{"__type__":"cc.Vec3","x":1,"y":1,"z":1},"_localZOrder":1015},{"__type__":"cc.Node","_name":"Visibility","_parent":{"__id__":2},"_children":[{"__id__":25}],"_components":[{"__type__":"cc.Sprite","node":{"__id__":24},"_spriteFrame":{"__uuid__":"cbeekrK2tERZHMYnb3SW3c"},"_type":1,"_sizeMode":0},{"__type__":"cc.Button","node":{"__id__":24},"transition":2,"pressedColor":{"__type__":"cc.Color","r":255,"g":255,"b":255},"clickEvents":[{"__type__":"cc.ClickEvent","target":{"__id__":11},"component":"VideoPlayerCtrl","handler":"toggleVisibility"}],"_N$normalColor":{"__type__":"cc.Color","r":255,"g":255,"b":255},"_N$disabledColor":{"__type__":"cc.Color","r":255,"g":255,"b":255},"_N$normalSprite":{"__uuid__":"cbeekrK2tERZHMYnb3SW3c"},"_N$pressedSprite":{"__uuid__":"bancX3RatP9b6Sl8enO4rV"},"pressedSprite":{"__uuid__":"bancX3RatP9b6Sl8enO4rV"},"_N$hoverSprite":{"__uuid__":"cbeekrK2tERZHMYnb3SW3c"},"hoverSprite":{"__uuid__":"cbeekrK2tERZHMYnb3SW3c"},"_N$disabledSprite":{"__uuid__":"bancX3RatP9b6Sl8enO4rV"},"_N$target":{"__id__":24}}],"_contentSize":{"__type__":"cc.Size","width":150,"height":50},"_position":{"__type__":"cc.Vec3","x":-351,"y":85},"_scale":{"__type__":"cc.Vec3","x":1,"y":1,"z":1},"_localZOrder":1016},{"__type__":"cc.Node","_name":"Label","_parent":{"__id__":24},"_components":[{"__type__":"cc.Label","node":{"__id__":25},"_useOriginalSize":false,"_string":"Visibility","_N$string":"Visibility","_fontSize":20,"_enableWrapText":false,"_N$horizontalAlign":1,"_N$verticalAlign":1,"_N$overflow":2}],"_contentSize":{"__type__":"cc.Size","width":187,"height":40},"_position":{"__type__":"cc.Vec3","x":-1,"y":2},"_scale":{"__type__":"cc.Vec3","x":1,"y":1,"z":1},"_localZOrder":1017},{"__type__":"cc.Node","_name":"Toggle_Fullscreen","_parent":{"__id__":2},"_children":[{"__id__":27}],"_components":[{"__type__":"cc.Sprite","node":{"__id__":26},"_spriteFrame":{"__uuid__":"cbeekrK2tERZHMYnb3SW3c"},"_type":1,"_sizeMode":0},{"__type__":"cc.Button","node":{"__id__":26},"transition":2,"pressedColor":{"__type__":"cc.Color","r":255,"g":255,"b":255},"clickEvents":[{"__type__":"cc.ClickEvent","target":{"__id__":11},"component":"VideoPlayerCtrl","handler":"toggleFullscreen"}],"_N$normalColor":{"__type__":"cc.Color","r":255,"g":255,"b":255},"_N$disabledColor":{"__type__":"cc.Color","r":255,"g":255,"b":255},"_N$normalSprite":{"__uuid__":"cbeekrK2tERZHMYnb3SW3c"},"_N$pressedSprite":{"__uuid__":"bancX3RatP9b6Sl8enO4rV"},"pressedSprite":{"__uuid__":"bancX3RatP9b6Sl8enO4rV"},"_N$hoverSprite":{"__uuid__":"cbeekrK2tERZHMYnb3SW3c"},"hoverSprite":{"__uuid__":"cbeekrK2tERZHMYnb3SW3c"},"_N$disabledSprite":{"__uuid__":"bancX3RatP9b6Sl8enO4rV"},"_N$target":{"__id__":26}}],"_contentSize":{"__type__":"cc.Size","width":150,"height":50},"_position":{"__type__":"cc.Vec3","x":-361,"y":-43},"_scale":{"__type__":"cc.Vec3","x":1,"y":1,"z":1},"_localZOrder":1018},{"__type__":"cc.Node","_name":"Label","_parent":{"__id__":26},"_components":[{"__type__":"cc.Label","node":{"__id__":27},"_useOriginalSize":false,"_string":"Fullscreen","_N$string":"Fullscreen","_fontSize":20,"_enableWrapText":false,"_N$horizontalAlign":1,"_N$verticalAlign":1,"_N$overflow":2}],"_contentSize":{"__type__":"cc.Size","width":150,"height":50},"_position":{"__type__":"cc.Vec3","x":-1,"y":2},"_scale":{"__type__":"cc.Vec3","x":1,"y":1,"z":1},"_localZOrder":1019},{"__type__":"cc.Node","_name":"Keep_Ratio_Switch","_parent":{"__id__":2},"_children":[{"__id__":29}],"_components":[{"__type__":"cc.Sprite","node":{"__id__":28},"_spriteFrame":{"__uuid__":"cbeekrK2tERZHMYnb3SW3c"},"_type":1,"_sizeMode":0},{"__type__":"cc.Button","node":{"__id__":28},"transition":2,"pressedColor":{"__type__":"cc.Color","r":255,"g":255,"b":255},"clickEvents":[{"__type__":"cc.ClickEvent","target":{"__id__":11},"component":"VideoPlayerCtrl","handler":"keepRatioSwitch"}],"_N$normalColor":{"__type__":"cc.Color","r":255,"g":255,"b":255},"_N$disabledColor":{"__type__":"cc.Color","r":255,"g":255,"b":255},"_N$normalSprite":{"__uuid__":"cbeekrK2tERZHMYnb3SW3c"},"_N$pressedSprite":{"__uuid__":"bancX3RatP9b6Sl8enO4rV"},"pressedSprite":{"__uuid__":"bancX3RatP9b6Sl8enO4rV"},"_N$hoverSprite":{"__uuid__":"cbeekrK2tERZHMYnb3SW3c"},"hoverSprite":{"__uuid__":"cbeekrK2tERZHMYnb3SW3c"},"_N$disabledSprite":{"__uuid__":"bancX3RatP9b6Sl8enO4rV"},"_N$target":{"__id__":28}}],"_contentSize":{"__type__":"cc.Size","width":190,"height":50},"_position":{"__type__":"cc.Vec3","x":349,"y":63},"_scale":{"__type__":"cc.Vec3","x":1,"y":1,"z":1},"_localZOrder":1020},{"__type__":"cc.Node","_name":"Label","_parent":{"__id__":28},"_components":[{"__type__":"cc.Label","node":{"__id__":29},"_useOriginalSize":false,"_string":"Keep Ratio Switch","_N$string":"Keep Ratio Switch","_fontSize":20,"_enableWrapText":false,"_N$horizontalAlign":1,"_N$verticalAlign":1,"_N$overflow":2}],"_contentSize":{"__type__":"cc.Size","width":190,"height":40},"_position":{"__type__":"cc.Vec3","x":-1,"y":2},"_scale":{"__type__":"cc.Vec3","x":1,"y":1,"z":1},"_localZOrder":1021},{"__type__":"cc.Node","_name":"Play_Online_Video","_parent":{"__id__":2},"_children":[{"__id__":31}],"_components":[{"__type__":"cc.Sprite","node":{"__id__":30},"_spriteFrame":{"__uuid__":"cbeekrK2tERZHMYnb3SW3c"},"_type":1,"_sizeMode":0},{"__type__":"cc.Button","node":{"__id__":30},"transition":2,"pressedColor":{"__type__":"cc.Color","r":255,"g":255,"b":255},"clickEvents":[{"__type__":"cc.ClickEvent","target":{"__id__":11},"component":"VideoPlayerCtrl","handler":"playOnlineVideo"}],"_N$normalColor":{"__type__":"cc.Color","r":255,"g":255,"b":255},"_N$disabledColor":{"__type__":"cc.Color","r":255,"g":255,"b":255},"_N$normalSprite":{"__uuid__":"cbeekrK2tERZHMYnb3SW3c"},"_N$pressedSprite":{"__uuid__":"bancX3RatP9b6Sl8enO4rV"},"pressedSprite":{"__uuid__":"bancX3RatP9b6Sl8enO4rV"},"_N$hoverSprite":{"__uuid__":"cbeekrK2tERZHMYnb3SW3c"},"hoverSprite":{"__uuid__":"cbeekrK2tERZHMYnb3SW3c"},"_N$disabledSprite":{"__uuid__":"bancX3RatP9b6Sl8enO4rV"},"_N$target":{"__id__":30}}],"_contentSize":{"__type__":"cc.Size","width":190,"height":50},"_position":{"__type__":"cc.Vec3","x":353,"y":-42},"_scale":{"__type__":"cc.Vec3","x":1,"y":1,"z":1},"_localZOrder":1022},{"__type__":"cc.Node","_name":"Label","_parent":{"__id__":30},"_components":[{"__type__":"cc.Label","node":{"__id__":31},"_useOriginalSize":false,"_string":"Play Online Video","_N$string":"Play Online Video","_fontSize":20,"_enableWrapText":false,"_N$horizontalAlign":1,"_N$verticalAlign":1,"_N$overflow":2}],"_contentSize":{"__type__":"cc.Size","width":190,"height":50},"_position":{"__type__":"cc.Vec3","x":-1,"y":2},"_scale":{"__type__":"cc.Vec3","x":1,"y":1,"z":1},"_localZOrder":1023}],{"__type__":"cc.SpriteFrame","content":{"name":"btn_pressed","texture":"e8Mstb/RhJRYtVfmIFGaJg","rect":[0,0,194,68],"offset":[0,0],"originalSize":[194,68]}},{"__type__":"cc.SpriteFrame","content":{"name":"btn_normal","texture":"7a/zKdXVNGWYopVAO8wQSg","rect":[0,0,194,68],"offset":[0,0],"originalSize":[194,68]}}]