[{"__type__":"cc.SpriteFrame","content":{"name":"sheep_jump_0","texture":"834FFm1hFFKqwvTL9cPVoG","rect":[326,472,144,151],"offset":[-10,0],"originalSize":[228,159],"rotated":1}},{"__type__":"cc.SpriteFrame","content":{"name":"sheep_jump_1","texture":"834FFm1hFFKqwvTL9cPVoG","rect":[170,351,154,131],"offset":[-13,2],"originalSize":[228,159]}},{"__type__":"cc.SpriteFrame","content":{"name":"sheep_down_2","texture":"834FFm1hFFKqwvTL9cPVoG","rect":[2,335,166,105],"offset":[-7,-3],"originalSize":[228,159]}},{"__type__":"cc.SpriteFrame","content":{"name":"sheep_jump_2","texture":"834FFm1hFFKqwvTL9cPVoG","rect":[348,260,160,105],"offset":[-10,4],"originalSize":[228,159]}},{"__type__":"cc.SpriteFrame","content":{"name":"sheep_run_3","texture":"834FFm1hFFKqwvTL9cPVoG","rect":[2,91,178,113],"offset":[2,1],"originalSize":[228,159]}},{"__type__":"cc.SpriteFrame","content":{"name":"sheep_run_0","texture":"834FFm1hFFKqwvTL9cPVoG","rect":[178,236,168,113],"offset":[-4,0],"originalSize":[228,159]}},{"__type__":"cc.SpriteFrame","content":{"name":"sheep_touch_0","texture":"834FFm1hFFKqwvTL9cPVoG","rect":[2,206,174,127],"offset":[-5,16],"originalSize":[228,159]}},{"__type__":"cc.SpriteFrame","content":{"name":"sheep_run_2","texture":"834FFm1hFFKqwvTL9cPVoG","rect":[228,2,178,115],"offset":[1,11],"originalSize":[228,159]}},{"__type__":"cc.SpriteFrame","content":{"name":"sheep_down_1","texture":"834FFm1hFFKqwvTL9cPVoG","rect":[326,367,152,103],"offset":[-6,-8],"originalSize":[228,159]}},{"__type__":"cc.SpriteFrame","content":{"name":"sheep_jump_3","texture":"834FFm1hFFKqwvTL9cPVoG","rect":[2,442,152,115],"offset":[-12,-2],"originalSize":[228,159]}},{"__type__":"cc.SpriteFrame","content":{"name":"sheep_down_0","texture":"834FFm1hFFKqwvTL9cPVoG","rect":[2,2,224,87],"offset":[0,-25],"originalSize":[228,159]}},{"__type__":"cc.SpriteFrame","content":{"name":"sheep_run_1","texture":"834FFm1hFFKqwvTL9cPVoG","rect":[182,119,176,115],"offset":[1,2],"originalSize":[228,159]}},{"__type__":"cc.SpriteFrame","content":{"name":"sheep_jump_4","texture":"834FFm1hFFKqwvTL9cPVoG","rect":[360,119,148,139],"offset":[-12,-2],"originalSize":[228,159]}},{"__type__":"cc.SpriteAtlas","_name":"sheep.plist","_spriteFrames":{"sheep_down_0":{"__uuid__":"bbF5ceyG9Lj6tmhLrxcEtk"},"sheep_down_1":{"__uuid__":"9fHIrN7WxDKJoNFtxcV7Og"},"sheep_down_2":{"__uuid__":"44nHY7K4lK/InK57jRidbi"},"sheep_jump_0":{"__uuid__":"1didIuo9pEyLOqWRtA+nFN"},"sheep_jump_1":{"__uuid__":"42BBQ0PWxG7ay3JytaODV2"},"sheep_jump_2":{"__uuid__":"62JKVU/CtLnaLeQ/2BoxhQ"},"sheep_jump_3":{"__uuid__":"a3Hf0/FzRPwqderPlhq3uF"},"sheep_jump_4":{"__uuid__":"e5D4pBmrVFCqElLr76MIVO"},"sheep_run_0":{"__uuid__":"7cy3hPfFFKC6We6V2kDzAT"},"sheep_run_1":{"__uuid__":"c2A3Z4ZbNLC4tm/ug1pG+U"},"sheep_run_2":{"__uuid__":"95Y8thvgRAsJsKxyHAV/Id"},"sheep_run_3":{"__uuid__":"73A0cTq0tPupU7X31MNjIM"},"sheep_touch_0":{"__uuid__":"80JvoLIelHhIBEzXrCgZ32"}}}]