[{"__type__":"cc.SpriteFrame","content":{"name":"singleColor","texture":"1bags8Kg5BCpWrU9yaA6Ng","rect":[0,0,2,2],"offset":[0,0],"originalSize":[2,2]}},{"__type__":"cc.SpriteFrame","content":{"name":"scrollview_barBg","texture":"27EmnUbVVAyLC8E7dakgQj","rect":[0,0,19,22],"offset":[0,0],"originalSize":[19,22],"capInsets":[5,6,5,8]}},{"__type__":"cc.SpriteFrame","content":{"name":"scrollview_bg","texture":"06gADN5K1HtoY06kxf4R9N","rect":[0,0,14,14],"offset":[0,0],"originalSize":[14,14],"capInsets":[5,5,5,5]}},{"__type__":"cc.SpriteFrame","content":{"name":"content","texture":"6bT67Vq8NKd6+dNe1npaSL","rect":[0,0,512,512],"offset":[0,0],"originalSize":[512,512]}},[{"__type__":"cc.SceneAsset","_name":"ScrollView","scene":{"__id__":1},"asyncLoadAssets":null},{"__type__":"cc.Scene","_name":"New Node","_children":[{"__id__":2}],"_scale":{"__type__":"cc.Vec3","x":0.6520833333333333,"y":0.6520833333333333,"z":1},"_localZOrder":1336,"autoReleaseAssets":true},{"__type__":"cc.Node","_name":"Canvas","_parent":{"__id__":1},"_children":[{"__id__":3},{"__id__":4},{"__id__":5},{"__id__":18},{"__id__":31},{"__id__":44},{"__id__":53},{"__id__":62}],"_components":[{"__type__":"cc.Canvas","node":{"__id__":2}}],"_contentSize":{"__type__":"cc.Size","width":960,"height":640},"_position":{"__type__":"cc.Vec3","x":480,"y":320},"_scale":{"__type__":"cc.Vec3","x":1,"y":1,"z":1},"_localZOrder":1337,"_id":"b3466xbXepD8YaYcLGqPpEg"},{"__type__":"cc.Node","_name":"Main Camera","_parent":{"__id__":2},"_level":1,"_components":[{"__type__":"cc.Camera","node":{"__id__":3},"_clearFlags":3,"_depth":-1}],"_scale":{"__type__":"cc.Vec3","x":1,"y":1,"z":1},"_localZOrder":1338},{"__type__":"cc.Node","_name":"Background","_parent":{"__id__":2},"_components":[{"__type__":"cc.Sprite","node":{"__id__":4},"_spriteFrame":{"__uuid__":"0aoLNsxKlM4qs77+3nCObU"},"_sizeMode":0},{"__type__":"cc.Widget","node":{"__id__":4},"alignMode":2,"_alignFlags":45,"_originalWidth":960,"_originalHeight":640}],"_prefab":{"__type__":"cc.PrefabInfo","root":{"__id__":4},"asset":{"__uuid__":"b8OSNRvpdPAZhePn0hGPPJ"},"fileId":"78fd70+ls5GgJcFkzvLSRk8"},"_color":{"__type__":"cc.Color","r":57,"g":61,"b":64},"_contentSize":{"__type__":"cc.Size","width":960,"height":640},"_scale":{"__type__":"cc.Vec3","x":1,"y":1,"z":1},"_localZOrder":1339},{"__type__":"cc.Node","_name":"01_ScrollView_All","_parent":{"__id__":2},"_children":[{"__id__":6},{"__id__":7},{"__id__":9},{"__id__":15}],"_components":[{"__id__":13},{"__type__":"cc.Sprite","node":{"__id__":5},"_spriteFrame":{"__uuid__":"7ewuO0jsFIiKv5sYyeKk6T"},"_type":1,"_sizeMode":0}],"_contentSize":{"__type__":"cc.Size","width":196.63392625938687,"height":177.5882516981057},"_position":{"__type__":"cc.Vec3","x":-300,"y":99},"_scale":{"__type__":"cc.Vec3","x":1,"y":1,"z":1},"_localZOrder":1340},{"__type__":"cc.Node","_name":"title","_parent":{"__id__":5},"_components":[{"__type__":"e4f88adp3hERoJ48DZ2PSAl","node":{"__id__":6},"_useOriginalSize":false,"_string":"Scrollview 完整功能","_N$string":"Scrollview 完整功能","_fontSize":20,"_N$verticalAlign":1,"_N$textKey":"cases/02_ui/05_scrollView/ScrollView.fire.7"},{"__type__":"cc.Widget","node":{"__id__":6},"alignMode":2,"_alignFlags":40,"_left":20.526963129693428,"_right":0.5269631296934278,"_originalWidth":213.6692913385827}],"_contentSize":{"__type__":"cc.Size","width":175.58,"height":40},"_position":{"__type__":"cc.Vec3","x":10,"y":116.9734552749768},"_scale":{"__type__":"cc.Vec3","x":1,"y":1,"z":1},"_localZOrder":1341},{"__type__":"cc.Node","_name":"viewport","_parent":{"__id__":5},"_children":[{"__id__":8}],"_components":[{"__type__":"cc.Widget","node":{"__id__":7},"alignMode":2,"_alignFlags":45,"_left":5,"_right":5,"_top":6,"_bottom":6},{"__type__":"cc.Mask","node":{"__id__":7},"_N$alphaThreshold":1}],"_contentSize":{"__type__":"cc.Size","width":186.63392625938687,"height":165.5882516981057},"_anchorPoint":{"__type__":"cc.Vec2","x":0.2,"y":0.4},"_position":{"__type__":"cc.Vec3","x":-55.99017787781606,"y":-16.55882516981056},"_scale":{"__type__":"cc.Vec3","x":1,"y":1,"z":1},"_localZOrder":1342},{"__type__":"cc.Node","_name":"content","_parent":{"__id__":7},"_components":[{"__type__":"cc.Sprite","node":{"__id__":8},"_spriteFrame":{"__uuid__":"bfhnyuiiFP/52t0htQmKGm"},"_sizeMode":0}],"_contentSize":{"__type__":"cc.Size","width":670.5807088462693,"height":598.3024730890397},"_anchorPoint":{"__type__":"cc.Vec2","x":0.5,"y":0.3},"_position":{"__type__":"cc.Vec3","x":237.26646140433763,"y":-166.97171494741002},"_scale":{"__type__":"cc.Vec3","x":1,"y":1,"z":1},"_localZOrder":1343},{"__type__":"cc.Node","_name":"horizontalScrollviewBar","_parent":{"__id__":5},"_children":[{"__id__":10}],"_components":[{"__id__":12},{"__type__":"cc.Widget","node":{"__id__":9},"alignMode":2,"_alignFlags":40},{"__type__":"cc.Sprite","node":{"__id__":9},"_spriteFrame":{"__uuid__":"16m1qpO+FJK7884Un63V2V"},"_type":1,"_sizeMode":0}],"_color":{"__type__":"cc.Color","r":238,"g":217,"b":227},"_contentSize":{"__type__":"cc.Size","width":196.63392625938687,"height":18},"_anchorPoint":{"__type__":"cc.Vec2"},"_position":{"__type__":"cc.Vec3","x":-98.31696312969343,"y":-113.16005543353543},"_scale":{"__type__":"cc.Vec3","x":1,"y":1,"z":1},"_localZOrder":1344},{"__type__":"cc.Node","_name":"handle","_parent":{"__id__":9},"_components":[{"__id__":11}],"_contentSize":{"__type__":"cc.Size","width":57.658832778987566,"height":18},"_anchorPoint":{"__type__":"cc.Vec2"},"_position":{"__type__":"cc.Vec3","x":48.09979390290868},"_scale":{"__type__":"cc.Vec3","x":1,"y":1,"z":1},"_localZOrder":1345},{"__type__":"cc.Sprite","node":{"__id__":10},"_spriteFrame":{"__uuid__":"fanyIAeLpOJJtKSKfS2i4H"},"_type":1,"_sizeMode":0},{"__type__":"cc.Scrollbar","node":{"__id__":9},"_scrollView":{"__id__":13},"_N$handle":{"__id__":11}},{"__type__":"cc.ScrollView","node":{"__id__":5},"content":{"__id__":8},"brake":0.58,"bounceDuration":1.18,"_N$horizontalScrollBar":{"__id__":12},"_N$verticalScrollBar":{"__id__":14}},{"__type__":"cc.Scrollbar","node":{"__id__":15},"_scrollView":{"__id__":13},"_N$handle":{"__id__":17},"_N$direction":1},{"__type__":"cc.Node","_name":"verticalScrollviewBar","_parent":{"__id__":5},"_children":[{"__id__":16}],"_components":[{"__id__":14},{"__type__":"cc.Widget","node":{"__id__":15},"alignMode":2,"_alignFlags":5,"_left":350.07654921020657,"_originalHeight":237},{"__type__":"cc.Sprite","node":{"__id__":15},"_spriteFrame":{"__uuid__":"16m1qpO+FJK7884Un63V2V"},"_type":1,"_sizeMode":0}],"_color":{"__type__":"cc.Color","r":238,"g":217,"b":227},"_contentSize":{"__type__":"cc.Size","width":18,"height":177.5882516981057},"_anchorPoint":{"__type__":"cc.Vec2","x":1,"y":0.5},"_position":{"__type__":"cc.Vec3","x":118.40809518081028},"_scale":{"__type__":"cc.Vec3","x":1,"y":1,"z":1},"_localZOrder":1346},{"__type__":"cc.Node","_name":"handle2","_parent":{"__id__":15},"_components":[{"__id__":17}],"_color":{"__type__":"cc.Color","r":236,"g":241,"b":245},"_contentSize":{"__type__":"cc.Size","width":18,"height":52.71177800479574},"_anchorPoint":{"__type__":"cc.Vec2"},"_position":{"__type__":"cc.Vec3","x":-18,"y":9.69599793094747},"_scale":{"__type__":"cc.Vec3","x":1,"y":1,"z":1},"_localZOrder":1347},{"__type__":"cc.Sprite","node":{"__id__":16},"_spriteFrame":{"__uuid__":"fanyIAeLpOJJtKSKfS2i4H"},"_type":1,"_sizeMode":0},{"__type__":"cc.Node","_name":"02_ScrollView_No_inertia","_parent":{"__id__":2},"_children":[{"__id__":19},{"__id__":20},{"__id__":22},{"__id__":28}],"_components":[{"__id__":26},{"__type__":"cc.Sprite","node":{"__id__":18},"_spriteFrame":{"__uuid__":"7ewuO0jsFIiKv5sYyeKk6T"},"_type":1,"_sizeMode":0}],"_contentSize":{"__type__":"cc.Size","width":196.63392625938687,"height":177.5882516981057},"_position":{"__type__":"cc.Vec3","y":99},"_scale":{"__type__":"cc.Vec3","x":1,"y":1,"z":1},"_localZOrder":1348},{"__type__":"cc.Node","_name":"title","_parent":{"__id__":18},"_components":[{"__type__":"e4f88adp3hERoJ48DZ2PSAl","node":{"__id__":19},"_useOriginalSize":false,"_string":"Scrollview 没有惯性","_N$string":"Scrollview 没有惯性","_fontSize":20,"_N$verticalAlign":1,"_N$textKey":"cases/02_ui/05_scrollView/ScrollView.fire.30"},{"__type__":"cc.Widget","node":{"__id__":19},"alignMode":2,"_alignFlags":40,"_left":20.526963129693428,"_right":0.5269631296934278,"_originalWidth":213.6692913385827}],"_contentSize":{"__type__":"cc.Size","width":175.58,"height":40},"_position":{"__type__":"cc.Vec3","x":10,"y":116.97345527497691},"_scale":{"__type__":"cc.Vec3","x":1,"y":1,"z":1},"_localZOrder":1349},{"__type__":"cc.Node","_name":"viewport","_parent":{"__id__":18},"_children":[{"__id__":21}],"_components":[{"__type__":"cc.Widget","node":{"__id__":20},"alignMode":2,"_alignFlags":45,"_left":5,"_right":5,"_top":6,"_bottom":6},{"__type__":"cc.Mask","node":{"__id__":20},"_N$alphaThreshold":1}],"_contentSize":{"__type__":"cc.Size","width":186.63392625938687,"height":165.5882516981057},"_scale":{"__type__":"cc.Vec3","x":1,"y":1,"z":1},"_localZOrder":1350},{"__type__":"cc.Node","_name":"content","_parent":{"__id__":20},"_components":[{"__type__":"cc.Sprite","node":{"__id__":21},"_spriteFrame":{"__uuid__":"bfhnyuiiFP/52t0htQmKGm"},"_sizeMode":0}],"_contentSize":{"__type__":"cc.Size","width":670.5807088462693,"height":598.3024730890397},"_anchorPoint":{"__type__":"cc.Vec2"},"_position":{"__type__":"cc.Vec3","x":-171.39239168724112,"y":-157.9933558682472},"_scale":{"__type__":"cc.Vec3","x":1,"y":1,"z":1},"_localZOrder":1351},{"__type__":"cc.Node","_name":"horizontalScrollviewBar","_parent":{"__id__":18},"_children":[{"__id__":23}],"_components":[{"__id__":25},{"__type__":"cc.Widget","node":{"__id__":22},"alignMode":2,"_alignFlags":40},{"__type__":"cc.Sprite","node":{"__id__":22},"_spriteFrame":{"__uuid__":"16m1qpO+FJK7884Un63V2V"},"_type":1,"_sizeMode":0}],"_color":{"__type__":"cc.Color","r":238,"g":217,"b":227},"_contentSize":{"__type__":"cc.Size","width":196.63392625938687,"height":18},"_anchorPoint":{"__type__":"cc.Vec2"},"_position":{"__type__":"cc.Vec3","x":-98.31696312969343,"y":-113.1600554335352},"_scale":{"__type__":"cc.Vec3","x":1,"y":1,"z":1},"_localZOrder":1352},{"__type__":"cc.Node","_name":"handle","_parent":{"__id__":22},"_components":[{"__id__":24}],"_contentSize":{"__type__":"cc.Size","width":57.658832778987566,"height":18},"_anchorPoint":{"__type__":"cc.Vec2"},"_position":{"__type__":"cc.Vec3","x":21.427858333532832,"y":-5.684341886080802e-14},"_scale":{"__type__":"cc.Vec3","x":1,"y":1,"z":1},"_localZOrder":1353},{"__type__":"cc.Sprite","node":{"__id__":23},"_spriteFrame":{"__uuid__":"fanyIAeLpOJJtKSKfS2i4H"},"_type":1,"_sizeMode":0},{"__type__":"cc.Scrollbar","node":{"__id__":22},"_scrollView":{"__id__":26},"_N$handle":{"__id__":24}},{"__type__":"cc.ScrollView","node":{"__id__":18},"content":{"__id__":21},"brake":1,"bounceDuration":1.04,"_N$horizontalScrollBar":{"__id__":25},"_N$verticalScrollBar":{"__id__":27}},{"__type__":"cc.Scrollbar","node":{"__id__":28},"_scrollView":{"__id__":26},"_N$handle":{"__id__":30},"_N$direction":1},{"__type__":"cc.Node","_name":"verticalScrollviewBar","_parent":{"__id__":18},"_children":[{"__id__":29}],"_components":[{"__id__":27},{"__type__":"cc.Widget","node":{"__id__":28},"alignMode":2,"_alignFlags":5,"_left":350.07654921020657,"_originalHeight":237},{"__type__":"cc.Sprite","node":{"__id__":28},"_spriteFrame":{"__uuid__":"16m1qpO+FJK7884Un63V2V"},"_type":1,"_sizeMode":0}],"_color":{"__type__":"cc.Color","r":238,"g":217,"b":227},"_contentSize":{"__type__":"cc.Size","width":18,"height":177.5882516981057},"_anchorPoint":{"__type__":"cc.Vec2","x":1,"y":0.5},"_position":{"__type__":"cc.Vec3","x":118.40809518080994},"_scale":{"__type__":"cc.Vec3","x":1,"y":1,"z":1},"_localZOrder":1354},{"__type__":"cc.Node","_name":"handle2","_parent":{"__id__":28},"_components":[{"__id__":30}],"_color":{"__type__":"cc.Color","r":236,"g":241,"b":245},"_contentSize":{"__type__":"cc.Size","width":18,"height":52.71177800479574},"_anchorPoint":{"__type__":"cc.Vec2"},"_position":{"__type__":"cc.Vec3","x":-18,"y":-68.25439748303793},"_scale":{"__type__":"cc.Vec3","x":1,"y":1,"z":1},"_localZOrder":1355},{"__type__":"cc.Sprite","node":{"__id__":29},"_spriteFrame":{"__uuid__":"fanyIAeLpOJJtKSKfS2i4H"},"_type":1,"_sizeMode":0},{"__type__":"cc.Node","_name":"03_ScrollView_No_Elastic","_parent":{"__id__":2},"_children":[{"__id__":32},{"__id__":33},{"__id__":35},{"__id__":41}],"_components":[{"__id__":39},{"__type__":"cc.Sprite","node":{"__id__":31},"_spriteFrame":{"__uuid__":"7ewuO0jsFIiKv5sYyeKk6T"},"_type":1,"_sizeMode":0}],"_contentSize":{"__type__":"cc.Size","width":196.63392625938687,"height":177.5882516981057},"_position":{"__type__":"cc.Vec3","x":300,"y":99},"_scale":{"__type__":"cc.Vec3","x":1,"y":1,"z":1},"_localZOrder":1356},{"__type__":"cc.Node","_name":"title","_parent":{"__id__":31},"_components":[{"__type__":"e4f88adp3hERoJ48DZ2PSAl","node":{"__id__":32},"_useOriginalSize":false,"_string":"Scrollview 没有弹性","_N$string":"Scrollview 没有弹性","_fontSize":20,"_N$verticalAlign":1,"_N$textKey":"cases/02_ui/05_scrollView/ScrollView.fire.53"},{"__type__":"cc.Widget","node":{"__id__":32},"alignMode":2,"_alignFlags":40,"_left":20.526963129693428,"_right":0.5269631296934278,"_originalWidth":213.6692913385827}],"_contentSize":{"__type__":"cc.Size","width":175.58,"height":40},"_position":{"__type__":"cc.Vec3","x":10,"y":116.97345527497691},"_scale":{"__type__":"cc.Vec3","x":1,"y":1,"z":1},"_localZOrder":1357},{"__type__":"cc.Node","_name":"viewport","_parent":{"__id__":31},"_children":[{"__id__":34}],"_components":[{"__type__":"cc.Widget","node":{"__id__":33},"alignMode":2,"_alignFlags":45,"_left":5,"_right":5,"_top":6,"_bottom":6},{"__type__":"cc.Mask","node":{"__id__":33},"_N$alphaThreshold":1}],"_contentSize":{"__type__":"cc.Size","width":186.63392625938687,"height":165.5882516981057},"_scale":{"__type__":"cc.Vec3","x":1,"y":1,"z":1},"_localZOrder":1358},{"__type__":"cc.Node","_name":"content","_parent":{"__id__":33},"_components":[{"__type__":"cc.Sprite","node":{"__id__":34},"_spriteFrame":{"__uuid__":"bfhnyuiiFP/52t0htQmKGm"},"_sizeMode":0}],"_contentSize":{"__type__":"cc.Size","width":670.5807088462693,"height":598.3024730890397},"_anchorPoint":{"__type__":"cc.Vec2","x":0.4},"_position":{"__type__":"cc.Vec3","x":-171.39239168724146,"y":-157.9933558682472},"_scale":{"__type__":"cc.Vec3","x":1,"y":1,"z":1},"_localZOrder":1359},{"__type__":"cc.Node","_name":"horizontalScrollviewBar","_parent":{"__id__":31},"_children":[{"__id__":36}],"_components":[{"__id__":38},{"__type__":"cc.Widget","node":{"__id__":35},"alignMode":2,"_alignFlags":40},{"__type__":"cc.Sprite","node":{"__id__":35},"_spriteFrame":{"__uuid__":"16m1qpO+FJK7884Un63V2V"},"_type":1,"_sizeMode":0}],"_color":{"__type__":"cc.Color","r":238,"g":217,"b":227},"_contentSize":{"__type__":"cc.Size","width":196.63392625938687,"height":18},"_anchorPoint":{"__type__":"cc.Vec2"},"_position":{"__type__":"cc.Vec3","x":-98.31696312969343,"y":-113.1600554335352},"_scale":{"__type__":"cc.Vec3","x":1,"y":1,"z":1},"_localZOrder":1360},{"__type__":"cc.Node","_name":"handle","_parent":{"__id__":35},"_components":[{"__id__":37}],"_contentSize":{"__type__":"cc.Size","width":57.658832778987566,"height":18},"_anchorPoint":{"__type__":"cc.Vec2"},"_position":{"__type__":"cc.Vec3","x":124.79189349247144,"y":-5.684341886080802e-14},"_scale":{"__type__":"cc.Vec3","x":1,"y":1,"z":1},"_localZOrder":1361},{"__type__":"cc.Sprite","node":{"__id__":36},"_spriteFrame":{"__uuid__":"fanyIAeLpOJJtKSKfS2i4H"},"_type":1,"_sizeMode":0},{"__type__":"cc.Scrollbar","node":{"__id__":35},"_scrollView":{"__id__":39},"_N$handle":{"__id__":37}},{"__type__":"cc.ScrollView","node":{"__id__":31},"content":{"__id__":34},"elastic":false,"bounceDuration":0.1,"_N$horizontalScrollBar":{"__id__":38},"_N$verticalScrollBar":{"__id__":40}},{"__type__":"cc.Scrollbar","node":{"__id__":41},"_scrollView":{"__id__":39},"_N$handle":{"__id__":43},"_N$direction":1},{"__type__":"cc.Node","_name":"verticalScrollviewBar","_parent":{"__id__":31},"_children":[{"__id__":42}],"_components":[{"__id__":40},{"__type__":"cc.Widget","node":{"__id__":41},"alignMode":2,"_alignFlags":5,"_left":350.07654921020657,"_originalHeight":237},{"__type__":"cc.Sprite","node":{"__id__":41},"_spriteFrame":{"__uuid__":"16m1qpO+FJK7884Un63V2V"},"_type":1,"_sizeMode":0}],"_color":{"__type__":"cc.Color","r":238,"g":217,"b":227},"_contentSize":{"__type__":"cc.Size","width":18,"height":177.5882516981057},"_anchorPoint":{"__type__":"cc.Vec2","x":1,"y":0.5},"_position":{"__type__":"cc.Vec3","x":118.40809518081005},"_scale":{"__type__":"cc.Vec3","x":1,"y":1,"z":1},"_localZOrder":1362},{"__type__":"cc.Node","_name":"handle2","_parent":{"__id__":41},"_components":[{"__id__":43}],"_color":{"__type__":"cc.Color","r":236,"g":241,"b":245},"_contentSize":{"__type__":"cc.Size","width":18,"height":52.71177800479574},"_anchorPoint":{"__type__":"cc.Vec2"},"_position":{"__type__":"cc.Vec3","x":-17.999999999999886,"y":-68.25439748303793},"_scale":{"__type__":"cc.Vec3","x":1,"y":1,"z":1},"_localZOrder":1363},{"__type__":"cc.Sprite","node":{"__id__":42},"_spriteFrame":{"__uuid__":"fanyIAeLpOJJtKSKfS2i4H"},"_type":1,"_sizeMode":0},{"__type__":"cc.Node","_name":"04_ScrollView_Only_Horizontal_Scroll","_parent":{"__id__":2},"_children":[{"__id__":45},{"__id__":46},{"__id__":48}],"_components":[{"__id__":52},{"__type__":"cc.Sprite","node":{"__id__":44},"_spriteFrame":{"__uuid__":"7ewuO0jsFIiKv5sYyeKk6T"},"_type":1,"_sizeMode":0}],"_contentSize":{"__type__":"cc.Size","width":196.63392625938687,"height":177.5882516981057},"_position":{"__type__":"cc.Vec3","x":-300,"y":-181},"_scale":{"__type__":"cc.Vec3","x":1,"y":1,"z":1},"_localZOrder":1364},{"__type__":"cc.Node","_name":"title","_parent":{"__id__":44},"_components":[{"__type__":"e4f88adp3hERoJ48DZ2PSAl","node":{"__id__":45},"_useOriginalSize":false,"_string":"Scrollview 只能水平滚动","_N$string":"Scrollview 只能水平滚动","_fontSize":20,"_N$verticalAlign":1,"_N$textKey":"cases/02_ui/05_scrollView/ScrollView.fire.76"},{"__type__":"cc.Widget","node":{"__id__":45},"alignMode":2,"_alignFlags":40,"_left":0.5269631296934278,"_right":-19.473036870306572,"_originalWidth":213.6692913385827}],"_contentSize":{"__type__":"cc.Size","width":215.58,"height":40},"_position":{"__type__":"cc.Vec3","x":10,"y":116.97345527497694},"_scale":{"__type__":"cc.Vec3","x":1,"y":1,"z":1},"_localZOrder":1365},{"__type__":"cc.Node","_name":"viewport","_parent":{"__id__":44},"_children":[{"__id__":47}],"_components":[{"__type__":"cc.Widget","node":{"__id__":46},"alignMode":2,"_alignFlags":45,"_left":5,"_right":5,"_top":6,"_bottom":6},{"__type__":"cc.Mask","node":{"__id__":46},"_N$alphaThreshold":1}],"_contentSize":{"__type__":"cc.Size","width":186.63392625938687,"height":165.5882516981057},"_scale":{"__type__":"cc.Vec3","x":1,"y":1,"z":1},"_localZOrder":1366},{"__type__":"cc.Node","_name":"content","_parent":{"__id__":46},"_components":[{"__type__":"cc.Sprite","node":{"__id__":47},"_spriteFrame":{"__uuid__":"bfhnyuiiFP/52t0htQmKGm"},"_sizeMode":0}],"_contentSize":{"__type__":"cc.Size","width":670.5807088462693,"height":598.3024730890397},"_anchorPoint":{"__type__":"cc.Vec2","y":1},"_position":{"__type__":"cc.Vec3","x":-180.42191204786252,"y":291.2252820726441},"_scale":{"__type__":"cc.Vec3","x":1,"y":1,"z":1},"_localZOrder":1367},{"__type__":"cc.Node","_name":"horizontalScrollviewBar","_parent":{"__id__":44},"_children":[{"__id__":49}],"_components":[{"__id__":51},{"__type__":"cc.Widget","node":{"__id__":48},"alignMode":2,"_alignFlags":40},{"__type__":"cc.Sprite","node":{"__id__":48},"_spriteFrame":{"__uuid__":"16m1qpO+FJK7884Un63V2V"},"_type":1,"_sizeMode":0}],"_color":{"__type__":"cc.Color","r":238,"g":217,"b":227},"_contentSize":{"__type__":"cc.Size","width":196.63392625938687,"height":18},"_anchorPoint":{"__type__":"cc.Vec2"},"_position":{"__type__":"cc.Vec3","x":-98.31696312969343,"y":-113.16005543353529},"_scale":{"__type__":"cc.Vec3","x":1,"y":1,"z":1},"_localZOrder":1368},{"__type__":"cc.Node","_name":"handle","_parent":{"__id__":48},"_components":[{"__id__":50}],"_contentSize":{"__type__":"cc.Size","width":57.658832778987566,"height":18},"_anchorPoint":{"__type__":"cc.Vec2"},"_position":{"__type__":"cc.Vec3","x":24.075578462259564},"_scale":{"__type__":"cc.Vec3","x":1,"y":1,"z":1},"_localZOrder":1369},{"__type__":"cc.Sprite","node":{"__id__":49},"_spriteFrame":{"__uuid__":"fanyIAeLpOJJtKSKfS2i4H"},"_type":1,"_sizeMode":0},{"__type__":"cc.Scrollbar","node":{"__id__":48},"_scrollView":{"__id__":52},"enableAutoHide":false,"_N$handle":{"__id__":50}},{"__type__":"cc.ScrollView","node":{"__id__":44},"content":{"__id__":47},"vertical":false,"_N$horizontalScrollBar":{"__id__":51},"_N$verticalScrollBar":null},{"__type__":"cc.Node","_name":"05_ScrollView_Only_Vertical_Scroll","_parent":{"__id__":2},"_children":[{"__id__":54},{"__id__":55},{"__id__":57}],"_components":[{"__id__":61},{"__type__":"cc.Sprite","node":{"__id__":53},"_spriteFrame":{"__uuid__":"7ewuO0jsFIiKv5sYyeKk6T"},"_type":1,"_sizeMode":0}],"_contentSize":{"__type__":"cc.Size","width":196.63392625938687,"height":177.5882516981057},"_position":{"__type__":"cc.Vec3","y":-181.00000000000003},"_scale":{"__type__":"cc.Vec3","x":1,"y":1,"z":1},"_localZOrder":1370},{"__type__":"cc.Node","_name":"title","_parent":{"__id__":53},"_components":[{"__type__":"e4f88adp3hERoJ48DZ2PSAl","node":{"__id__":54},"_useOriginalSize":false,"_string":"Scrollview 只能垂直滚动","_N$string":"Scrollview 只能垂直滚动","_fontSize":20,"_N$verticalAlign":1,"_N$textKey":"cases/02_ui/05_scrollView/ScrollView.fire.93"},{"__type__":"cc.Widget","node":{"__id__":54},"alignMode":2,"_alignFlags":40,"_left":0.5269631296934278,"_right":-19.473036870306572,"_originalWidth":213.6692913385827}],"_contentSize":{"__type__":"cc.Size","width":215.58,"height":40},"_position":{"__type__":"cc.Vec3","x":10,"y":116.97345527497694},"_scale":{"__type__":"cc.Vec3","x":1,"y":1,"z":1},"_localZOrder":1371},{"__type__":"cc.Node","_name":"viewport","_parent":{"__id__":53},"_children":[{"__id__":56}],"_components":[{"__type__":"cc.Widget","node":{"__id__":55},"alignMode":2,"_alignFlags":45,"_left":5,"_right":5,"_top":6,"_bottom":6},{"__type__":"cc.Mask","node":{"__id__":55},"_N$alphaThreshold":1}],"_contentSize":{"__type__":"cc.Size","width":186.63392625938687,"height":165.5882516981057},"_scale":{"__type__":"cc.Vec3","x":1,"y":1,"z":1},"_localZOrder":1372},{"__type__":"cc.Node","_name":"content","_parent":{"__id__":55},"_components":[{"__type__":"cc.Sprite","node":{"__id__":56},"_spriteFrame":{"__uuid__":"bfhnyuiiFP/52t0htQmKGm"},"_sizeMode":0}],"_contentSize":{"__type__":"cc.Size","width":670.5807088462693,"height":598.3024730890397},"_anchorPoint":{"__type__":"cc.Vec2","x":0.3},"_position":{"__type__":"cc.Vec3","x":-171.39239168724157,"y":-157.99335586824722},"_scale":{"__type__":"cc.Vec3","x":1,"y":1,"z":1},"_localZOrder":1373},{"__type__":"cc.Node","_name":"verticalScrollviewBar","_parent":{"__id__":53},"_children":[{"__id__":58}],"_components":[{"__id__":60},{"__type__":"cc.Widget","node":{"__id__":57},"alignMode":2,"_alignFlags":5,"_left":350.07654921020657,"_originalHeight":237},{"__type__":"cc.Sprite","node":{"__id__":57},"_spriteFrame":{"__uuid__":"16m1qpO+FJK7884Un63V2V"},"_type":1,"_sizeMode":0}],"_color":{"__type__":"cc.Color","r":238,"g":217,"b":227},"_contentSize":{"__type__":"cc.Size","width":18,"height":177.5882516981057},"_anchorPoint":{"__type__":"cc.Vec2","x":1,"y":0.5},"_position":{"__type__":"cc.Vec3","x":118.40809518081028},"_scale":{"__type__":"cc.Vec3","x":1,"y":1,"z":1},"_localZOrder":1374},{"__type__":"cc.Node","_name":"handle2","_parent":{"__id__":57},"_components":[{"__id__":59}],"_color":{"__type__":"cc.Color","r":236,"g":241,"b":245},"_contentSize":{"__type__":"cc.Size","width":18,"height":52.71177800479574},"_anchorPoint":{"__type__":"cc.Vec2"},"_position":{"__type__":"cc.Vec3","x":-18,"y":-68.25439748303798},"_scale":{"__type__":"cc.Vec3","x":1,"y":1,"z":1},"_localZOrder":1375},{"__type__":"cc.Sprite","node":{"__id__":58},"_spriteFrame":{"__uuid__":"fanyIAeLpOJJtKSKfS2i4H"},"_type":1,"_sizeMode":0},{"__type__":"cc.Scrollbar","node":{"__id__":57},"_scrollView":{"__id__":61},"_N$handle":{"__id__":59},"_N$direction":1},{"__type__":"cc.ScrollView","node":{"__id__":53},"content":{"__id__":56},"horizontal":false,"brake":0.9,"_N$horizontalScrollBar":null,"_N$verticalScrollBar":{"__id__":60}},{"__type__":"cc.Node","_name":"06_ScrollView_On_Scrollbar","_parent":{"__id__":2},"_children":[{"__id__":63},{"__id__":64}],"_components":[{"__type__":"cc.ScrollView","node":{"__id__":62},"content":{"__id__":65},"brake":0.94,"bounceDuration":1.32,"_N$horizontalScrollBar":null,"_N$verticalScrollBar":null},{"__type__":"cc.Sprite","node":{"__id__":62},"_spriteFrame":{"__uuid__":"7ewuO0jsFIiKv5sYyeKk6T"},"_type":1,"_sizeMode":0}],"_contentSize":{"__type__":"cc.Size","width":196.63392625938687,"height":177.5882516981057},"_position":{"__type__":"cc.Vec3","x":300,"y":-181},"_scale":{"__type__":"cc.Vec3","x":1,"y":1,"z":1},"_localZOrder":1376},{"__type__":"cc.Node","_name":"title","_parent":{"__id__":62},"_components":[{"__type__":"e4f88adp3hERoJ48DZ2PSAl","node":{"__id__":63},"_useOriginalSize":false,"_string":"Scrollview 没有滚动条","_N$string":"Scrollview 没有滚动条","_fontSize":20,"_N$verticalAlign":1,"_N$textKey":"cases/02_ui/05_scrollView/ScrollView.fire.110"},{"__type__":"cc.Widget","node":{"__id__":63},"alignMode":2,"_alignFlags":40,"_left":10.526963129693428,"_right":-9.473036870306572,"_originalWidth":213.6692913385827}],"_contentSize":{"__type__":"cc.Size","width":195.58,"height":40},"_position":{"__type__":"cc.Vec3","x":10,"y":116.97345527497689},"_scale":{"__type__":"cc.Vec3","x":1,"y":1,"z":1},"_localZOrder":1377},{"__type__":"cc.Node","_name":"viewport","_parent":{"__id__":62},"_children":[{"__id__":65}],"_components":[{"__type__":"cc.Widget","node":{"__id__":64},"alignMode":2,"_alignFlags":45,"_left":5,"_right":5,"_top":6,"_bottom":6},{"__type__":"cc.Mask","node":{"__id__":64},"_N$alphaThreshold":1}],"_contentSize":{"__type__":"cc.Size","width":186.63392625938687,"height":165.5882516981057},"_scale":{"__type__":"cc.Vec3","x":1,"y":1,"z":1},"_localZOrder":1378},{"__type__":"cc.Node","_name":"content","_parent":{"__id__":64},"_components":[{"__type__":"cc.Sprite","node":{"__id__":65},"_spriteFrame":{"__uuid__":"bfhnyuiiFP/52t0htQmKGm"},"_sizeMode":0}],"_contentSize":{"__type__":"cc.Size","width":110.51334702258731,"height":244.55852156057495},"_anchorPoint":{"__type__":"cc.Vec2","x":0.5,"y":0.7},"_scale":{"__type__":"cc.Vec3","x":1,"y":1,"z":1},"_localZOrder":1379}],{"__type__":"cc.SpriteFrame","content":{"name":"scrollview_bar","texture":"536EBdhm9HcZIdHAWeiEnO","rect":[0,0,19,57],"offset":[0,0],"originalSize":[19,57],"capInsets":[7,8,7,8]}}]