[{"__type__":"cc.SpriteFrame","content":{"name":"singleColor","texture":"1bags8Kg5BCpWrU9yaA6Ng","rect":[0,0,2,2],"offset":[0,0],"originalSize":[2,2]}},{"__type__":"cc.SpriteFrame","content":{"name":"default_radio_button_on","texture":"9dYAAftfRHJqYpJlnj3tC4","rect":[1,1,30,30],"offset":[0,0],"originalSize":[32,32]}},{"__type__":"cc.SpriteFrame","content":{"name":"default_toggle_normal","texture":"d2kHe6FidKcpV5e1aiNTQM","rect":[0,0,28,28],"offset":[0,0],"originalSize":[28,28]}},[{"__type__":"cc.SceneAsset","_name":"Toggle","scene":{"__id__":1},"asyncLoadAssets":null},{"__type__":"cc.Scene","_name":"New Node","_children":[{"__id__":2},{"__id__":7},{"__id__":14}],"_anchorPoint":{"__type__":"cc.Vec2"},"_scale":{"__type__":"cc.Vec3","x":0.6520833333333333,"y":0.6520833333333333,"z":1},"_localZOrder":1331,"autoReleaseAssets":true},{"__type__":"cc.Node","_name":"Canvas","_parent":{"__id__":1},"_children":[{"__id__":3},{"__id__":4}],"_components":[{"__type__":"cc.Canvas","node":{"__id__":2}},{"__type__":"ca244RHY8xLbprnCDD9dH+B","node":{"__id__":2},"checkBoxEventString":{"__id__":5},"radioButtonEventString":{"__id__":12},"radioButton":[{"__id__":20},{"__id__":25},{"__id__":30}]}],"_contentSize":{"__type__":"cc.Size","width":960,"height":640},"_position":{"__type__":"cc.Vec3","x":480,"y":320},"_scale":{"__type__":"cc.Vec3","x":1,"y":1,"z":1},"_localZOrder":1332,"_id":"cdc51vnI4ZOkKec6HX+ykMl"},{"__type__":"cc.Node","_name":"Main Camera","_parent":{"__id__":2},"_level":1,"_components":[{"__type__":"cc.Camera","node":{"__id__":3},"_clearFlags":3,"_depth":-1}],"_scale":{"__type__":"cc.Vec3","x":1,"y":1,"z":1},"_localZOrder":1333},{"__type__":"cc.Node","_name":"Background","_parent":{"__id__":2},"_components":[{"__type__":"cc.Sprite","node":{"__id__":4},"_spriteFrame":{"__uuid__":"0aoLNsxKlM4qs77+3nCObU"},"_sizeMode":0},{"__type__":"cc.Widget","node":{"__id__":4},"alignMode":2,"_alignFlags":45,"_originalWidth":960,"_originalHeight":640}],"_prefab":{"__type__":"cc.PrefabInfo","root":{"__id__":4},"asset":{"__uuid__":"b8OSNRvpdPAZhePn0hGPPJ"},"fileId":"78fd70+ls5GgJcFkzvLSRk8"},"_color":{"__type__":"cc.Color","r":57,"g":61,"b":64},"_contentSize":{"__type__":"cc.Size","width":960,"height":640},"_scale":{"__type__":"cc.Vec3","x":1,"y":1,"z":1},"_localZOrder":1334},{"__type__":"cc.Label","node":{"__id__":6},"_useOriginalSize":false,"_fontSize":20,"_lineHeight":20,"_N$verticalAlign":1},{"__type__":"cc.Node","_name":"eventString","_parent":{"__id__":7},"_components":[{"__id__":5}],"_contentSize":{"__type__":"cc.Size","height":20},"_anchorPoint":{"__type__":"cc.Vec2","y":0.5},"_position":{"__type__":"cc.Vec3","x":-88,"y":-72},"_scale":{"__type__":"cc.Vec3","x":1,"y":1,"z":1},"_localZOrder":1339},{"__type__":"cc.Node","_name":"CheckBox","_parent":{"__id__":1},"_children":[{"__id__":8},{"__id__":9},{"__id__":11},{"__id__":6}],"_components":[{"__type__":"cc.Toggle","node":{"__id__":7},"_N$target":{"__id__":8},"checkMark":{"__id__":10},"checkEvents":[{"__type__":"cc.ClickEvent","target":{"__id__":2},"component":"checkbox","handler":"checkBoxClicked"}]},{"__type__":"cc.Widget","node":{"__id__":7},"alignMode":2,"_alignFlags":8,"_left":0.2572916666666667,"_isAbsLeft":false}],"_contentSize":{"__type__":"cc.Size","width":28,"height":28},"_position":{"__type__":"cc.Vec3","x":261,"y":295},"_scale":{"__type__":"cc.Vec3","x":1,"y":1,"z":1},"_localZOrder":1335,"_id":"18c6bFjQpZBOLzW545Ht+l0"},{"__type__":"cc.Node","_name":"Background","_parent":{"__id__":7},"_components":[{"__type__":"cc.Sprite","node":{"__id__":8},"_spriteFrame":{"__uuid__":"68J8oyAQdFUrqy37MXmbtE"}}],"_contentSize":{"__type__":"cc.Size","width":28,"height":28},"_scale":{"__type__":"cc.Vec3","x":1,"y":1,"z":1},"_localZOrder":1336},{"__type__":"cc.Node","_name":"checkmark","_parent":{"__id__":7},"_components":[{"__id__":10}],"_contentSize":{"__type__":"cc.Size","width":28,"height":28},"_scale":{"__type__":"cc.Vec3","x":1,"y":1,"z":1},"_localZOrder":1337},{"__type__":"cc.Sprite","node":{"__id__":9},"_spriteFrame":{"__uuid__":"90AErWL21A4ZPvtxQ3XG8G"},"_sizeMode":2,"_isTrimmedMode":false},{"__type__":"cc.Node","_name":"title","_parent":{"__id__":7},"_components":[{"__type__":"cc.Label","node":{"__id__":11},"_useOriginalSize":false,"_string":"CheckBox","_N$string":"CheckBox","_N$horizontalAlign":1,"_N$verticalAlign":1}],"_contentSize":{"__type__":"cc.Size","width":182.3,"height":40},"_position":{"__type__":"cc.Vec3","x":4,"y":52},"_scale":{"__type__":"cc.Vec3","x":1,"y":1,"z":1},"_localZOrder":1338},{"__type__":"cc.Label","node":{"__id__":13},"_useOriginalSize":false,"_fontSize":20,"_lineHeight":20,"_N$verticalAlign":1},{"__type__":"cc.Node","_name":"eventString","_parent":{"__id__":14},"_components":[{"__id__":12}],"_contentSize":{"__type__":"cc.Size","height":20},"_anchorPoint":{"__type__":"cc.Vec2","y":0.5},"_position":{"__type__":"cc.Vec3","x":-97,"y":-81},"_scale":{"__type__":"cc.Vec3","x":1,"y":1,"z":1},"_localZOrder":1341},{"__type__":"cc.Node","_name":"RadioButton","_parent":{"__id__":1},"_children":[{"__id__":13},{"__id__":15},{"__id__":16},{"__id__":21},{"__id__":26}],"_components":[{"__type__":"cc.ToggleContainer","node":{"__id__":14},"allowSwitchOff":true},{"__type__":"cc.Widget","node":{"__id__":14},"alignMode":2,"_alignFlags":32,"_right":0.3,"_isAbsRight":false}],"_position":{"__type__":"cc.Vec3","x":672,"y":284},"_scale":{"__type__":"cc.Vec3","x":1,"y":1,"z":1},"_localZOrder":1340,"_id":"ece9bSCYdlMppBWauZG6cbf"},{"__type__":"cc.Node","_name":"title","_parent":{"__id__":14},"_components":[{"__type__":"cc.Label","node":{"__id__":15},"_useOriginalSize":false,"_string":"RadioButton","_N$string":"RadioButton","_N$horizontalAlign":1,"_N$verticalAlign":1}],"_contentSize":{"__type__":"cc.Size","width":220.16,"height":40},"_position":{"__type__":"cc.Vec3","x":5,"y":62},"_scale":{"__type__":"cc.Vec3","x":1,"y":1,"z":1},"_localZOrder":1342},{"__type__":"cc.Node","_name":"toggle1","_parent":{"__id__":14},"_children":[{"__id__":17},{"__id__":18}],"_components":[{"__id__":20}],"_contentSize":{"__type__":"cc.Size","width":41,"height":28},"_position":{"__type__":"cc.Vec3","x":-62,"y":3},"_scale":{"__type__":"cc.Vec3","x":1,"y":1,"z":1},"_localZOrder":1343},{"__type__":"cc.Node","_name":"Background","_parent":{"__id__":16},"_components":[{"__type__":"cc.Sprite","node":{"__id__":17},"_spriteFrame":{"__uuid__":"e7q6FL+VZEgLJUjVeDLic/"}}],"_contentSize":{"__type__":"cc.Size","width":28,"height":30},"_scale":{"__type__":"cc.Vec3","x":1,"y":1,"z":1},"_localZOrder":1344},{"__type__":"cc.Node","_name":"checkmark","_parent":{"__id__":16},"_components":[{"__id__":19}],"_contentSize":{"__type__":"cc.Size","width":32,"height":32},"_scale":{"__type__":"cc.Vec3","x":1,"y":1,"z":1},"_localZOrder":1345},{"__type__":"cc.Sprite","node":{"__id__":18},"_spriteFrame":{"__uuid__":"1aMvx28L1PZpgPVpKcDKCz"},"_sizeMode":2,"_isTrimmedMode":false},{"__type__":"cc.Toggle","node":{"__id__":16},"transition":3,"_N$target":{"__id__":17},"checkMark":{"__id__":19},"checkEvents":[{"__type__":"cc.ClickEvent","target":{"__id__":2},"component":"checkbox","handler":"radioButtonClicked"}]},{"__type__":"cc.Node","_name":"toggle2","_parent":{"__id__":14},"_children":[{"__id__":22},{"__id__":23}],"_components":[{"__id__":25}],"_contentSize":{"__type__":"cc.Size","width":42,"height":28},"_position":{"__type__":"cc.Vec3","x":15,"y":3},"_scale":{"__type__":"cc.Vec3","x":1,"y":1,"z":1},"_localZOrder":1346},{"__type__":"cc.Node","_name":"Background","_parent":{"__id__":21},"_components":[{"__type__":"cc.Sprite","node":{"__id__":22},"_spriteFrame":{"__uuid__":"e7q6FL+VZEgLJUjVeDLic/"}}],"_contentSize":{"__type__":"cc.Size","width":28,"height":30},"_scale":{"__type__":"cc.Vec3","x":1,"y":1,"z":1},"_localZOrder":1347},{"__type__":"cc.Node","_name":"checkmark","_parent":{"__id__":21},"_active":false,"_components":[{"__id__":24}],"_contentSize":{"__type__":"cc.Size","width":32,"height":32},"_scale":{"__type__":"cc.Vec3","x":1,"y":1,"z":1},"_localZOrder":1348},{"__type__":"cc.Sprite","node":{"__id__":23},"_spriteFrame":{"__uuid__":"1aMvx28L1PZpgPVpKcDKCz"},"_sizeMode":2,"_isTrimmedMode":false},{"__type__":"cc.Toggle","node":{"__id__":21},"transition":3,"_N$target":{"__id__":22},"checkMark":{"__id__":24},"checkEvents":[{"__type__":"cc.ClickEvent","target":{"__id__":2},"component":"checkbox","handler":"radioButtonClicked"}],"_N$isChecked":false},{"__type__":"cc.Node","_name":"toggle3","_parent":{"__id__":14},"_children":[{"__id__":27},{"__id__":28}],"_components":[{"__id__":30}],"_contentSize":{"__type__":"cc.Size","width":37,"height":28},"_position":{"__type__":"cc.Vec3","x":91,"y":3},"_scale":{"__type__":"cc.Vec3","x":1,"y":1,"z":1},"_localZOrder":1349},{"__type__":"cc.Node","_name":"Background","_parent":{"__id__":26},"_components":[{"__type__":"cc.Sprite","node":{"__id__":27},"_spriteFrame":{"__uuid__":"e7q6FL+VZEgLJUjVeDLic/"}}],"_contentSize":{"__type__":"cc.Size","width":28,"height":30},"_scale":{"__type__":"cc.Vec3","x":1,"y":1,"z":1},"_localZOrder":1350},{"__type__":"cc.Node","_name":"checkmark","_parent":{"__id__":26},"_active":false,"_components":[{"__id__":29}],"_contentSize":{"__type__":"cc.Size","width":32,"height":32},"_scale":{"__type__":"cc.Vec3","x":1,"y":1,"z":1},"_localZOrder":1351},{"__type__":"cc.Sprite","node":{"__id__":28},"_spriteFrame":{"__uuid__":"1aMvx28L1PZpgPVpKcDKCz"},"_sizeMode":2,"_isTrimmedMode":false},{"__type__":"cc.Toggle","node":{"__id__":26},"transition":3,"_N$target":{"__id__":27},"checkMark":{"__id__":29},"checkEvents":[{"__type__":"cc.ClickEvent","target":{"__id__":2},"component":"checkbox","handler":"radioButtonClicked"}],"_N$isChecked":false}],{"__type__":"cc.SpriteFrame","content":{"name":"default_toggle_checkmark","texture":"73oJA92A5OPKpn+ZlUPAj1","rect":[4,5,20,18],"offset":[0,0],"originalSize":[28,28]}},{"__type__":"cc.SpriteFrame","content":{"name":"default_radio_button_off","texture":"56fc2Ai/RFNYpaMT8crweK","rect":[3,3,26,26],"offset":[0,0],"originalSize":[32,32]}}]