[{"__type__":"cc.SpriteFrame","content":{"name":"singleColor","texture":"1bags8Kg5BCpWrU9yaA6Ng","rect":[0,0,2,2],"offset":[0,0],"originalSize":[2,2]}},[{"__type__":"cc.SceneAsset","_name":"BitmapFontLabel","scene":{"__id__":1},"asyncLoadAssets":null},{"__type__":"cc.Scene","_name":"New Node","_children":[{"__id__":2},{"__id__":34},{"__id__":35}],"_anchorPoint":{"__type__":"cc.Vec2"},"_scale":{"__type__":"cc.Vec3","x":0.6520833333333333,"y":0.6520833333333333,"z":1},"_localZOrder":521,"autoReleaseAssets":true},{"__type__":"cc.Node","_name":"Canvas","_parent":{"__id__":1},"_children":[{"__id__":3},{"__id__":4},{"__id__":5},{"__id__":6},{"__id__":16},{"__id__":26},{"__id__":30}],"_components":[{"__type__":"cc.Canvas","node":{"__id__":2}}],"_contentSize":{"__type__":"cc.Size","width":960,"height":640},"_position":{"__type__":"cc.Vec3","x":480,"y":320},"_scale":{"__type__":"cc.Vec3","x":1,"y":1,"z":1},"_localZOrder":522,"_id":"1c77cL2HbNJg58Dqy4oN+t+"},{"__type__":"cc.Node","_name":"Main Camera","_parent":{"__id__":2},"_level":1,"_components":[{"__type__":"cc.Camera","node":{"__id__":3},"_clearFlags":3,"_depth":-1}],"_scale":{"__type__":"cc.Vec3","x":1,"y":1,"z":1},"_localZOrder":523},{"__type__":"cc.Node","_name":"Background","_parent":{"__id__":2},"_components":[{"__type__":"cc.Sprite","node":{"__id__":4},"_spriteFrame":{"__uuid__":"0aoLNsxKlM4qs77+3nCObU"},"_sizeMode":0},{"__type__":"cc.Widget","node":{"__id__":4},"alignMode":2,"_alignFlags":45,"_originalWidth":960,"_originalHeight":640}],"_prefab":{"__type__":"cc.PrefabInfo","root":{"__id__":4},"asset":{"__uuid__":"b8OSNRvpdPAZhePn0hGPPJ"},"fileId":"78fd70+ls5GgJcFkzvLSRk8"},"_color":{"__type__":"cc.Color","r":57,"g":61,"b":64},"_contentSize":{"__type__":"cc.Size","width":960,"height":640},"_scale":{"__type__":"cc.Vec3","x":1,"y":1,"z":1},"_localZOrder":524},{"__type__":"cc.Node","_name":"Title","_parent":{"__id__":2},"_components":[{"__type__":"cc.Label","node":{"__id__":5},"_useOriginalSize":false,"_string":"Bitmap Font","_N$string":"Bitmap Font","_fontSize":50,"_lineHeight":50,"_N$file":{"__uuid__":"e9DdfGzRhMeq6D3O+bChta"},"_isSystemFontUsed":false,"_N$horizontalAlign":1,"_N$verticalAlign":1},{"__type__":"cc.Widget","node":{"__id__":5},"alignMode":0,"_alignFlags":1,"_top":58.559999999999974}],"_contentSize":{"__type__":"cc.Size","width":294.44,"height":69.44},"_position":{"__type__":"cc.Vec3","y":226.72000000000006},"_scale":{"__type__":"cc.Vec3","x":1,"y":1,"z":1},"_localZOrder":525},{"__type__":"cc.Node","_name":"Wrap","_parent":{"__id__":2},"_children":[{"__id__":7},{"__id__":8},{"__id__":12}],"_position":{"__type__":"cc.Vec3","x":-207,"y":91},"_scale":{"__type__":"cc.Vec3","x":1,"y":1,"z":1},"_localZOrder":526},{"__type__":"cc.Node","_name":"Wrap_Title","_parent":{"__id__":6},"_components":[{"__type__":"cc.Label","node":{"__id__":7},"_useOriginalSize":false,"_string":"Wrap","_N$string":"Wrap","_fontSize":25,"_N$file":{"__uuid__":"e9DdfGzRhMeq6D3O+bChta"},"_isSystemFontUsed":false,"_N$horizontalAlign":1,"_N$verticalAlign":1}],"_contentSize":{"__type__":"cc.Size","width":67.36,"height":27.78},"_position":{"__type__":"cc.Vec3","y":82},"_scale":{"__type__":"cc.Vec3","x":1,"y":1,"z":1},"_localZOrder":527},{"__type__":"cc.Node","_name":"CLAMP","_parent":{"__id__":6},"_children":[{"__id__":9},{"__id__":10},{"__id__":11}],"_position":{"__type__":"cc.Vec3","x":-110},"_scale":{"__type__":"cc.Vec3","x":1,"y":1,"z":1},"_localZOrder":528},{"__type__":"cc.Node","_name":"Background","_parent":{"__id__":8},"_components":[{"__type__":"cc.Sprite","node":{"__id__":9},"_spriteFrame":{"__uuid__":"c0GPA1PjJA7bli4XEgVjPQ"},"_type":1,"_sizeMode":0}],"_color":{"__type__":"cc.Color","r":87,"g":87,"b":87},"_contentSize":{"__type__":"cc.Size","width":200,"height":80},"_scale":{"__type__":"cc.Vec3","x":1,"y":1,"z":1},"_localZOrder":529},{"__type__":"cc.Node","_name":"Label","_parent":{"__id__":8},"_components":[{"__type__":"cc.Label","node":{"__id__":10},"_useOriginalSize":false,"_string":"This is Bitmap Font","_N$string":"This is Bitmap Font","_fontSize":33,"_N$file":{"__uuid__":"e9DdfGzRhMeq6D3O+bChta"},"_isSystemFontUsed":false,"_N$horizontalAlign":1,"_N$verticalAlign":1,"_N$overflow":1}],"_contentSize":{"__type__":"cc.Size","width":190,"height":60},"_scale":{"__type__":"cc.Vec3","x":1,"y":1,"z":1},"_localZOrder":530},{"__type__":"cc.Node","_name":"Tips","_parent":{"__id__":8},"_components":[{"__type__":"cc.Label","node":{"__id__":11},"_useOriginalSize":false,"_string":"Overflow: CLAMP","_N$string":"Overflow: CLAMP","_fontSize":20,"_lineHeight":25,"_N$file":{"__uuid__":"76jYRJdaFM2YlYwdiF1d0k"},"_isSystemFontUsed":false,"_N$verticalAlign":1}],"_contentSize":{"__type__":"cc.Size","width":151,"height":12.5},"_position":{"__type__":"cc.Vec3","y":-65.6},"_scale":{"__type__":"cc.Vec3","x":1,"y":1,"z":1},"_localZOrder":531},{"__type__":"cc.Node","_name":"SHRINK","_parent":{"__id__":6},"_children":[{"__id__":13},{"__id__":14},{"__id__":15}],"_position":{"__type__":"cc.Vec3","x":110},"_scale":{"__type__":"cc.Vec3","x":1,"y":1,"z":1},"_localZOrder":532},{"__type__":"cc.Node","_name":"Background","_parent":{"__id__":12},"_components":[{"__type__":"cc.Sprite","node":{"__id__":13},"_spriteFrame":{"__uuid__":"c0GPA1PjJA7bli4XEgVjPQ"},"_type":1,"_sizeMode":0}],"_color":{"__type__":"cc.Color","r":87,"g":87,"b":87},"_contentSize":{"__type__":"cc.Size","width":200,"height":80},"_scale":{"__type__":"cc.Vec3","x":1,"y":1,"z":1},"_localZOrder":533},{"__type__":"cc.Node","_name":"Label","_parent":{"__id__":12},"_components":[{"__type__":"cc.Label","node":{"__id__":14},"_useOriginalSize":false,"_string":"This is Bitmap Font","_N$string":"This is Bitmap Font","_fontSize":25,"_N$file":{"__uuid__":"e9DdfGzRhMeq6D3O+bChta"},"_isSystemFontUsed":false,"_N$horizontalAlign":1,"_N$verticalAlign":1,"_N$overflow":2}],"_contentSize":{"__type__":"cc.Size","width":190,"height":60},"_scale":{"__type__":"cc.Vec3","x":1,"y":1,"z":1},"_localZOrder":534},{"__type__":"cc.Node","_name":"Tips","_parent":{"__id__":12},"_components":[{"__type__":"cc.Label","node":{"__id__":15},"_useOriginalSize":false,"_string":"Overflow: SHRINK","_N$string":"Overflow: SHRINK","_fontSize":20,"_lineHeight":25,"_N$file":{"__uuid__":"76jYRJdaFM2YlYwdiF1d0k"},"_isSystemFontUsed":false,"_N$verticalAlign":1}],"_contentSize":{"__type__":"cc.Size","width":161,"height":12.5},"_position":{"__type__":"cc.Vec3","y":-64.7},"_scale":{"__type__":"cc.Vec3","x":1,"y":1,"z":1},"_localZOrder":535},{"__type__":"cc.Node","_name":"No_Wrap","_parent":{"__id__":2},"_children":[{"__id__":17},{"__id__":18},{"__id__":22}],"_position":{"__type__":"cc.Vec3","x":-207,"y":-118},"_scale":{"__type__":"cc.Vec3","x":1,"y":1,"z":1},"_localZOrder":536},{"__type__":"cc.Node","_name":"No_Wrap_Title","_parent":{"__id__":16},"_components":[{"__type__":"cc.Label","node":{"__id__":17},"_useOriginalSize":false,"_string":"No Wrap","_N$string":"No Wrap","_fontSize":25,"_N$file":{"__uuid__":"e9DdfGzRhMeq6D3O+bChta"},"_isSystemFontUsed":false,"_N$horizontalAlign":1,"_N$verticalAlign":1}],"_contentSize":{"__type__":"cc.Size","width":104.86,"height":27.78},"_position":{"__type__":"cc.Vec3","y":82},"_scale":{"__type__":"cc.Vec3","x":1,"y":1,"z":1},"_localZOrder":537},{"__type__":"cc.Node","_name":"CLAMP","_parent":{"__id__":16},"_children":[{"__id__":19},{"__id__":20},{"__id__":21}],"_position":{"__type__":"cc.Vec3","x":-110},"_scale":{"__type__":"cc.Vec3","x":1,"y":1,"z":1},"_localZOrder":538},{"__type__":"cc.Node","_name":"Background","_parent":{"__id__":18},"_components":[{"__type__":"cc.Sprite","node":{"__id__":19},"_spriteFrame":{"__uuid__":"c0GPA1PjJA7bli4XEgVjPQ"},"_type":1,"_sizeMode":0}],"_color":{"__type__":"cc.Color","r":87,"g":87,"b":87},"_contentSize":{"__type__":"cc.Size","width":200,"height":80},"_scale":{"__type__":"cc.Vec3","x":1,"y":1,"z":1},"_localZOrder":539},{"__type__":"cc.Node","_name":"Label","_parent":{"__id__":18},"_components":[{"__type__":"cc.Label","node":{"__id__":20},"_useOriginalSize":false,"_string":"This is Bitmap Font","_N$string":"This is Bitmap Font","_fontSize":25,"_enableWrapText":false,"_N$file":{"__uuid__":"e9DdfGzRhMeq6D3O+bChta"},"_isSystemFontUsed":false,"_N$horizontalAlign":1,"_N$verticalAlign":1,"_N$overflow":1}],"_contentSize":{"__type__":"cc.Size","width":190,"height":60},"_scale":{"__type__":"cc.Vec3","x":1,"y":1,"z":1},"_localZOrder":540},{"__type__":"cc.Node","_name":"Tips","_parent":{"__id__":18},"_components":[{"__type__":"cc.Label","node":{"__id__":21},"_useOriginalSize":false,"_string":"Overflow: CLAMP","_N$string":"Overflow: CLAMP","_fontSize":20,"_lineHeight":25,"_N$file":{"__uuid__":"76jYRJdaFM2YlYwdiF1d0k"},"_isSystemFontUsed":false,"_N$verticalAlign":1}],"_contentSize":{"__type__":"cc.Size","width":151,"height":12.5},"_position":{"__type__":"cc.Vec3","y":-65.6},"_scale":{"__type__":"cc.Vec3","x":1,"y":1,"z":1},"_localZOrder":541},{"__type__":"cc.Node","_name":"SHRINK","_parent":{"__id__":16},"_children":[{"__id__":23},{"__id__":24},{"__id__":25}],"_position":{"__type__":"cc.Vec3","x":110},"_scale":{"__type__":"cc.Vec3","x":1,"y":1,"z":1},"_localZOrder":542},{"__type__":"cc.Node","_name":"Background","_parent":{"__id__":22},"_components":[{"__type__":"cc.Sprite","node":{"__id__":23},"_spriteFrame":{"__uuid__":"c0GPA1PjJA7bli4XEgVjPQ"},"_type":1,"_sizeMode":0}],"_color":{"__type__":"cc.Color","r":87,"g":87,"b":87},"_contentSize":{"__type__":"cc.Size","width":200,"height":80},"_scale":{"__type__":"cc.Vec3","x":1,"y":1,"z":1},"_localZOrder":543},{"__type__":"cc.Node","_name":"Label","_parent":{"__id__":22},"_components":[{"__type__":"cc.Label","node":{"__id__":24},"_useOriginalSize":false,"_string":"This is Bitmap Font","_N$string":"This is Bitmap Font","_fontSize":22,"_enableWrapText":false,"_N$file":{"__uuid__":"e9DdfGzRhMeq6D3O+bChta"},"_isSystemFontUsed":false,"_N$horizontalAlign":1,"_N$verticalAlign":1,"_N$overflow":2}],"_contentSize":{"__type__":"cc.Size","width":190,"height":60},"_scale":{"__type__":"cc.Vec3","x":1,"y":1,"z":1},"_localZOrder":544},{"__type__":"cc.Node","_name":"Tips","_parent":{"__id__":22},"_components":[{"__type__":"cc.Label","node":{"__id__":25},"_useOriginalSize":false,"_string":"Overflow: SHRINK","_N$string":"Overflow: SHRINK","_fontSize":20,"_lineHeight":25,"_N$file":{"__uuid__":"76jYRJdaFM2YlYwdiF1d0k"},"_isSystemFontUsed":false,"_N$verticalAlign":1}],"_contentSize":{"__type__":"cc.Size","width":161,"height":12.5},"_position":{"__type__":"cc.Vec3","y":-64.7},"_scale":{"__type__":"cc.Vec3","x":1,"y":1,"z":1},"_localZOrder":545},{"__type__":"cc.Node","_name":"RESIZE_HEIGHT","_parent":{"__id__":2},"_children":[{"__id__":27},{"__id__":28},{"__id__":29}],"_position":{"__type__":"cc.Vec3","x":248},"_scale":{"__type__":"cc.Vec3","x":1,"y":1,"z":1},"_localZOrder":546},{"__type__":"cc.Node","_name":"Background","_parent":{"__id__":26},"_components":[{"__type__":"cc.Sprite","node":{"__id__":27},"_spriteFrame":{"__uuid__":"c0GPA1PjJA7bli4XEgVjPQ"},"_type":1,"_sizeMode":0}],"_color":{"__type__":"cc.Color","r":87,"g":87,"b":87},"_contentSize":{"__type__":"cc.Size","width":200,"height":80},"_scale":{"__type__":"cc.Vec3","x":1,"y":1,"z":1},"_localZOrder":547},{"__type__":"cc.Node","_name":"Label","_parent":{"__id__":26},"_components":[{"__type__":"cc.Label","node":{"__id__":28},"_useOriginalSize":false,"_string":"Hello! Welcome Come To Cocos Creator","_N$string":"Hello! Welcome Come To Cocos Creator","_fontSize":25,"_N$file":{"__uuid__":"e9DdfGzRhMeq6D3O+bChta"},"_isSystemFontUsed":false,"_N$horizontalAlign":1,"_N$verticalAlign":1,"_N$overflow":3}],"_contentSize":{"__type__":"cc.Size","width":200,"height":83.33},"_scale":{"__type__":"cc.Vec3","x":1,"y":1,"z":1},"_localZOrder":548},{"__type__":"cc.Node","_name":"Tips","_parent":{"__id__":26},"_components":[{"__type__":"cc.Label","node":{"__id__":29},"_useOriginalSize":false,"_string":"Overflow: RESZIE_HEIGHT","_N$string":"Overflow: RESZIE_HEIGHT","_fontSize":20,"_lineHeight":50,"_N$file":{"__uuid__":"76jYRJdaFM2YlYwdiF1d0k"},"_isSystemFontUsed":false,"_N$horizontalAlign":1,"_N$verticalAlign":1}],"_contentSize":{"__type__":"cc.Size","width":231.5,"height":25},"_position":{"__type__":"cc.Vec3","y":-70},"_scale":{"__type__":"cc.Vec3","x":1,"y":1,"z":1},"_localZOrder":549},{"__type__":"cc.Node","_name":"Gold","_parent":{"__id__":2},"_children":[{"__id__":31}],"_contentSize":{"__type__":"cc.Size","width":150,"height":60},"_position":{"__type__":"cc.Vec3","y":-259},"_scale":{"__type__":"cc.Vec3","x":1,"y":1,"z":1},"_localZOrder":550},{"__type__":"cc.Node","_name":"Label","_parent":{"__id__":30},"_children":[{"__id__":32}],"_components":[{"__id__":33}],"_color":{"__type__":"cc.Color","r":255,"g":255},"_contentSize":{"__type__":"cc.Size","width":33.33,"height":44.44},"_position":{"__type__":"cc.Vec3","x":-29.6,"y":2},"_scale":{"__type__":"cc.Vec3","x":1,"y":1,"z":1},"_localZOrder":551},{"__type__":"cc.Node","_name":"icon","_parent":{"__id__":31},"_components":[{"__type__":"cc.Sprite","node":{"__id__":32},"_spriteFrame":{"__uuid__":"e3BKZDfgROhagh0UmGu1Ys"},"_sizeMode":2},{"__type__":"cc.Widget","node":{"__id__":32},"alignMode":2,"_alignFlags":8,"_left":-92.33333333333333}],"_contentSize":{"__type__":"cc.Size","width":80,"height":80},"_position":{"__type__":"cc.Vec3","x":-68.99833333333333,"y":-1},"_scale":{"__type__":"cc.Vec3","x":1,"y":1,"z":1},"_localZOrder":552},{"__type__":"cc.Label","node":{"__id__":31},"_useOriginalSize":false,"_string":"0","_N$string":"0","_N$file":{"__uuid__":"e9DdfGzRhMeq6D3O+bChta"},"_isSystemFontUsed":false,"_N$horizontalAlign":1,"_N$verticalAlign":1},{"__type__":"cc.Node","_name":"GoldBeatingAnime","_parent":{"__id__":1},"_components":[{"__type__":"ea8108bpl9ErIGOELI2Fezi","node":{"__id__":34},"speed":10,"gold_label":{"__id__":33}}],"_scale":{"__type__":"cc.Vec3","x":1,"y":1,"z":1},"_localZOrder":553,"_id":"bfe39TQa5REGYRRJKgtYjIC"},{"__type__":"cc.Node","_name":"AdaptiveSprite","_parent":{"__id__":1},"_components":[{"__type__":"4edf1JTF/BHIKZVY3FaAqsT","node":{"__id__":35},"label":{"__id__":28},"backgroup":{"__id__":27}}],"_scale":{"__type__":"cc.Vec3","x":1,"y":1,"z":1},"_localZOrder":554,"_id":"69b0e1WB39F+rhgliGe6tAI"}],{"__type__":"cc.SpriteFrame","content":{"name":"bg","texture":"5cSEe6cUVByreKJqRNvahb","rect":[0,0,14,14],"offset":[0,0],"originalSize":[14,14],"capInsets":[5,5,5,5]}},{"__type__":"cc.SpriteFrame","content":{"name":"goldcoin","texture":"6e4xGvLlZICpjd7mPj1bJM","rect":[0,0,80,80],"offset":[0,0],"originalSize":[80,80]}}]