[{"__type__":"cc.SpriteFrame","content":{"name":"singleColor","texture":"1bags8Kg5BCpWrU9yaA6Ng","rect":[0,0,2,2],"offset":[0,0],"originalSize":[2,2]}},[{"__type__":"cc.SceneAsset","_name":"Layout_None_Horizontal_Vertical","scene":{"__id__":1},"asyncLoadAssets":null},{"__type__":"cc.Scene","_name":"New Node","_children":[{"__id__":2}],"_anchorPoint":{"__type__":"cc.Vec2"},"_scale":{"__type__":"cc.Vec3","x":0.6520833333333333,"y":0.6520833333333333,"z":1},"_localZOrder":1685,"autoReleaseAssets":true},{"__type__":"cc.Node","_name":"Canvas","_parent":{"__id__":1},"_children":[{"__id__":3},{"__id__":4},{"__id__":5},{"__id__":18}],"_components":[{"__type__":"cc.Canvas","node":{"__id__":2}}],"_contentSize":{"__type__":"cc.Size","width":960,"height":640},"_position":{"__type__":"cc.Vec3","x":480,"y":320},"_scale":{"__type__":"cc.Vec3","x":1,"y":1,"z":1},"_localZOrder":1686,"_id":"2b4b0ThdStC8KTNA1SHlmwt"},{"__type__":"cc.Node","_name":"Main Camera","_parent":{"__id__":2},"_level":1,"_components":[{"__type__":"cc.Camera","node":{"__id__":3},"_clearFlags":3,"_depth":-1}],"_scale":{"__type__":"cc.Vec3","x":1,"y":1,"z":1},"_localZOrder":1687},{"__type__":"cc.Node","_name":"Background","_parent":{"__id__":2},"_components":[{"__type__":"cc.Sprite","node":{"__id__":4},"_spriteFrame":{"__uuid__":"0aoLNsxKlM4qs77+3nCObU"},"_sizeMode":0},{"__type__":"cc.Widget","node":{"__id__":4},"alignMode":2,"_alignFlags":45,"_originalWidth":960,"_originalHeight":640}],"_prefab":{"__type__":"cc.PrefabInfo","root":{"__id__":4},"asset":{"__uuid__":"b8OSNRvpdPAZhePn0hGPPJ"},"fileId":"78fd70+ls5GgJcFkzvLSRk8"},"_color":{"__type__":"cc.Color","r":57,"g":61,"b":64},"_contentSize":{"__type__":"cc.Size","width":960,"height":640},"_scale":{"__type__":"cc.Vec3","x":1,"y":1,"z":1},"_localZOrder":1688},{"__type__":"cc.Node","_name":"Horizontal_Layout","_parent":{"__id__":2},"_children":[{"__id__":6},{"__id__":17}],"_position":{"__type__":"cc.Vec3","x":-183},"_scale":{"__type__":"cc.Vec3","x":1,"y":1,"z":1},"_localZOrder":1689},{"__type__":"cc.Node","_name":"01_Horizontal_Layout_None","_parent":{"__id__":5},"_children":[{"__id__":7},{"__id__":9},{"__id__":11},{"__id__":13},{"__id__":15}],"_components":[{"__type__":"cc.Sprite","node":{"__id__":6},"_spriteFrame":{"__uuid__":"7ewuO0jsFIiKv5sYyeKk6T"},"_type":1,"_sizeMode":0},{"__type__":"cc.Layout","node":{"__id__":6},"_layoutSize":{"__type__":"cc.Size","width":355.5,"height":89},"_N$layoutType":1,"_N$cellSize":{"__type__":"cc.Size"},"_N$paddingLeft":24,"_N$paddingRight":24,"_N$paddingTop":24,"_N$paddingBottom":24,"_N$spacingX":13.7},{"__type__":"cc.Widget","node":{"__id__":6},"alignMode":0,"_alignFlags":8,"_left":-177.75}],"_color":{"__type__":"cc.Color","r":167,"g":167,"b":167},"_contentSize":{"__type__":"cc.Size","width":355.5,"height":89},"_position":{"__type__":"cc.Vec3","y":60},"_scale":{"__type__":"cc.Vec3","x":1,"y":1,"z":1},"_localZOrder":1690},{"__type__":"cc.Node","_name":"item0","_parent":{"__id__":6},"_children":[{"__id__":8}],"_components":[{"__type__":"cc.Sprite","node":{"__id__":7},"_spriteFrame":{"__uuid__":"c0GPA1PjJA7bli4XEgVjPQ"},"_type":1,"_sizeMode":0}],"_contentSize":{"__type__":"cc.Size","width":50,"height":50},"_position":{"__type__":"cc.Vec3","x":-128.75},"_scale":{"__type__":"cc.Vec3","x":1,"y":1,"z":1},"_localZOrder":1691},{"__type__":"cc.Node","_name":"New Label","_parent":{"__id__":7},"_components":[{"__type__":"cc.Label","node":{"__id__":8},"_useOriginalSize":false,"_string":"0","_N$string":"0","_N$file":{"__uuid__":"e9DdfGzRhMeq6D3O+bChta"},"_isSystemFontUsed":false,"_N$horizontalAlign":1,"_N$verticalAlign":1}],"_color":{"__type__":"cc.Color","r":253,"g":244,"b":244},"_contentSize":{"__type__":"cc.Size","width":33.33,"height":44.44},"_scale":{"__type__":"cc.Vec3","x":1,"y":1,"z":1},"_localZOrder":1692},{"__type__":"cc.Node","_name":"item1","_parent":{"__id__":6},"_children":[{"__id__":10}],"_components":[{"__type__":"cc.Sprite","node":{"__id__":9},"_spriteFrame":{"__uuid__":"c0GPA1PjJA7bli4XEgVjPQ"},"_type":1,"_sizeMode":0}],"_contentSize":{"__type__":"cc.Size","width":50,"height":50},"_position":{"__type__":"cc.Vec3","x":-65.05},"_scale":{"__type__":"cc.Vec3","x":1,"y":1,"z":1},"_localZOrder":1693},{"__type__":"cc.Node","_name":"New Label","_parent":{"__id__":9},"_components":[{"__type__":"cc.Label","node":{"__id__":10},"_useOriginalSize":false,"_string":"1","_N$string":"1","_N$file":{"__uuid__":"e9DdfGzRhMeq6D3O+bChta"},"_isSystemFontUsed":false,"_N$horizontalAlign":1,"_N$verticalAlign":1}],"_color":{"__type__":"cc.Color","r":253,"g":244,"b":244},"_contentSize":{"__type__":"cc.Size","width":24.44,"height":44.44},"_scale":{"__type__":"cc.Vec3","x":1,"y":1,"z":1},"_localZOrder":1694},{"__type__":"cc.Node","_name":"item2","_parent":{"__id__":6},"_children":[{"__id__":12}],"_components":[{"__type__":"cc.Sprite","node":{"__id__":11},"_spriteFrame":{"__uuid__":"c0GPA1PjJA7bli4XEgVjPQ"},"_type":1,"_sizeMode":0}],"_contentSize":{"__type__":"cc.Size","width":50,"height":50},"_position":{"__type__":"cc.Vec3","x":-1.3499999999999979},"_scale":{"__type__":"cc.Vec3","x":1,"y":1,"z":1},"_localZOrder":1695},{"__type__":"cc.Node","_name":"New Label","_parent":{"__id__":11},"_components":[{"__type__":"cc.Label","node":{"__id__":12},"_useOriginalSize":false,"_string":"2","_N$string":"2","_N$file":{"__uuid__":"e9DdfGzRhMeq6D3O+bChta"},"_isSystemFontUsed":false,"_N$horizontalAlign":1,"_N$verticalAlign":1}],"_color":{"__type__":"cc.Color","r":253,"g":244,"b":244},"_contentSize":{"__type__":"cc.Size","width":30,"height":44.44},"_scale":{"__type__":"cc.Vec3","x":1,"y":1,"z":1},"_localZOrder":1696},{"__type__":"cc.Node","_name":"item3","_parent":{"__id__":6},"_children":[{"__id__":14}],"_components":[{"__type__":"cc.Sprite","node":{"__id__":13},"_spriteFrame":{"__uuid__":"c0GPA1PjJA7bli4XEgVjPQ"},"_type":1,"_sizeMode":0}],"_contentSize":{"__type__":"cc.Size","width":50,"height":50},"_position":{"__type__":"cc.Vec3","x":62.35000000000001},"_scale":{"__type__":"cc.Vec3","x":1,"y":1,"z":1},"_localZOrder":1697},{"__type__":"cc.Node","_name":"New Label","_parent":{"__id__":13},"_components":[{"__type__":"cc.Label","node":{"__id__":14},"_useOriginalSize":false,"_string":"3","_N$string":"3","_N$file":{"__uuid__":"e9DdfGzRhMeq6D3O+bChta"},"_isSystemFontUsed":false,"_N$horizontalAlign":1,"_N$verticalAlign":1}],"_color":{"__type__":"cc.Color","r":253,"g":244,"b":244},"_contentSize":{"__type__":"cc.Size","width":31.11,"height":44.44},"_scale":{"__type__":"cc.Vec3","x":1,"y":1,"z":1},"_localZOrder":1698},{"__type__":"cc.Node","_name":"item4","_parent":{"__id__":6},"_children":[{"__id__":16}],"_components":[{"__type__":"cc.Sprite","node":{"__id__":15},"_spriteFrame":{"__uuid__":"c0GPA1PjJA7bli4XEgVjPQ"},"_type":1,"_sizeMode":0}],"_contentSize":{"__type__":"cc.Size","width":50,"height":50},"_position":{"__type__":"cc.Vec3","x":126.05000000000001},"_scale":{"__type__":"cc.Vec3","x":1,"y":1,"z":1},"_localZOrder":1699},{"__type__":"cc.Node","_name":"New Label","_parent":{"__id__":15},"_components":[{"__type__":"cc.Label","node":{"__id__":16},"_useOriginalSize":false,"_string":"4","_N$string":"4","_N$file":{"__uuid__":"e9DdfGzRhMeq6D3O+bChta"},"_isSystemFontUsed":false,"_N$horizontalAlign":1,"_N$verticalAlign":1}],"_color":{"__type__":"cc.Color","r":253,"g":244,"b":244},"_contentSize":{"__type__":"cc.Size","width":33.33,"height":44.44},"_scale":{"__type__":"cc.Vec3","x":1,"y":1,"z":1},"_localZOrder":1700},{"__type__":"cc.Node","_name":"01_Title","_parent":{"__id__":5},"_components":[{"__type__":"e4f88adp3hERoJ48DZ2PSAl","node":{"__id__":17},"_useOriginalSize":false,"_string":"水平布局容器，类型: None\n不自动调整大小","_N$string":"水平布局容器，类型: None\n不自动调整大小","_fontSize":25,"_N$horizontalAlign":1,"_N$verticalAlign":1,"_N$textKey":"cases/02_ui/06_layout/LayoutNone.fire.35"},{"__type__":"cc.Widget","node":{"__id__":17},"alignMode":0,"_alignFlags":8,"_left":-149.33}],"_contentSize":{"__type__":"cc.Size","width":298.66,"height":80},"_position":{"__type__":"cc.Vec3","y":-120},"_scale":{"__type__":"cc.Vec3","x":1,"y":1,"z":1},"_localZOrder":1701},{"__type__":"cc.Node","_name":"Vertical_Layout","_parent":{"__id__":2},"_children":[{"__id__":19},{"__id__":26}],"_position":{"__type__":"cc.Vec3","x":226},"_scale":{"__type__":"cc.Vec3","x":1,"y":1,"z":1},"_localZOrder":1702},{"__type__":"cc.Node","_name":"02_Vertical_Layout_None","_parent":{"__id__":18},"_children":[{"__id__":20},{"__id__":22},{"__id__":24}],"_components":[{"__type__":"cc.Sprite","node":{"__id__":19},"_spriteFrame":{"__uuid__":"7ewuO0jsFIiKv5sYyeKk6T"},"_type":1,"_sizeMode":0},{"__type__":"cc.Layout","node":{"__id__":19},"_layoutSize":{"__type__":"cc.Size","width":85.7,"height":208.9},"_N$layoutType":2,"_N$cellSize":{"__type__":"cc.Size"},"_N$paddingLeft":12,"_N$paddingRight":12,"_N$paddingTop":12,"_N$paddingBottom":12,"_N$spacingX":10,"_N$spacingY":16}],"_color":{"__type__":"cc.Color","r":167,"g":167,"b":167},"_contentSize":{"__type__":"cc.Size","width":85.7,"height":208.9},"_position":{"__type__":"cc.Vec3","y":60},"_scale":{"__type__":"cc.Vec3","x":1,"y":1,"z":1},"_localZOrder":1703},{"__type__":"cc.Node","_name":"item0","_parent":{"__id__":19},"_children":[{"__id__":21}],"_components":[{"__type__":"cc.Sprite","node":{"__id__":20},"_spriteFrame":{"__uuid__":"c0GPA1PjJA7bli4XEgVjPQ"},"_type":1,"_sizeMode":0}],"_contentSize":{"__type__":"cc.Size","width":50,"height":50},"_position":{"__type__":"cc.Vec3","y":67.45},"_scale":{"__type__":"cc.Vec3","x":1,"y":1,"z":1},"_localZOrder":1704},{"__type__":"cc.Node","_name":"New Label","_parent":{"__id__":20},"_components":[{"__type__":"cc.Label","node":{"__id__":21},"_useOriginalSize":false,"_string":"0","_N$string":"0","_N$file":{"__uuid__":"e9DdfGzRhMeq6D3O+bChta"},"_isSystemFontUsed":false,"_N$horizontalAlign":1,"_N$verticalAlign":1}],"_color":{"__type__":"cc.Color","r":253,"g":244,"b":244},"_contentSize":{"__type__":"cc.Size","width":33.33,"height":44.44},"_scale":{"__type__":"cc.Vec3","x":1,"y":1,"z":1},"_localZOrder":1705},{"__type__":"cc.Node","_name":"item1","_parent":{"__id__":19},"_children":[{"__id__":23}],"_components":[{"__type__":"cc.Sprite","node":{"__id__":22},"_spriteFrame":{"__uuid__":"c0GPA1PjJA7bli4XEgVjPQ"},"_type":1,"_sizeMode":0}],"_contentSize":{"__type__":"cc.Size","width":50,"height":50},"_position":{"__type__":"cc.Vec3","y":1.4500000000000028},"_scale":{"__type__":"cc.Vec3","x":1,"y":1,"z":1},"_localZOrder":1706},{"__type__":"cc.Node","_name":"New Label","_parent":{"__id__":22},"_components":[{"__type__":"cc.Label","node":{"__id__":23},"_useOriginalSize":false,"_string":"1","_N$string":"1","_N$file":{"__uuid__":"e9DdfGzRhMeq6D3O+bChta"},"_isSystemFontUsed":false,"_N$horizontalAlign":1,"_N$verticalAlign":1}],"_color":{"__type__":"cc.Color","r":253,"g":244,"b":244},"_contentSize":{"__type__":"cc.Size","width":24.44,"height":44.44},"_scale":{"__type__":"cc.Vec3","x":1,"y":1,"z":1},"_localZOrder":1707},{"__type__":"cc.Node","_name":"item2","_parent":{"__id__":19},"_children":[{"__id__":25}],"_components":[{"__type__":"cc.Sprite","node":{"__id__":24},"_spriteFrame":{"__uuid__":"c0GPA1PjJA7bli4XEgVjPQ"},"_type":1,"_sizeMode":0}],"_contentSize":{"__type__":"cc.Size","width":50,"height":50},"_position":{"__type__":"cc.Vec3","y":-64.55},"_scale":{"__type__":"cc.Vec3","x":1,"y":1,"z":1},"_localZOrder":1708},{"__type__":"cc.Node","_name":"New Label","_parent":{"__id__":24},"_components":[{"__type__":"cc.Label","node":{"__id__":25},"_useOriginalSize":false,"_string":"2","_N$string":"2","_N$file":{"__uuid__":"e9DdfGzRhMeq6D3O+bChta"},"_isSystemFontUsed":false,"_N$horizontalAlign":1,"_N$verticalAlign":1}],"_color":{"__type__":"cc.Color","r":253,"g":244,"b":244},"_contentSize":{"__type__":"cc.Size","width":30,"height":44.44},"_scale":{"__type__":"cc.Vec3","x":1,"y":1,"z":1},"_localZOrder":1709},{"__type__":"cc.Node","_name":"02_Title","_parent":{"__id__":18},"_components":[{"__type__":"e4f88adp3hERoJ48DZ2PSAl","node":{"__id__":26},"_useOriginalSize":false,"_string":"垂直布局容器，类型: None\n不自动调整大小","_N$string":"垂直布局容器，类型: None\n不自动调整大小","_fontSize":25,"_N$horizontalAlign":1,"_N$verticalAlign":1,"_N$textKey":"cases/02_ui/06_layout/LayoutNone.fire.60"},{"__type__":"cc.Widget","node":{"__id__":26},"alignMode":0,"_alignFlags":32,"_right":-151.40500000000003,"_originalWidth":298.66}],"_contentSize":{"__type__":"cc.Size","width":298.66,"height":80},"_position":{"__type__":"cc.Vec3","x":2.075000000000017,"y":-120},"_scale":{"__type__":"cc.Vec3","x":1,"y":1,"z":1},"_localZOrder":1710}],{"__type__":"cc.SpriteFrame","content":{"name":"scrollview_bg","texture":"06gADN5K1HtoY06kxf4R9N","rect":[0,0,14,14],"offset":[0,0],"originalSize":[14,14],"capInsets":[5,5,5,5]}},{"__type__":"cc.SpriteFrame","content":{"name":"bg","texture":"5cSEe6cUVByreKJqRNvahb","rect":[0,0,14,14],"offset":[0,0],"originalSize":[14,14],"capInsets":[5,5,5,5]}}]