[{"__type__":"cc.SpriteFrame","content":{"name":"singleColor","texture":"1bags8Kg5BCpWrU9yaA6Ng","rect":[0,0,2,2],"offset":[0,0],"originalSize":[2,2]}},{"__type__":"cc.SpriteFrame","content":{"name":"scrollview_bg","texture":"06gADN5K1HtoY06kxf4R9N","rect":[0,0,14,14],"offset":[0,0],"originalSize":[14,14],"capInsets":[5,5,5,5]}},{"__type__":"cc.SpriteFrame","content":{"name":"bg","texture":"5cSEe6cUVByreKJqRNvahb","rect":[0,0,14,14],"offset":[0,0],"originalSize":[14,14],"capInsets":[5,5,5,5]}},[{"__type__":"cc.SceneAsset","_name":"Layout_None_Basic","scene":{"__id__":1},"asyncLoadAssets":null},{"__type__":"cc.Scene","_name":"New Node","_children":[{"__id__":2}],"_anchorPoint":{"__type__":"cc.Vec2"},"_scale":{"__type__":"cc.Vec3","x":0.6520833333333333,"y":0.6520833333333333,"z":1},"_localZOrder":1424,"autoReleaseAssets":true},{"__type__":"cc.Node","_name":"Canvas","_parent":{"__id__":1},"_children":[{"__id__":3},{"__id__":4},{"__id__":5}],"_components":[{"__type__":"cc.Canvas","node":{"__id__":2}}],"_contentSize":{"__type__":"cc.Size","width":960,"height":640},"_position":{"__type__":"cc.Vec3","x":480,"y":320},"_scale":{"__type__":"cc.Vec3","x":1,"y":1,"z":1},"_localZOrder":1425,"_id":"2b4b0ThdStC8KTNA1SHlmwt"},{"__type__":"cc.Node","_name":"Main Camera","_parent":{"__id__":2},"_level":1,"_components":[{"__type__":"cc.Camera","node":{"__id__":3},"_clearFlags":3,"_depth":-1}],"_scale":{"__type__":"cc.Vec3","x":1,"y":1,"z":1},"_localZOrder":1426},{"__type__":"cc.Node","_name":"Background","_parent":{"__id__":2},"_components":[{"__type__":"cc.Sprite","node":{"__id__":4},"_spriteFrame":{"__uuid__":"0aoLNsxKlM4qs77+3nCObU"},"_sizeMode":0},{"__type__":"cc.Widget","node":{"__id__":4},"alignMode":2,"_alignFlags":45,"_originalWidth":960,"_originalHeight":640}],"_prefab":{"__type__":"cc.PrefabInfo","root":{"__id__":4},"asset":{"__uuid__":"b8OSNRvpdPAZhePn0hGPPJ"},"fileId":"78fd70+ls5GgJcFkzvLSRk8"},"_color":{"__type__":"cc.Color","r":57,"g":61,"b":64},"_contentSize":{"__type__":"cc.Size","width":960,"height":640},"_scale":{"__type__":"cc.Vec3","x":1,"y":1,"z":1},"_localZOrder":1427},{"__type__":"cc.Node","_name":"Basic","_parent":{"__id__":2},"_children":[{"__id__":6},{"__id__":19}],"_components":[{"__type__":"cc.Widget","node":{"__id__":5},"alignMode":0,"_alignFlags":18}],"_scale":{"__type__":"cc.Vec3","x":1,"y":1,"z":1},"_localZOrder":1428},{"__type__":"cc.Node","_name":"00_Basic_Layou_None","_parent":{"__id__":5},"_children":[{"__id__":7},{"__id__":9},{"__id__":11},{"__id__":13},{"__id__":15},{"__id__":17}],"_components":[{"__type__":"cc.Sprite","node":{"__id__":6},"_spriteFrame":{"__uuid__":"7ewuO0jsFIiKv5sYyeKk6T"},"_type":1,"_sizeMode":0},{"__type__":"cc.Layout","node":{"__id__":6},"_layoutSize":{"__type__":"cc.Size","width":445.9,"height":69.3},"_resize":1,"_N$cellSize":{"__type__":"cc.Size"},"_N$spacingX":10}],"_color":{"__type__":"cc.Color","r":167,"g":167,"b":167},"_contentSize":{"__type__":"cc.Size","width":445.9,"height":69.3},"_anchorPoint":{"__type__":"cc.Vec2","x":0.22,"y":0.64},"_position":{"__type__":"cc.Vec3","x":-135,"y":71},"_scale":{"__type__":"cc.Vec3","x":1,"y":1,"z":1},"_localZOrder":1429},{"__type__":"cc.Node","_name":"item0","_parent":{"__id__":6},"_children":[{"__id__":8}],"_components":[{"__type__":"cc.Sprite","node":{"__id__":7},"_spriteFrame":{"__uuid__":"c0GPA1PjJA7bli4XEgVjPQ"},"_type":1,"_sizeMode":0}],"_contentSize":{"__type__":"cc.Size","width":50,"height":50},"_position":{"__type__":"cc.Vec3","x":239.4,"y":-4.1},"_scale":{"__type__":"cc.Vec3","x":1,"y":1,"z":1},"_localZOrder":1430},{"__type__":"cc.Node","_name":"New Label","_parent":{"__id__":7},"_components":[{"__type__":"cc.Label","node":{"__id__":8},"_useOriginalSize":false,"_string":"0","_N$string":"0","_N$file":{"__uuid__":"e9DdfGzRhMeq6D3O+bChta"},"_isSystemFontUsed":false,"_N$horizontalAlign":1,"_N$verticalAlign":1}],"_color":{"__type__":"cc.Color","r":253,"g":244,"b":244},"_contentSize":{"__type__":"cc.Size","width":33.33,"height":44.44},"_scale":{"__type__":"cc.Vec3","x":1,"y":1,"z":1},"_localZOrder":1431},{"__type__":"cc.Node","_name":"item1","_parent":{"__id__":6},"_children":[{"__id__":10}],"_components":[{"__type__":"cc.Sprite","node":{"__id__":9},"_spriteFrame":{"__uuid__":"c0GPA1PjJA7bli4XEgVjPQ"},"_type":1,"_sizeMode":0}],"_contentSize":{"__type__":"cc.Size","width":50,"height":50},"_position":{"__type__":"cc.Vec3","x":323.3,"y":-9.9},"_scale":{"__type__":"cc.Vec3","x":1,"y":1,"z":1},"_localZOrder":1432},{"__type__":"cc.Node","_name":"New Label","_parent":{"__id__":9},"_components":[{"__type__":"cc.Label","node":{"__id__":10},"_useOriginalSize":false,"_string":"1","_N$string":"1","_N$file":{"__uuid__":"e9DdfGzRhMeq6D3O+bChta"},"_isSystemFontUsed":false,"_N$horizontalAlign":1,"_N$verticalAlign":1}],"_color":{"__type__":"cc.Color","r":253,"g":244,"b":244},"_contentSize":{"__type__":"cc.Size","width":24.44,"height":44.44},"_scale":{"__type__":"cc.Vec3","x":1,"y":1,"z":1},"_localZOrder":1433},{"__type__":"cc.Node","_name":"item2","_parent":{"__id__":6},"_children":[{"__id__":12}],"_components":[{"__type__":"cc.Sprite","node":{"__id__":11},"_spriteFrame":{"__uuid__":"c0GPA1PjJA7bli4XEgVjPQ"},"_type":1,"_sizeMode":0}],"_contentSize":{"__type__":"cc.Size","width":50,"height":50},"_position":{"__type__":"cc.Vec3","x":76.3,"y":-4.8},"_scale":{"__type__":"cc.Vec3","x":1,"y":1,"z":1},"_localZOrder":1434},{"__type__":"cc.Node","_name":"New Label","_parent":{"__id__":11},"_components":[{"__type__":"cc.Label","node":{"__id__":12},"_useOriginalSize":false,"_string":"2","_N$string":"2","_N$file":{"__uuid__":"e9DdfGzRhMeq6D3O+bChta"},"_isSystemFontUsed":false,"_N$horizontalAlign":1,"_N$verticalAlign":1}],"_color":{"__type__":"cc.Color","r":253,"g":244,"b":244},"_contentSize":{"__type__":"cc.Size","width":30,"height":44.44},"_scale":{"__type__":"cc.Vec3","x":1,"y":1,"z":1},"_localZOrder":1435},{"__type__":"cc.Node","_name":"item3","_parent":{"__id__":6},"_children":[{"__id__":14}],"_components":[{"__type__":"cc.Sprite","node":{"__id__":13},"_spriteFrame":{"__uuid__":"c0GPA1PjJA7bli4XEgVjPQ"},"_type":1,"_sizeMode":0}],"_contentSize":{"__type__":"cc.Size","width":50,"height":50},"_position":{"__type__":"cc.Vec3","x":163.9,"y":-13.7},"_scale":{"__type__":"cc.Vec3","x":1,"y":1,"z":1},"_localZOrder":1436},{"__type__":"cc.Node","_name":"New Label","_parent":{"__id__":13},"_components":[{"__type__":"cc.Label","node":{"__id__":14},"_useOriginalSize":false,"_string":"3","_N$string":"3","_N$file":{"__uuid__":"e9DdfGzRhMeq6D3O+bChta"},"_isSystemFontUsed":false,"_N$horizontalAlign":1,"_N$verticalAlign":1}],"_color":{"__type__":"cc.Color","r":253,"g":244,"b":244},"_contentSize":{"__type__":"cc.Size","width":31.11,"height":44.44},"_scale":{"__type__":"cc.Vec3","x":1,"y":1,"z":1},"_localZOrder":1437},{"__type__":"cc.Node","_name":"item4","_parent":{"__id__":6},"_children":[{"__id__":16}],"_components":[{"__type__":"cc.Sprite","node":{"__id__":15},"_spriteFrame":{"__uuid__":"c0GPA1PjJA7bli4XEgVjPQ"},"_type":1,"_sizeMode":0}],"_contentSize":{"__type__":"cc.Size","width":50,"height":50},"_position":{"__type__":"cc.Vec3","x":-72.6,"y":-0.1},"_scale":{"__type__":"cc.Vec3","x":1,"y":1,"z":1},"_localZOrder":1438},{"__type__":"cc.Node","_name":"New Label","_parent":{"__id__":15},"_components":[{"__type__":"cc.Label","node":{"__id__":16},"_useOriginalSize":false,"_string":"4","_N$string":"4","_N$file":{"__uuid__":"e9DdfGzRhMeq6D3O+bChta"},"_isSystemFontUsed":false,"_N$horizontalAlign":1,"_N$verticalAlign":1}],"_color":{"__type__":"cc.Color","r":253,"g":244,"b":244},"_contentSize":{"__type__":"cc.Size","width":33.33,"height":44.44},"_scale":{"__type__":"cc.Vec3","x":1,"y":1,"z":1},"_localZOrder":1439},{"__type__":"cc.Node","_name":"item5","_parent":{"__id__":6},"_children":[{"__id__":18}],"_components":[{"__type__":"cc.Sprite","node":{"__id__":17},"_spriteFrame":{"__uuid__":"c0GPA1PjJA7bli4XEgVjPQ"},"_type":1,"_sizeMode":0}],"_contentSize":{"__type__":"cc.Size","width":50,"height":50},"_position":{"__type__":"cc.Vec3","x":-10.4,"y":-19.4},"_scale":{"__type__":"cc.Vec3","x":1,"y":1,"z":1},"_localZOrder":1440},{"__type__":"cc.Node","_name":"New Label","_parent":{"__id__":17},"_components":[{"__type__":"cc.Label","node":{"__id__":18},"_useOriginalSize":false,"_string":"5","_N$string":"5","_N$file":{"__uuid__":"e9DdfGzRhMeq6D3O+bChta"},"_isSystemFontUsed":false,"_N$horizontalAlign":1,"_N$verticalAlign":1}],"_color":{"__type__":"cc.Color","r":253,"g":244,"b":244},"_contentSize":{"__type__":"cc.Size","width":31.11,"height":44.44},"_scale":{"__type__":"cc.Vec3","x":1,"y":1,"z":1},"_localZOrder":1441},{"__type__":"cc.Node","_name":"00_Title","_parent":{"__id__":5},"_components":[{"__type__":"e4f88adp3hERoJ48DZ2PSAl","node":{"__id__":19},"_useOriginalSize":false,"_string":"基本布局容器, 类型: None\n自动调整大小","_N$string":"基本布局容器, 类型: None\n自动调整大小","_N$horizontalAlign":1,"_N$verticalAlign":1,"_N$textKey":"cases/02_ui/06_layout/LayoutNone.fire.6"},{"__type__":"cc.Widget","node":{"__id__":19},"alignMode":0,"_alignFlags":8,"_left":-226.72}],"_contentSize":{"__type__":"cc.Size","width":460.08,"height":80},"_position":{"__type__":"cc.Vec3","x":3.319999999999993,"y":-111},"_scale":{"__type__":"cc.Vec3","x":1,"y":1,"z":1},"_localZOrder":1442}]]