[{"__type__":"cc.SpriteFrame","content":{"name":"singleColor","texture":"1bags8Kg5BCpWrU9yaA6Ng","rect":[0,0,2,2],"offset":[0,0],"originalSize":[2,2]}},[{"__type__":"cc.SceneAsset","_name":"RichTextEvent","scene":{"__id__":1},"asyncLoadAssets":null},{"__type__":"cc.Scene","_name":"New Node","_children":[{"__id__":2}],"_anchorPoint":{"__type__":"cc.Vec2"},"_scale":{"__type__":"cc.Vec3","x":0.7546875,"y":0.7546875,"z":1},"_localZOrder":31,"autoReleaseAssets":true},{"__type__":"cc.Node","_name":"Canvas","_parent":{"__id__":1},"_children":[{"__id__":3},{"__id__":4},{"__id__":5},{"__id__":25}],"_components":[{"__type__":"cc.Canvas","node":{"__id__":2}}],"_contentSize":{"__type__":"cc.Size","width":960,"height":640},"_position":{"__type__":"cc.Vec3","x":480,"y":320},"_scale":{"__type__":"cc.Vec3","x":1,"y":1,"z":1},"_localZOrder":32,"_id":"6e77cYrXXtMrqA3Ac8day6I"},{"__type__":"cc.Node","_name":"Main Camera","_parent":{"__id__":2},"_level":1,"_components":[{"__type__":"cc.Camera","node":{"__id__":3},"_clearFlags":3,"_depth":-1}],"_scale":{"__type__":"cc.Vec3","x":1,"y":1,"z":1},"_localZOrder":33},{"__type__":"cc.Node","_name":"Background","_parent":{"__id__":2},"_components":[{"__type__":"cc.Sprite","node":{"__id__":4},"_spriteFrame":{"__uuid__":"0aoLNsxKlM4qs77+3nCObU"},"_sizeMode":0},{"__type__":"cc.Widget","node":{"__id__":4},"alignMode":2,"_alignFlags":45,"_originalWidth":960,"_originalHeight":640}],"_prefab":{"__type__":"cc.PrefabInfo","root":{"__id__":4},"asset":{"__uuid__":"b8OSNRvpdPAZhePn0hGPPJ"},"fileId":"78fd70+ls5GgJcFkzvLSRk8"},"_color":{"__type__":"cc.Color","r":57,"g":61,"b":64},"_contentSize":{"__type__":"cc.Size","width":960,"height":640},"_scale":{"__type__":"cc.Vec3","x":1,"y":1,"z":1},"_localZOrder":34},{"__type__":"cc.Node","_name":"RichTextManualWrap","_parent":{"__id__":2},"_children":[{"__id__":6},{"__id__":7},{"__id__":8},{"__id__":9},{"__id__":10},{"__id__":11},{"__id__":12},{"__id__":13},{"__id__":14},{"__id__":15},{"__id__":16},{"__id__":17},{"__id__":18},{"__id__":19},{"__id__":20},{"__id__":21},{"__id__":22},{"__id__":23}],"_components":[{"__type__":"cc.RichText","node":{"__id__":5},"_N$string":"<color=#ff0000>妈妈</c>再也<size=20>不用担心</size>\n我在 <size=56><outline  width=4 color=#00ff00 click=\"clickme\"><color=red>Creator</c></c></s> 里面\n使用<color=#ff0000>五</c><color=#00ff00>彩</c><color=#00e0ff>缤</c><color=#ffff00>纷</>，\n<size=20>大小</s><size=60>不一</s>\n的<size=33>文字</s>了","_N$lineHeight":60},{"__type__":"a0c7fwrZUpN7JS8x9rEtSfl","node":{"__id__":5},"logMessage":{"__id__":24}},{"__type__":"cc.Widget","node":{"__id__":5},"alignMode":0,"_alignFlags":18}],"_contentSize":{"__type__":"cc.Size","width":376.95,"height":300},"_scale":{"__type__":"cc.Vec3","x":1,"y":1,"z":1},"_localZOrder":35},{"__type__":"cc.PrivateNode","_name":"RICHTEXT_CHILD","_parent":{"__id__":5},"_level":1,"_components":[{"__type__":"cc.Label","node":{"__id__":6},"_srcBlendFactor":1,"_string":"妈妈","_N$string":"妈妈","_lineHeight":60,"_N$verticalAlign":1}],"_color":{"__type__":"cc.Color","r":255},"_contentSize":{"__type__":"cc.Size","width":80,"height":60},"_anchorPoint":{"__type__":"cc.Vec2"},"_position":{"__type__":"cc.Vec3","x":-188.475,"y":90},"_scale":{"__type__":"cc.Vec3","x":1,"y":1,"z":1},"_localZOrder":-2147483648},{"__type__":"cc.PrivateNode","_name":"RICHTEXT_CHILD","_parent":{"__id__":5},"_level":1,"_components":[{"__type__":"cc.Label","node":{"__id__":7},"_srcBlendFactor":1,"_string":"再也","_N$string":"再也","_lineHeight":60,"_N$verticalAlign":1}],"_contentSize":{"__type__":"cc.Size","width":80,"height":60},"_anchorPoint":{"__type__":"cc.Vec2"},"_position":{"__type__":"cc.Vec3","x":-108.475,"y":90},"_scale":{"__type__":"cc.Vec3","x":1,"y":1,"z":1},"_localZOrder":-2147483648},{"__type__":"cc.PrivateNode","_name":"RICHTEXT_CHILD","_parent":{"__id__":5},"_level":1,"_components":[{"__type__":"cc.Label","node":{"__id__":8},"_srcBlendFactor":1,"_string":"不用担心","_N$string":"不用担心","_fontSize":20,"_lineHeight":60,"_N$verticalAlign":1}],"_contentSize":{"__type__":"cc.Size","width":80,"height":60},"_anchorPoint":{"__type__":"cc.Vec2"},"_position":{"__type__":"cc.Vec3","x":-28.474999999999994,"y":90},"_scale":{"__type__":"cc.Vec3","x":1,"y":1,"z":1},"_localZOrder":-2147483648},{"__type__":"cc.PrivateNode","_name":"RICHTEXT_CHILD","_parent":{"__id__":5},"_level":1,"_components":[{"__type__":"cc.Label","node":{"__id__":9},"_srcBlendFactor":1,"_string":"我在 ","_N$string":"我在 ","_lineHeight":60,"_N$verticalAlign":1}],"_contentSize":{"__type__":"cc.Size","width":91.11,"height":60},"_anchorPoint":{"__type__":"cc.Vec2"},"_position":{"__type__":"cc.Vec3","x":-188.475,"y":30},"_scale":{"__type__":"cc.Vec3","x":1,"y":1,"z":1},"_localZOrder":-2147483648},{"__type__":"cc.PrivateNode","_name":"RICHTEXT_CHILD","_parent":{"__id__":5},"_level":1,"_components":[{"__type__":"cc.Label","node":{"__id__":10},"_srcBlendFactor":1,"_string":"Creator","_N$string":"Creator","_fontSize":56,"_lineHeight":60,"_N$verticalAlign":1},{"__type__":"cc.LabelOutline","node":{"__id__":10},"_color":{"__type__":"cc.Color","g":255},"_width":4}],"_color":{"__type__":"cc.Color","r":255},"_contentSize":{"__type__":"cc.Size","width":194.73,"height":60},"_anchorPoint":{"__type__":"cc.Vec2"},"_position":{"__type__":"cc.Vec3","x":-97.365,"y":30},"_scale":{"__type__":"cc.Vec3","x":1,"y":1,"z":1},"_localZOrder":-2147483648},{"__type__":"cc.PrivateNode","_name":"RICHTEXT_CHILD","_parent":{"__id__":5},"_level":1,"_components":[{"__type__":"cc.Label","node":{"__id__":11},"_srcBlendFactor":1,"_string":" 里面","_N$string":" 里面","_lineHeight":60,"_N$verticalAlign":1}],"_contentSize":{"__type__":"cc.Size","width":91.11,"height":60},"_anchorPoint":{"__type__":"cc.Vec2"},"_position":{"__type__":"cc.Vec3","x":97.36499999999998,"y":30},"_scale":{"__type__":"cc.Vec3","x":1,"y":1,"z":1},"_localZOrder":-2147483648},{"__type__":"cc.PrivateNode","_name":"RICHTEXT_CHILD","_parent":{"__id__":5},"_level":1,"_components":[{"__type__":"cc.Label","node":{"__id__":12},"_srcBlendFactor":1,"_string":"使用","_N$string":"使用","_lineHeight":60,"_N$verticalAlign":1}],"_contentSize":{"__type__":"cc.Size","width":80,"height":60},"_anchorPoint":{"__type__":"cc.Vec2"},"_position":{"__type__":"cc.Vec3","x":-188.475,"y":-30},"_scale":{"__type__":"cc.Vec3","x":1,"y":1,"z":1},"_localZOrder":-2147483648},{"__type__":"cc.PrivateNode","_name":"RICHTEXT_CHILD","_parent":{"__id__":5},"_level":1,"_components":[{"__type__":"cc.Label","node":{"__id__":13},"_srcBlendFactor":1,"_string":"五","_N$string":"五","_lineHeight":60,"_N$verticalAlign":1}],"_color":{"__type__":"cc.Color","r":255},"_contentSize":{"__type__":"cc.Size","width":40,"height":60},"_anchorPoint":{"__type__":"cc.Vec2"},"_position":{"__type__":"cc.Vec3","x":-108.475,"y":-30},"_scale":{"__type__":"cc.Vec3","x":1,"y":1,"z":1},"_localZOrder":-2147483648},{"__type__":"cc.PrivateNode","_name":"RICHTEXT_CHILD","_parent":{"__id__":5},"_level":1,"_components":[{"__type__":"cc.Label","node":{"__id__":14},"_srcBlendFactor":1,"_string":"彩","_N$string":"彩","_lineHeight":60,"_N$verticalAlign":1}],"_color":{"__type__":"cc.Color","g":255},"_contentSize":{"__type__":"cc.Size","width":40,"height":60},"_anchorPoint":{"__type__":"cc.Vec2"},"_position":{"__type__":"cc.Vec3","x":-68.475,"y":-30},"_scale":{"__type__":"cc.Vec3","x":1,"y":1,"z":1},"_localZOrder":-2147483648},{"__type__":"cc.PrivateNode","_name":"RICHTEXT_CHILD","_parent":{"__id__":5},"_level":1,"_components":[{"__type__":"cc.Label","node":{"__id__":15},"_srcBlendFactor":1,"_string":"缤","_N$string":"缤","_lineHeight":60,"_N$verticalAlign":1}],"_color":{"__type__":"cc.Color","g":224,"b":255},"_contentSize":{"__type__":"cc.Size","width":40,"height":60},"_anchorPoint":{"__type__":"cc.Vec2"},"_position":{"__type__":"cc.Vec3","x":-28.474999999999994,"y":-30},"_scale":{"__type__":"cc.Vec3","x":1,"y":1,"z":1},"_localZOrder":-2147483648},{"__type__":"cc.PrivateNode","_name":"RICHTEXT_CHILD","_parent":{"__id__":5},"_level":1,"_components":[{"__type__":"cc.Label","node":{"__id__":16},"_srcBlendFactor":1,"_string":"纷","_N$string":"纷","_lineHeight":60,"_N$verticalAlign":1}],"_color":{"__type__":"cc.Color","r":255,"g":255},"_contentSize":{"__type__":"cc.Size","width":40,"height":60},"_anchorPoint":{"__type__":"cc.Vec2"},"_position":{"__type__":"cc.Vec3","x":11.525000000000006,"y":-30},"_scale":{"__type__":"cc.Vec3","x":1,"y":1,"z":1},"_localZOrder":-2147483648},{"__type__":"cc.PrivateNode","_name":"RICHTEXT_CHILD","_parent":{"__id__":5},"_level":1,"_components":[{"__type__":"cc.Label","node":{"__id__":17},"_srcBlendFactor":1,"_string":"，","_N$string":"，","_lineHeight":60,"_N$verticalAlign":1}],"_contentSize":{"__type__":"cc.Size","width":40,"height":60},"_anchorPoint":{"__type__":"cc.Vec2"},"_position":{"__type__":"cc.Vec3","x":51.525000000000006,"y":-30},"_scale":{"__type__":"cc.Vec3","x":1,"y":1,"z":1},"_localZOrder":-2147483648},{"__type__":"cc.PrivateNode","_name":"RICHTEXT_CHILD","_parent":{"__id__":5},"_level":1,"_components":[{"__type__":"cc.Label","node":{"__id__":18},"_srcBlendFactor":1,"_string":"大小","_N$string":"大小","_fontSize":20,"_lineHeight":60,"_N$verticalAlign":1}],"_contentSize":{"__type__":"cc.Size","width":40,"height":60},"_anchorPoint":{"__type__":"cc.Vec2"},"_position":{"__type__":"cc.Vec3","x":-188.475,"y":-90},"_scale":{"__type__":"cc.Vec3","x":1,"y":1,"z":1},"_localZOrder":-2147483648},{"__type__":"cc.PrivateNode","_name":"RICHTEXT_CHILD","_parent":{"__id__":5},"_level":1,"_components":[{"__type__":"cc.Label","node":{"__id__":19},"_srcBlendFactor":1,"_string":"不一","_N$string":"不一","_fontSize":60,"_lineHeight":60,"_N$verticalAlign":1}],"_contentSize":{"__type__":"cc.Size","width":120,"height":60},"_anchorPoint":{"__type__":"cc.Vec2"},"_position":{"__type__":"cc.Vec3","x":-148.475,"y":-90},"_scale":{"__type__":"cc.Vec3","x":1,"y":1,"z":1},"_localZOrder":-2147483648},{"__type__":"cc.PrivateNode","_name":"RICHTEXT_CHILD","_parent":{"__id__":5},"_level":1,"_components":[{"__type__":"cc.Label","node":{"__id__":20},"_srcBlendFactor":1,"_string":"的","_N$string":"的","_lineHeight":60,"_N$verticalAlign":1}],"_contentSize":{"__type__":"cc.Size","width":40,"height":60},"_anchorPoint":{"__type__":"cc.Vec2"},"_position":{"__type__":"cc.Vec3","x":-188.475,"y":-150},"_scale":{"__type__":"cc.Vec3","x":1,"y":1,"z":1},"_localZOrder":-2147483648},{"__type__":"cc.PrivateNode","_name":"RICHTEXT_CHILD","_parent":{"__id__":5},"_level":1,"_components":[{"__type__":"cc.Label","node":{"__id__":21},"_srcBlendFactor":1,"_string":"文字","_N$string":"文字","_fontSize":33,"_lineHeight":60,"_N$verticalAlign":1}],"_contentSize":{"__type__":"cc.Size","width":66,"height":60},"_anchorPoint":{"__type__":"cc.Vec2"},"_position":{"__type__":"cc.Vec3","x":-148.475,"y":-150},"_scale":{"__type__":"cc.Vec3","x":1,"y":1,"z":1},"_localZOrder":-2147483648},{"__type__":"cc.PrivateNode","_name":"RICHTEXT_CHILD","_parent":{"__id__":5},"_level":1,"_components":[{"__type__":"cc.Label","node":{"__id__":22},"_srcBlendFactor":1,"_string":"了","_N$string":"了","_lineHeight":60,"_N$verticalAlign":1}],"_contentSize":{"__type__":"cc.Size","width":40,"height":60},"_anchorPoint":{"__type__":"cc.Vec2"},"_position":{"__type__":"cc.Vec3","x":-82.475,"y":-150},"_scale":{"__type__":"cc.Vec3","x":1,"y":1,"z":1},"_localZOrder":-2147483648},{"__type__":"cc.Node","_name":"title","_parent":{"__id__":5},"_components":[{"__type__":"cc.Label","node":{"__id__":23},"_srcBlendFactor":1,"_useOriginalSize":false,"_string":"Click \"Creator\"  inside RichText","_N$string":"Click \"Creator\"  inside RichText","_N$horizontalAlign":1,"_N$verticalAlign":1},{"__type__":"cc.Widget","node":{"__id__":23},"alignMode":0,"_alignFlags":45,"_left":-90.91499999999999,"_right":-90.91499999999999,"_top":-82,"_bottom":342,"_originalWidth":550.78,"_originalHeight":40}],"_contentSize":{"__type__":"cc.Size","width":550.78,"height":40},"_position":{"__type__":"cc.Vec3","y":212},"_scale":{"__type__":"cc.Vec3","x":1,"y":1,"z":1},"_localZOrder":36},{"__type__":"cc.Label","node":{"__id__":25},"_srcBlendFactor":1,"_useOriginalSize":false,"_N$horizontalAlign":1,"_N$verticalAlign":1},{"__type__":"cc.Node","_name":"ClickMessages","_parent":{"__id__":2},"_components":[{"__id__":24}],"_contentSize":{"__type__":"cc.Size","height":40},"_anchorPoint":{"__type__":"cc.Vec2","y":0.5},"_position":{"__type__":"cc.Vec3","x":-191,"y":-248},"_scale":{"__type__":"cc.Vec3","x":1,"y":1,"z":1},"_localZOrder":37}]]