[[{"__type__":"cc.SceneAsset","_name":"render_to_sprite","scene":{"__id__":1},"asyncLoadAssets":null},{"__type__":"cc.Scene","_name":"New Node","_children":[{"__id__":2}],"_anchorPoint":{"__type__":"cc.Vec2"},"_scale":{"__type__":"cc.Vec3","x":0.796875,"y":0.796875,"z":1},"_localZOrder":10,"autoReleaseAssets":false},{"__type__":"cc.Node","_name":"Canvas","_parent":{"__id__":1},"_children":[{"__id__":3},{"__id__":4},{"__id__":6},{"__id__":8},{"__id__":10}],"_components":[{"__type__":"cc.Canvas","node":{"__id__":2}},{"__type__":"67ec9/MsdtPTI6ozOcKQcAR","node":{"__id__":2},"sprite":{"__id__":9},"camera":{"__id__":7}}],"_contentSize":{"__type__":"cc.Size","width":960,"height":640},"_position":{"__type__":"cc.Vec3","x":480,"y":320},"_scale":{"__type__":"cc.Vec3","x":1,"y":1,"z":1},"_localZOrder":11,"_id":"a65knO45VE55L03V3lckcR"},{"__type__":"cc.Node","_name":"Main Camera","_parent":{"__id__":2},"_components":[{"__type__":"cc.Camera","node":{"__id__":3},"_cullingMask":-5,"_clearFlags":1,"_backgroundColor":{"__type__":"cc.Color","r":51,"g":77,"b":120},"_depth":-1}],"_scale":{"__type__":"cc.Vec3","x":1,"y":1,"z":1},"_localZOrder":12},{"__type__":"cc.Node","_name":"content","_parent":{"__id__":2},"_children":[{"__id__":5}],"_components":[{"__type__":"cc.Sprite","node":{"__id__":4},"_spriteFrame":{"__uuid__":"bfhnyuiiFP/52t0htQmKGm"},"_sizeMode":0}],"_contentSize":{"__type__":"cc.Size","width":300,"height":300},"_position":{"__type__":"cc.Vec3","x":-200},"_scale":{"__type__":"cc.Vec3","x":1,"y":1,"z":1},"_localZOrder":13},{"__type__":"cc.Node","_name":"goldcoin","_parent":{"__id__":4},"_components":[{"__type__":"cc.Sprite","node":{"__id__":5},"_spriteFrame":{"__uuid__":"e3BKZDfgROhagh0UmGu1Ys"}}],"_contentSize":{"__type__":"cc.Size","width":80,"height":80},"_scale":{"__type__":"cc.Vec3","x":1,"y":1,"z":1},"_localZOrder":14},{"__type__":"cc.Node","_name":"render_camera","_parent":{"__id__":2},"_components":[{"__id__":7}],"_scale":{"__type__":"cc.Vec3","x":1,"y":1,"z":1},"_localZOrder":15},{"__type__":"cc.Camera","node":{"__id__":6},"_cullingMask":-5,"_backgroundColor":{"__type__":"cc.Color","r":51,"g":77,"b":120,"a":0}},{"__type__":"cc.Node","_name":"sprite","_parent":{"__id__":2},"_components":[{"__id__":9}],"_position":{"__type__":"cc.Vec3","x":400},"_scale":{"__type__":"cc.Vec3","x":1,"y":1,"z":1},"_localZOrder":16,"groupIndex":2},{"__type__":"cc.Sprite","node":{"__id__":8},"_sizeMode":2,"_isTrimmedMode":false},{"__type__":"cc.Node","_name":"sprite_camera","_parent":{"__id__":2},"_components":[{"__type__":"cc.Camera","node":{"__id__":10},"_cullingMask":4,"_backgroundColor":{"__type__":"cc.Color","r":51,"g":77,"b":120},"_depth":1}],"_scale":{"__type__":"cc.Vec3","x":1,"y":1,"z":1},"_localZOrder":17}],{"__type__":"cc.SpriteFrame","content":{"name":"content","texture":"6bT67Vq8NKd6+dNe1npaSL","rect":[0,0,512,512],"offset":[0,0],"originalSize":[512,512]}},{"__type__":"cc.SpriteFrame","content":{"name":"goldcoin","texture":"6e4xGvLlZICpjd7mPj1bJM","rect":[0,0,80,80],"offset":[0,0],"originalSize":[80,80]}}]