[{"__type__":"cc.SpriteFrame","content":{"name":"singleColor","texture":"1bags8Kg5BCpWrU9yaA6Ng","rect":[0,0,2,2],"offset":[0,0],"originalSize":[2,2]}},{"__type__":"cc.SpriteFrame","content":{"name":"add","texture":"81Zs4kcx1IaIte6suM4SuG","rect":[71,1,94,94],"offset":[0,0],"originalSize":[94,94]}},{"__type__":"cc.SpriteFrame","content":{"name":"setup","texture":"81Zs4kcx1IaIte6suM4SuG","rect":[364,97,94,94],"offset":[0,0],"originalSize":[94,94]}},{"__type__":"cc.SpriteFrame","content":{"name":"btn_options","texture":"81Zs4kcx1IaIte6suM4SuG","rect":[1,197,195,57],"offset":[0,0],"originalSize":[195,57]}},{"__type__":"cc.SpriteFrame","content":{"name":"cancel","texture":"81Zs4kcx1IaIte6suM4SuG","rect":[268,1,94,94],"offset":[0,0],"originalSize":[94,94]}},{"__type__":"cc.SpriteFrame","content":{"name":"bg","texture":"81Zs4kcx1IaIte6suM4SuG","rect":[167,113,14,14],"offset":[0,0],"originalSize":[14,14]}},{"__type__":"cc.SpriteFrame","content":{"name":"scrollview_barBg","texture":"81Zs4kcx1IaIte6suM4SuG","rect":[167,92,19,22],"offset":[0,0],"originalSize":[19,22],"rotated":1}},{"__type__":"cc.SpriteFrame","content":{"name":"question","texture":"81Zs4kcx1IaIte6suM4SuG","rect":[268,97,94,94],"offset":[0,0],"originalSize":[94,94]}},{"__type__":"cc.SpriteFrame","content":{"name":"btn_pressed","texture":"81Zs4kcx1IaIte6suM4SuG","rect":[198,1,194,68],"offset":[0,0],"originalSize":[194,68],"rotated":1}},{"__type__":"cc.SpriteFrame","content":{"name":"restart","texture":"81Zs4kcx1IaIte6suM4SuG","rect":[364,1,94,94],"offset":[0,0],"originalSize":[94,94]}},{"__type__":"cc.SpriteFrame","content":{"name":"panelBG","texture":"81Zs4kcx1IaIte6suM4SuG","rect":[167,60,27,30],"offset":[0,0],"originalSize":[27,30]}},{"__type__":"cc.SpriteFrame","content":{"name":"btn_play","texture":"81Zs4kcx1IaIte6suM4SuG","rect":[198,197,195,57],"offset":[0,0],"originalSize":[195,57],"capInsets":[12,13,15,11]}},{"__type__":"cc.SpriteFrame","content":{"name":"scrollview_bg","texture":"81Zs4kcx1IaIte6suM4SuG","rect":[167,129,14,14],"offset":[0,0],"originalSize":[14,14]}},{"__type__":"cc.SpriteFrame","content":{"name":"btn_normal","texture":"81Zs4kcx1IaIte6suM4SuG","rect":[1,1,194,68],"offset":[0,0],"originalSize":[194,68],"rotated":1,"capInsets":[10,9,12,13]}},{"__type__":"cc.SpriteFrame","content":{"name":"scrollview_bar","texture":"81Zs4kcx1IaIte6suM4SuG","rect":[167,1,19,57],"offset":[0,0],"originalSize":[19,57]}},{"__type__":"cc.SpriteAtlas","_name":"ui.plist","_spriteFrames":{"add":{"__uuid__":"0dpK0EpYNCUa49AatyzYor"},"attention":{"__uuid__":"c9wjW0xuhPtL9+s4eu2LAD"},"bg":{"__uuid__":"4baBNpoLhEpYN+cbezUfXa"},"btn_normal":{"__uuid__":"a3Kpp8flJJzaH5MXEJ8fFY"},"btn_options":{"__uuid__":"3bxFKusxdI/p0hkpino/wt"},"btn_play":{"__uuid__":"9dkaoYxalJNZZY5mB6H1Kc"},"btn_pressed":{"__uuid__":"86fmgOGMZK6KwQ6J3HtTF8"},"cancel":{"__uuid__":"3fT6cZYLxKspiKfteCipJ5"},"panelBG":{"__uuid__":"9aW/DGxwJGJrLzE6AvzctH"},"question":{"__uuid__":"70UDkwJglIxav5TsNJlqGi"},"restart":{"__uuid__":"95jG5HrjJECLQM/kKih03M"},"scrollview_bar":{"__uuid__":"bbYWu+d/JA7IrC5r5nt8Pb"},"scrollview_barBg":{"__uuid__":"62ym60GlxHb5GS8o58R0Ul"},"scrollview_bg":{"__uuid__":"a2ND1U3+RCX64Bp7BAqfun"},"setup":{"__uuid__":"22IEbw/jFE0YY6DhWorck7"}}},[{"__type__":"cc.SceneAsset","_name":"SlicedSprite","scene":{"__id__":1},"asyncLoadAssets":null},{"__type__":"cc.Scene","_name":"New Node","_children":[{"__id__":2},{"__id__":9}],"_contentSize":{"__type__":"cc.Size","width":100,"height":100},"_scale":{"__type__":"cc.Vec3","x":0.6520833333333333,"y":0.6520833333333333,"z":1},"_localZOrder":218,"autoReleaseAssets":true},{"__type__":"cc.Node","_name":"Canvas","_parent":{"__id__":1},"_children":[{"__id__":3},{"__id__":4},{"__id__":5},{"__id__":6},{"__id__":7}],"_components":[{"__type__":"cc.Canvas","node":{"__id__":2}}],"_contentSize":{"__type__":"cc.Size","width":960,"height":640},"_position":{"__type__":"cc.Vec3","x":480,"y":320},"_scale":{"__type__":"cc.Vec3","x":1,"y":1,"z":1},"_localZOrder":219,"_id":"24f94PURq9MjIDQbRYfzWKX"},{"__type__":"cc.Node","_name":"Main Camera","_parent":{"__id__":2},"_level":1,"_components":[{"__type__":"cc.Camera","node":{"__id__":3},"_clearFlags":3,"_depth":-1}],"_scale":{"__type__":"cc.Vec3","x":1,"y":1,"z":1},"_localZOrder":220},{"__type__":"cc.Node","_name":"Background","_parent":{"__id__":2},"_components":[{"__type__":"cc.Sprite","node":{"__id__":4},"_spriteFrame":{"__uuid__":"0aoLNsxKlM4qs77+3nCObU"},"_sizeMode":0},{"__type__":"cc.Widget","node":{"__id__":4},"alignMode":2,"_alignFlags":45,"_originalWidth":960,"_originalHeight":640}],"_prefab":{"__type__":"cc.PrefabInfo","root":{"__id__":4},"asset":{"__uuid__":"b8OSNRvpdPAZhePn0hGPPJ"},"fileId":"78fd70+ls5GgJcFkzvLSRk8"},"_color":{"__type__":"cc.Color","r":57,"g":61,"b":64},"_contentSize":{"__type__":"cc.Size","width":960,"height":640},"_scale":{"__type__":"cc.Vec3","x":1,"y":1,"z":1},"_localZOrder":221},{"__type__":"cc.Node","_name":"btn_normal","_parent":{"__id__":2},"_level":1,"_components":[{"__type__":"cc.Sprite","node":{"__id__":5},"_spriteFrame":{"__uuid__":"a3Kpp8flJJzaH5MXEJ8fFY"},"_type":1,"_sizeMode":0}],"_contentSize":{"__type__":"cc.Size","width":250,"height":150},"_position":{"__type__":"cc.Vec3","x":-288,"y":-12},"_scale":{"__type__":"cc.Vec3","x":1,"y":1,"z":1},"_localZOrder":222},{"__type__":"cc.Node","_name":"btn_play","_parent":{"__id__":2},"_level":1,"_components":[{"__type__":"cc.Sprite","node":{"__id__":6},"_spriteFrame":{"__uuid__":"9dkaoYxalJNZZY5mB6H1Kc"},"_type":1,"_sizeMode":0}],"_contentSize":{"__type__":"cc.Size","width":250,"height":150},"_position":{"__type__":"cc.Vec3","x":279,"y":-13},"_scale":{"__type__":"cc.Vec3","x":1,"y":1,"z":1},"_localZOrder":223},{"__type__":"cc.Node","_name":"Sliced","_parent":{"__id__":2},"_children":[{"__id__":8}],"_components":[{"__type__":"cc.Sprite","node":{"__id__":7},"_spriteFrame":{"__uuid__":"c74+0DxWhKl4pJoAx06mhW"},"_type":1,"_sizeMode":0,"_fillType":2,"_fillCenter":{"__type__":"cc.Vec2","x":0.3,"y":0.5},"_fillStart":0.2,"_fillRange":0.5}],"_contentSize":{"__type__":"cc.Size","width":250,"height":240},"_scale":{"__type__":"cc.Vec3","x":1,"y":1,"z":1},"_localZOrder":224},{"__type__":"cc.Node","_name":"Tips","_parent":{"__id__":7},"_components":[{"__type__":"e4f88adp3hERoJ48DZ2PSAl","node":{"__id__":8},"_useOriginalSize":false,"_string":"这是九宫格精灵","_N$string":"这是九宫格精灵","_N$horizontalAlign":1,"_N$verticalAlign":1,"_N$textKey":"cases/01_graphics/01_sprite/SlicedSprite.fire.7"}],"_contentSize":{"__type__":"cc.Size","width":280,"height":40},"_position":{"__type__":"cc.Vec3","y":-166},"_scale":{"__type__":"cc.Vec3","x":1,"y":1,"z":1},"_localZOrder":225},{"__type__":"cc.Node","_name":"Instruction","_parent":{"__id__":1},"_components":[{"__type__":"6a871gy73FDLap3Eje/2h6i","node":{"__id__":9},"text":"## Sliced Sprite 使用说明\n\n1. 场景正中应该显示一个 UI 面板图像\n2. Sprite 组件里的 Type 属性应设为 Sliced，这时 use original size 是取消勾选状态\n3. 选中 use original size, 图像尺寸会恢复到贴图原始尺寸\n4. 再次修改 size 属性，可以看到图像无损拉伸\n5. 可以选中 Scene 面板左上角第四个操作选项，激活 Rect Gizmo，然后拖拽四个顶点，或四条边来修改图像的尺寸和位置\n6. 点击 Sprite 属性最右边的 Editor 按钮，可以打开 Sprite Editor 编辑 Sprite 的切分方式"}],"_position":{"__type__":"cc.Vec3","x":480,"y":320},"_scale":{"__type__":"cc.Vec3","x":1,"y":1,"z":1},"_localZOrder":226,"_id":"d05a5k9q05E7J2nGGWFIXNB"}],{"__type__":"cc.SpriteFrame","content":{"name":"ui_panel","texture":"e2+JVotVRBt6Ias6A7PFQx","rect":[0,0,151,101],"offset":[0,0],"originalSize":[151,101],"capInsets":[23,13,22,33]}},{"__type__":"cc.SpriteFrame","content":{"name":"attention","texture":"81Zs4kcx1IaIte6suM4SuG","rect":[71,97,94,94],"offset":[0,0],"originalSize":[94,94]}}]