[{"__type__":"cc.SpriteFrame","content":{"name":"singleColor","texture":"1bags8Kg5BCpWrU9yaA6Ng","rect":[0,0,2,2],"offset":[0,0],"originalSize":[2,2]}},{"__type__":"cc.AnimationClip","_name":"step_2","_duration":1,"curveData":{"props":{"position":[{"frame":0,"value":[386,174],"curve":"quartOut"},{"frame":1,"value":[386,-240]}]}},"events":[{"frame":1,"func":"onNextAnimation","params":[3]}]},{"__type__":"cc.SpriteFrame","content":{"name":"star","texture":"b1HE18sVtOtog7FpfBOI4h","rect":[0,12,169,185],"offset":[0,-4],"originalSize":[169,201]}},[{"__type__":"cc.SceneAsset","_name":"AnimationEvent","scene":{"__id__":1},"asyncLoadAssets":null},{"__type__":"cc.Scene","_name":"New Node","_children":[{"__id__":2}],"_anchorPoint":{"__type__":"cc.Vec2"},"_scale":{"__type__":"cc.Vec3","x":0.6520833333333333,"y":0.6520833333333333,"z":1},"_localZOrder":241,"autoReleaseAssets":true},{"__type__":"cc.Node","_name":"Canvas","_parent":{"__id__":1},"_children":[{"__id__":3},{"__id__":4},{"__id__":5},{"__id__":6},{"__id__":7}],"_components":[{"__type__":"cc.Canvas","node":{"__id__":2}}],"_contentSize":{"__type__":"cc.Size","width":960,"height":640},"_position":{"__type__":"cc.Vec3","x":480,"y":320},"_scale":{"__type__":"cc.Vec3","x":1,"y":1,"z":1},"_localZOrder":242,"_id":"c0a7fIav5tKYbT5rVssrUTX"},{"__type__":"cc.Node","_name":"Main Camera","_parent":{"__id__":2},"_level":1,"_components":[{"__type__":"cc.Camera","node":{"__id__":3},"_clearFlags":3,"_depth":-1}],"_scale":{"__type__":"cc.Vec3","x":1,"y":1,"z":1},"_localZOrder":243},{"__type__":"cc.Node","_name":"Background","_parent":{"__id__":2},"_components":[{"__type__":"cc.Sprite","node":{"__id__":4},"_spriteFrame":{"__uuid__":"0aoLNsxKlM4qs77+3nCObU"},"_sizeMode":0},{"__type__":"cc.Widget","node":{"__id__":4},"alignMode":2,"_alignFlags":45,"_originalWidth":960,"_originalHeight":640}],"_prefab":{"__type__":"cc.PrefabInfo","root":{"__id__":4},"asset":{"__uuid__":"b8OSNRvpdPAZhePn0hGPPJ"},"fileId":"78fd70+ls5GgJcFkzvLSRk8"},"_color":{"__type__":"cc.Color","r":57,"g":61,"b":64},"_contentSize":{"__type__":"cc.Size","width":960,"height":640},"_scale":{"__type__":"cc.Vec3","x":1,"y":1,"z":1},"_localZOrder":244},{"__type__":"cc.Node","_name":"Label","_parent":{"__id__":2},"_components":[{"__type__":"e4f88adp3hERoJ48DZ2PSAl","node":{"__id__":5},"_useOriginalSize":false,"_string":"开始第1个动画","_N$string":"开始第1个动画","_N$horizontalAlign":1,"_N$verticalAlign":1,"_N$textKey":"cases/03_gameplay/03_animation/AnimationEvent.fire.6"}],"_contentSize":{"__type__":"cc.Size","width":262.25,"height":40},"_scale":{"__type__":"cc.Vec3","x":1,"y":1,"z":1},"_localZOrder":245},{"__type__":"cc.Node","_name":"Tips","_parent":{"__id__":2},"_components":[{"__type__":"e4f88adp3hERoJ48DZ2PSAl","node":{"__id__":6},"_useOriginalSize":false,"_string":"动画事件","_N$string":"动画事件","_N$horizontalAlign":1,"_N$verticalAlign":1,"_N$textKey":"cases/03_gameplay/03_animation/AnimationEvent.fire.14"}],"_contentSize":{"__type__":"cc.Size","width":160,"height":40},"_position":{"__type__":"cc.Vec3","y":-74},"_scale":{"__type__":"cc.Vec3","x":1,"y":1,"z":1},"_localZOrder":246},{"__type__":"cc.Node","_name":"Particle","_parent":{"__id__":2},"_children":[{"__id__":8}],"_components":[{"__type__":"cc.ParticleSystem","node":{"__id__":7},"_dstBlendFactor":1,"_file":{"__uuid__":"e2T6NCgVpEeLnb7VkufAKT"},"totalParticles":200,"emissionRate":999.9999850988391,"life":0.2000000029802322,"lifeVar":0.5,"_startColor":{"__type__":"cc.Color","r":202,"g":200,"b":86,"a":163},"_startColorVar":{"__type__":"cc.Color","r":229,"g":255,"b":173,"a":198},"_endColor":{"__type__":"cc.Color","r":173,"g":161,"b":19,"a":214},"_endColorVar":{"__type__":"cc.Color","r":107,"g":249,"b":249,"a":188},"angle":360,"angleVar":360,"startSize":3.369999885559082,"startSizeVar":50,"endSize":30.31999969482422,"startSpin":-47.36999893188477,"endSpin":-47.36999893188477,"endSpinVar":-142.1100006103516,"posVar":{"__type__":"cc.Vec2","x":7,"y":7},"gravity":{"__type__":"cc.Vec2","x":0.25,"y":0.8600000143051147},"speed":0,"speedVar":190.7899932861328,"tangentialAccel":-92.11000061035156,"tangentialAccelVar":65.79000091552734,"radialAccel":-671.0499877929688,"radialAccelVar":65.79000091552734},{"__type__":"cc.Animation","node":{"__id__":7},"_defaultClip":{"__uuid__":"eelCwIwqhCHr++SYIpCEr+"},"_clips":[{"__uuid__":"eelCwIwqhCHr++SYIpCEr+"},{"__uuid__":"14Lc4qnzlJ4pHEtixXgdGn"},{"__uuid__":"84VvO0CZhJ6q6u1eiYWtgW"},{"__uuid__":"c6MiMJCF5J0aXjQNcVmP0f"}],"playOnLoad":true},{"__type__":"1dc09SR4TdLU74RjGBArlm0","node":{"__id__":7}}],"_position":{"__type__":"cc.Vec3","x":56},"_scale":{"__type__":"cc.Vec3","x":1,"y":1,"z":1},"_localZOrder":247},{"__type__":"cc.Node","_name":"Star","_parent":{"__id__":7},"_components":[{"__type__":"cc.Sprite","node":{"__id__":8},"_spriteFrame":{"__uuid__":"28J1mVxrtNt4x6jPwYU6v+"},"_sizeMode":0}],"_contentSize":{"__type__":"cc.Size","width":100,"height":100},"_scale":{"__type__":"cc.Vec3","x":1,"y":1,"z":1},"_localZOrder":248}],{"__type__":"cc.AnimationClip","_name":"step_3","_duration":1,"curveData":{"props":{"position":[{"frame":0,"value":[386,-236],"curve":"quartOut"},{"frame":0.9833333333333333,"value":[-360,-230]}]}},"events":[{"frame":1,"func":"onNextAnimation","params":[4]}]},{"__type__":"cc.AnimationClip","_name":"step_4","_duration":1,"curveData":{"props":{"position":[{"frame":0,"value":[-360,-230],"curve":"quintOut"},{"frame":1,"value":[-360,150]}]}},"events":[{"frame":1,"func":"onNextAnimation","params":[1]}]},{"__type__":"cc.AnimationClip","_name":"step_1","_duration":1,"curveData":{"props":{"position":[{"frame":0,"value":[-360,150],"motionPath":[]},{"frame":1,"value":[386,150],"motionPath":[]}]}},"events":[{"frame":1,"func":"onNextAnimation","params":[2]}]}]