[{"__type__":"cc.SpriteFrame","content":{"name":"sheep_run_3","texture":"16791763c","rect":[230,2,178,113],"offset":[2,1],"originalSize":[228,159]}},{"__type__":"cc.SpriteFrame","content":{"name":"sheep_run_0","texture":"16791763c","rect":[773,2,167,112],"offset":[-3.5,-0.5],"originalSize":[228,159]}},[{"__type__":"cc.SceneAsset","_name":"TrimmedSprite","scene":{"__id__":1},"asyncLoadAssets":null},{"__type__":"cc.Scene","_name":"New Node","_children":[{"__id__":2}],"_anchorPoint":{"__type__":"cc.Vec2"},"_scale":{"__type__":"cc.Vec3","x":0.6520833333333333,"y":0.6520833333333333,"z":1},"_localZOrder":297,"autoReleaseAssets":true},{"__type__":"cc.Node","_name":"Canvas","_parent":{"__id__":1},"_children":[{"__id__":3},{"__id__":4},{"__id__":5},{"__id__":7}],"_components":[{"__type__":"cc.Canvas","node":{"__id__":2}}],"_contentSize":{"__type__":"cc.Size","width":960,"height":640},"_position":{"__type__":"cc.Vec3","x":480,"y":320},"_scale":{"__type__":"cc.Vec3","x":1,"y":1,"z":1},"_localZOrder":298,"_id":"f4dd1vlZJBKmafcCjQDLQl7"},{"__type__":"cc.Node","_name":"Main Camera","_parent":{"__id__":2},"_level":1,"_components":[{"__type__":"cc.Camera","node":{"__id__":3},"_clearFlags":3,"_depth":-1}],"_scale":{"__type__":"cc.Vec3","x":1,"y":1,"z":1},"_localZOrder":299},{"__type__":"cc.Node","_parent":{"__id__":2},"_id":"1ed3fsp09dMv6Gpuw9NwsHT","_prefab":{"__type__":"cc.PrefabInfo","root":{"__id__":4},"asset":{"__uuid__":"b8OSNRvpdPAZhePn0hGPPJ"},"fileId":"78fd70+ls5GgJcFkzvLSRk8","sync":true},"_name":"Background","_localZOrder":300},{"__type__":"cc.Node","_name":"Trimmed","_parent":{"__id__":2},"_children":[{"__id__":6}],"_components":[{"__type__":"cc.Sprite","node":{"__id__":5},"_spriteFrame":{"__uuid__":"2364OHyklBIb5oVgVO5TnY"}},{"__type__":"cc.Animation","node":{"__id__":5},"_defaultClip":{"__uuid__":"aa60+ZwExIYoIFgr3s+8Ul"},"_clips":[{"__uuid__":"aa60+ZwExIYoIFgr3s+8Ul"}],"playOnLoad":true}],"_contentSize":{"__type__":"cc.Size","width":167,"height":112},"_position":{"__type__":"cc.Vec3","x":-240},"_scale":{"__type__":"cc.Vec3","x":1,"y":1,"z":1},"_localZOrder":301},{"__type__":"cc.Node","_name":"Tips","_parent":{"__id__":5},"_components":[{"__type__":"e4f88adp3hERoJ48DZ2PSAl","node":{"__id__":6},"_useOriginalSize":false,"_string":"自动剪裁 ","_N$string":"自动剪裁 ","_N$horizontalAlign":1,"_N$verticalAlign":1,"_N$textKey":"cases/01_graphics/01_sprite/TrimmedSprite.fire.7"}],"_contentSize":{"__type__":"cc.Size","width":171.11,"height":40},"_position":{"__type__":"cc.Vec3","y":-150},"_scale":{"__type__":"cc.Vec3","x":1,"y":1,"z":1},"_localZOrder":302},{"__type__":"cc.Node","_name":"No Trimmed","_parent":{"__id__":2},"_children":[{"__id__":8}],"_components":[{"__type__":"cc.Sprite","node":{"__id__":7},"_spriteFrame":{"__uuid__":"2364OHyklBIb5oVgVO5TnY"},"_sizeMode":2,"_isTrimmedMode":false},{"__type__":"cc.Animation","node":{"__id__":7},"_defaultClip":{"__uuid__":"aa60+ZwExIYoIFgr3s+8Ul"},"_clips":[{"__uuid__":"aa60+ZwExIYoIFgr3s+8Ul"}],"playOnLoad":true}],"_contentSize":{"__type__":"cc.Size","width":228,"height":159},"_position":{"__type__":"cc.Vec3","x":240},"_scale":{"__type__":"cc.Vec3","x":1,"y":1,"z":1},"_localZOrder":303},{"__type__":"cc.Node","_name":"Tips","_parent":{"__id__":7},"_components":[{"__type__":"e4f88adp3hERoJ48DZ2PSAl","node":{"__id__":8},"_useOriginalSize":false,"_string":"未自动剪裁","_N$string":"未自动剪裁","_N$horizontalAlign":1,"_N$verticalAlign":1,"_N$textKey":"cases/01_graphics/01_sprite/TrimmedSprite.fire.12"}],"_contentSize":{"__type__":"cc.Size","width":200,"height":40},"_position":{"__type__":"cc.Vec3","y":-150},"_scale":{"__type__":"cc.Vec3","x":1,"y":1,"z":1},"_localZOrder":304}],{"__type__":"cc.SpriteFrame","content":{"name":"sheep_run_2","texture":"16791763c","rect":[412,2,177,114],"offset":[1.5,10.5],"originalSize":[228,159]}},{"__type__":"cc.SpriteFrame","content":{"name":"sheep_run_1","texture":"16791763c","rect":[593,2,176,115],"offset":[1,2],"originalSize":[228,159]}},{"__type__":"cc.AnimationClip","_name":"sheepRun","_duration":0.8,"sample":5,"wrapMode":2,"curveData":{"comps":{"cc.Sprite":{"spriteFrame":[{"frame":0,"value":{"__uuid__":"2364OHyklBIb5oVgVO5TnY"}},{"frame":0.2,"value":{"__uuid__":"a5cBL/IzRNmaZRYsy/FETI"}},{"frame":0.4,"value":{"__uuid__":"55l/31PPxF5bmJMgxqNZQo"}},{"frame":0.6,"value":{"__uuid__":"1dDbW2EitJIIjRYgxToyon"}}]}},"props":{"position":[]}}}]