[{"__type__":"cc.SpriteFrame","content":{"name":"panel_bg","texture":"6f0eyQ76tB7KtrTNaghZUd","rect":[0,0,20,20],"offset":[0,0],"originalSize":[20,20],"capInsets":[5,4,5,6]}},{"__type__":"cc.SpriteFrame","content":{"name":"singleColor","texture":"1bags8Kg5BCpWrU9yaA6Ng","rect":[0,0,2,2],"offset":[0,0],"originalSize":[2,2]}},[{"__type__":"cc.Prefab","_name":"ListItem","data":{"__id__":1}},{"__type__":"cc.Node","_name":"item","_children":[{"__id__":2}],"_level":1,"_components":[{"__type__":"aa63bWNE8hBf4P4Sp0X2uT0","node":{"__id__":1},"label":{"__id__":3},"bg":{"__id__":4},"btn":{"__id__":5}},{"__id__":4},{"__id__":5}],"_prefab":{"__type__":"cc.PrefabInfo","root":{"__id__":1},"asset":{"__uuid__":"1eoho0ymhIgI32BauxkHn9"},"fileId":"7838dEuCdBIjomA/4pnvg05"},"_contentSize":{"__type__":"cc.Size","width":400,"height":40},"_anchorPoint":{"__type__":"cc.Vec2","y":1},"_position":{"__type__":"cc.Vec3","x":50,"y":-50},"_scale":{"__type__":"cc.Vec3","x":1,"y":1,"z":1},"_localZOrder":11},{"__type__":"cc.Node","_name":"label","_parent":{"__id__":1},"_components":[{"__type__":"cc.Widget","node":{"__id__":2},"alignMode":0,"_alignFlags":45,"_left":30,"_right":285.51,"_top":5,"_bottom":10,"_originalWidth":482,"_originalHeight":33},{"__id__":3}],"_prefab":{"__type__":"cc.PrefabInfo","root":{"__id__":1},"asset":{"__uuid__":"1eoho0ymhIgI32BauxkHn9"},"fileId":"a552bVxCCBNdLO5TgH0HsGm"},"_color":{"__type__":"cc.Color"},"_contentSize":{"__type__":"cc.Size","width":84.49000000000001,"height":25},"_anchorPoint":{"__type__":"cc.Vec2","y":1},"_position":{"__type__":"cc.Vec3","x":30,"y":-5},"_scale":{"__type__":"cc.Vec3","x":1,"y":1,"z":1}},{"__type__":"cc.Label","node":{"__id__":2},"_useOriginalSize":false,"_string":"Label sss","_N$string":"Label sss","_fontSize":20,"_lineHeight":25,"_N$verticalAlign":1},{"__type__":"cc.Sprite","node":{"__id__":1},"_spriteFrame":{"__uuid__":"93IPCkVxlHqI9nYkpyw1bw"},"_type":1,"_sizeMode":0},{"__type__":"cc.Button","node":{"__id__":1},"transition":1,"pressedColor":{"__type__":"cc.Color","r":192,"g":191,"b":191},"hoverColor":{"__type__":"cc.Color","r":180,"g":180,"b":180},"clickEvents":[{"__type__":"cc.ClickEvent","target":{"__id__":1},"component":"ListItem","handler":"loadExample"}],"_N$normalColor":{"__type__":"cc.Color","r":255,"g":255,"b":255},"_N$disabledColor":{"__type__":"cc.Color","r":255,"g":255,"b":255},"_N$target":{"__id__":1}}],{"__type__":"cc.SpriteFrame","content":{"name":"panelBG","texture":"32Kf6rsGJMda2RuWJgLe8h","rect":[0,0,27,30],"offset":[0,0],"originalSize":[27,30],"capInsets":[11,12,11,15]}},{"__type__":"cc.SpriteFrame","content":{"name":"default_panel","texture":"d8HsitJHxOYqo801xBk8ev","rect":[0,0,20,20],"offset":[0,0],"originalSize":[20,20],"capInsets":[6,6,6,6]}},[{"__type__":"cc.SceneAsset","_name":"TestList","scene":{"__id__":1},"asyncLoadAssets":null},{"__type__":"cc.Scene","_name":"New Node","_children":[{"__id__":2},{"__id__":5},{"__id__":9}],"_anchorPoint":{"__type__":"cc.Vec2"},"_scale":{"__type__":"cc.Vec3","x":0.6364583333333333,"y":0.6364583333333333,"z":1},"_localZOrder":448,"autoReleaseAssets":true},{"__type__":"cc.Node","_name":"Canvas","_parent":{"__id__":1},"_children":[{"__id__":3},{"__id__":4}],"_components":[{"__type__":"cc.Canvas","node":{"__id__":2}}],"_contentSize":{"__type__":"cc.Size","width":960,"height":640},"_position":{"__type__":"cc.Vec3","x":480,"y":320},"_scale":{"__type__":"cc.Vec3","x":1,"y":1,"z":1},"_localZOrder":449,"_id":"090d0OFRNNBL77uJm2aDmFX"},{"__type__":"cc.Node","_name":"Main Camera","_parent":{"__id__":2},"_components":[{"__type__":"cc.Camera","node":{"__id__":3},"_clearFlags":7,"_backgroundColor":{"__type__":"cc.Color","r":51,"g":77,"b":120},"_depth":-1}],"_scale":{"__type__":"cc.Vec3","x":1,"y":1,"z":1},"_localZOrder":450},{"__type__":"cc.Node","_name":"Background","_parent":{"__id__":2},"_components":[{"__type__":"cc.Sprite","node":{"__id__":4},"_spriteFrame":{"__uuid__":"0aoLNsxKlM4qs77+3nCObU"},"_sizeMode":0},{"__type__":"cc.Widget","node":{"__id__":4},"alignMode":2,"_alignFlags":45,"_originalWidth":960,"_originalHeight":640}],"_prefab":{"__type__":"cc.PrefabInfo","root":{"__id__":4},"asset":{"__uuid__":"b8OSNRvpdPAZhePn0hGPPJ"},"fileId":"78fd70+ls5GgJcFkzvLSRk8"},"_color":{"__type__":"cc.Color","r":57,"g":61,"b":64},"_contentSize":{"__type__":"cc.Size","width":960,"height":640},"_scale":{"__type__":"cc.Vec3","x":1,"y":1,"z":1},"_localZOrder":451},{"__type__":"cc.Node","_name":"TestList","_parent":{"__id__":1},"_children":[{"__id__":6}],"_components":[{"__id__":8},{"__type__":"cc.Sprite","node":{"__id__":5},"_spriteFrame":{"__uuid__":"9bvaMerUlDyary99mJa6xp"},"_type":1,"_sizeMode":0},{"__type__":"cc.Widget","node":{"__id__":5},"alignMode":2,"_alignFlags":18}],"_contentSize":{"__type__":"cc.Size","width":600,"height":600},"_position":{"__type__":"cc.Vec3","x":480,"y":320},"_scale":{"__type__":"cc.Vec3","x":1,"y":1,"z":1},"_localZOrder":452,"_id":"07237nJ33ZHw7lFr1dvt/S8"},{"__type__":"cc.Node","_name":"viewport","_parent":{"__id__":5},"_children":[{"__id__":7}],"_components":[{"__type__":"cc.Mask","node":{"__id__":6},"_N$alphaThreshold":1}],"_contentSize":{"__type__":"cc.Size","width":600,"height":600},"_scale":{"__type__":"cc.Vec3","x":1,"y":1,"z":1},"_localZOrder":453},{"__type__":"cc.Node","_name":"list","_parent":{"__id__":6},"_components":[{"__type__":"473b8wxs55OsJvoxVdYCzTF","node":{"__id__":7},"itemPrefab":{"__uuid__":"1eoho0ymhIgI32BauxkHn9"},"initItemCount":18,"scrollView":{"__id__":8},"bufferZone":350}],"_contentSize":{"__type__":"cc.Size","width":600,"height":900},"_anchorPoint":{"__type__":"cc.Vec2","y":1},"_position":{"__type__":"cc.Vec3","x":-300,"y":300},"_scale":{"__type__":"cc.Vec3","x":1,"y":1,"z":1},"_localZOrder":454},{"__type__":"cc.ScrollView","node":{"__id__":5},"content":{"__id__":7},"horizontal":false,"brake":0.9,"bounceDuration":0.23,"_N$horizontalScrollBar":null,"_N$verticalScrollBar":null},{"__type__":"cc.Node","_name":"Menu","_parent":{"__id__":1},"_children":[{"__id__":10},{"__id__":12},{"__id__":19},{"__id__":22},{"__id__":25},{"__id__":27}],"_components":[{"__type__":"cc.Widget","node":{"__id__":9},"alignMode":2,"_alignFlags":45},{"__type__":"04525pyYBlN26SWawaUF3dA","node":{"__id__":9},"text":{"__id__":17},"readme":{"__id__":18},"btnInfo":{"__id__":24},"btnBack":{"__id__":21},"testList":{"__id__":8},"uiCamera":{"__id__":11}}],"_contentSize":{"__type__":"cc.Size","width":960,"height":640},"_position":{"__type__":"cc.Vec3","x":480,"y":320},"_scale":{"__type__":"cc.Vec3","x":1,"y":1,"z":1},"_localZOrder":455,"groupIndex":7,"_id":"d4145fA6E9OsqhRjr87RQ1U"},{"__type__":"cc.Node","_name":"camera","_parent":{"__id__":9},"_components":[{"__id__":11}],"_scale":{"__type__":"cc.Vec3","x":1,"y":1,"z":1},"_localZOrder":456},{"__type__":"cc.Camera","node":{"__id__":10},"_cullingMask":128,"_backgroundColor":{"__type__":"cc.Color","r":51,"g":77,"b":120}},{"__type__":"cc.Node","_name":"readme","_parent":{"__id__":9},"_children":[{"__id__":13},{"__id__":14},{"__id__":15}],"_active":false,"_components":[{"__id__":18},{"__type__":"cc.Widget","node":{"__id__":12},"_wasAlignOnce":null,"isAlignOnce":null,"_alignFlags":45,"_left":0.25,"_right":0.25,"_top":0.1,"_bottom":0.2,"_isAbsLeft":false,"_isAbsRight":false,"_isAbsTop":false,"_isAbsBottom":false,"_originalWidth":500,"_originalHeight":250}],"_color":{"__type__":"cc.Color","r":184,"g":184,"b":184},"_contentSize":{"__type__":"cc.Size","width":480,"height":448},"_position":{"__type__":"cc.Vec3","y":32},"_scale":{"__type__":"cc.Vec3","x":1,"y":1,"z":1},"_localZOrder":457},{"__type__":"cc.Node","_name":"mask","_parent":{"__id__":12},"_components":[{"__type__":"cc.Sprite","node":{"__id__":13},"_spriteFrame":{"__uuid__":"0aoLNsxKlM4qs77+3nCObU"},"_sizeMode":0},{"__type__":"cc.Widget","node":{"__id__":13},"_wasAlignOnce":null,"isAlignOnce":null,"_target":{"__id__":9},"_alignFlags":45,"_originalWidth":1367,"_originalHeight":900},{"__type__":"cc.BlockInputEvents","node":{"__id__":13}}],"_opacity":150,"_color":{"__type__":"cc.Color","r":3,"g":3,"b":3,"a":150},"_contentSize":{"__type__":"cc.Size","width":960,"height":640},"_position":{"__type__":"cc.Vec3","y":-32},"_scale":{"__type__":"cc.Vec3","x":1,"y":1,"z":1},"_localZOrder":458},{"__type__":"cc.Node","_name":"bg","_parent":{"__id__":12},"_components":[{"__type__":"cc.Sprite","node":{"__id__":14},"_spriteFrame":{"__uuid__":"00hhH2f2RPe67zRA4OCzLb"},"_type":1,"_sizeMode":0},{"__type__":"cc.Widget","node":{"__id__":14},"_wasAlignOnce":{},"isAlignOnce":{},"_alignFlags":45,"_originalWidth":20,"_originalHeight":20}],"_contentSize":{"__type__":"cc.Size","width":480,"height":448},"_scale":{"__type__":"cc.Vec3","x":1,"y":1,"z":1},"_localZOrder":459},{"__type__":"cc.Node","_name":"view","_parent":{"__id__":12},"_children":[{"__id__":16}],"_components":[{"__type__":"cc.Mask","node":{"__id__":15},"_N$alphaThreshold":1},{"__type__":"cc.Widget","node":{"__id__":15},"_wasAlignOnce":{},"isAlignOnce":{},"_alignFlags":45,"_originalWidth":240,"_originalHeight":250}],"_contentSize":{"__type__":"cc.Size","width":480,"height":448},"_scale":{"__type__":"cc.Vec3","x":1,"y":1,"z":1},"_localZOrder":460},{"__type__":"cc.Node","_name":"text","_parent":{"__id__":15},"_components":[{"__id__":17},{"__type__":"cc.Widget","node":{"__id__":16},"_wasAlignOnce":null,"isAlignOnce":null,"_alignFlags":40,"_left":10,"_right":10,"_originalWidth":177.6}],"_contentSize":{"__type__":"cc.Size","width":460,"height":40},"_anchorPoint":{"__type__":"cc.Vec2","x":0.5,"y":1},"_position":{"__type__":"cc.Vec3","y":205},"_scale":{"__type__":"cc.Vec3","x":1,"y":1,"z":1},"_localZOrder":461},{"__type__":"cc.Label","node":{"__id__":16},"_useOriginalSize":false,"_fontSize":20,"_N$overflow":3},{"__type__":"cc.ScrollView","node":{"__id__":12},"content":{"__id__":16},"horizontal":false,"brake":0.75,"bounceDuration":0.23,"_N$horizontalScrollBar":null,"_N$verticalScrollBar":null},{"__type__":"cc.Node","_name":"btnBack","_parent":{"__id__":9},"_children":[{"__id__":20}],"_components":[{"__type__":"cc.Sprite","node":{"__id__":19},"_spriteFrame":{"__uuid__":"dbk5LlNyFFrbfiDsMLGqbT"},"_type":1,"_sizeMode":0},{"__type__":"cc.Widget","node":{"__id__":19},"alignMode":2,"_alignFlags":9,"_left":11,"_right":816.5,"_top":90,"_originalWidth":138},{"__id__":21}],"_contentSize":{"__type__":"cc.Size","width":138,"height":63},"_position":{"__type__":"cc.Vec3","x":-400,"y":198.5},"_scale":{"__type__":"cc.Vec3","x":1,"y":1,"z":1},"_localZOrder":462},{"__type__":"cc.Node","_name":"label","_parent":{"__id__":19},"_components":[{"__type__":"e4f88adp3hERoJ48DZ2PSAl","node":{"__id__":20},"_srcBlendFactor":1,"_useOriginalSize":false,"_string":"返回列表","_N$string":"返回列表","_fontSize":20,"_N$horizontalAlign":1,"_N$verticalAlign":1,"_N$textKey":"TestList.fire.30"}],"_color":{"__type__":"cc.Color","r":10,"g":10,"b":10},"_contentSize":{"__type__":"cc.Size","width":80,"height":40},"_scale":{"__type__":"cc.Vec3","x":1,"y":1,"z":1},"_localZOrder":463},{"__type__":"cc.Button","node":{"__id__":19},"transition":1,"pressedColor":{"__type__":"cc.Color","r":179,"g":179,"b":179},"clickEvents":[{"__type__":"cc.ClickEvent","target":{"__id__":9},"component":"Menu","handler":"backToList"}],"_N$normalColor":{"__type__":"cc.Color","r":255,"g":255,"b":255},"_N$disabledColor":{"__type__":"cc.Color","r":255,"g":255,"b":255},"_N$target":{"__id__":19}},{"__type__":"cc.Node","_name":"btnInfo","_parent":{"__id__":9},"_children":[{"__id__":23}],"_components":[{"__type__":"cc.Sprite","node":{"__id__":22},"_spriteFrame":{"__uuid__":"dbk5LlNyFFrbfiDsMLGqbT"},"_type":1,"_sizeMode":0},{"__type__":"cc.Widget","node":{"__id__":22},"alignMode":2,"_alignFlags":9,"_left":11,"_right":10.000000000000018,"_top":8.5},{"__id__":24}],"_contentSize":{"__type__":"cc.Size","width":138,"height":63},"_position":{"__type__":"cc.Vec3","x":-400,"y":280},"_scale":{"__type__":"cc.Vec3","x":1,"y":1,"z":1},"_localZOrder":464},{"__type__":"cc.Node","_name":"label","_parent":{"__id__":22},"_components":[{"__type__":"e4f88adp3hERoJ48DZ2PSAl","node":{"__id__":23},"_srcBlendFactor":1,"_useOriginalSize":false,"_string":"查看说明","_N$string":"查看说明","_fontSize":20,"_N$horizontalAlign":1,"_N$verticalAlign":1,"_N$textKey":"TestList.fire.37"}],"_color":{"__type__":"cc.Color","r":10,"g":10,"b":10},"_contentSize":{"__type__":"cc.Size","width":80,"height":40},"_scale":{"__type__":"cc.Vec3","x":1,"y":1,"z":1},"_localZOrder":465},{"__type__":"cc.Button","node":{"__id__":22},"transition":1,"pressedColor":{"__type__":"cc.Color","r":179,"g":179,"b":179},"clickEvents":[{"__type__":"cc.ClickEvent","target":{"__id__":9},"component":"Menu","handler":"showReadme"}],"_N$normalColor":{"__type__":"cc.Color","r":255,"g":255,"b":255},"_N$disabledColor":{"__type__":"cc.Color","r":255,"g":255,"b":255},"_N$target":{"__id__":22}},{"__type__":"cc.Node","_name":"btnRestart","_parent":{"__id__":9},"_children":[{"__id__":26}],"_components":[{"__type__":"cc.Sprite","node":{"__id__":25},"_spriteFrame":{"__uuid__":"dbk5LlNyFFrbfiDsMLGqbT"},"_type":1,"_sizeMode":0},{"__type__":"cc.Widget","node":{"__id__":25},"alignMode":2,"_alignFlags":36,"_left":811,"_right":11,"_top":486.5,"_bottom":90.5},{"__type__":"cc.Button","node":{"__id__":25},"transition":1,"pressedColor":{"__type__":"cc.Color","r":179,"g":179,"b":179},"clickEvents":[{"__type__":"cc.ClickEvent","target":{"__id__":9},"component":"Menu","handler":"restart"}],"_N$normalColor":{"__type__":"cc.Color","r":255,"g":255,"b":255},"_N$disabledColor":{"__type__":"cc.Color","r":255,"g":255,"b":255},"_N$target":{"__id__":25}}],"_contentSize":{"__type__":"cc.Size","width":138,"height":63},"_position":{"__type__":"cc.Vec3","x":400,"y":-198},"_scale":{"__type__":"cc.Vec3","x":1,"y":1,"z":1},"_localZOrder":466},{"__type__":"cc.Node","_name":"label","_parent":{"__id__":25},"_components":[{"__type__":"cc.Label","node":{"__id__":26},"_srcBlendFactor":1,"_useOriginalSize":false,"_string":"Restart","_N$string":"Restart","_fontSize":20,"_N$verticalAlign":1}],"_color":{"__type__":"cc.Color","r":10,"g":10,"b":10},"_contentSize":{"__type__":"cc.Size","width":64.46,"height":40},"_scale":{"__type__":"cc.Vec3","x":1,"y":1,"z":1},"_localZOrder":467},{"__type__":"cc.Node","_name":"btnGC","_parent":{"__id__":9},"_children":[{"__id__":28}],"_components":[{"__type__":"cc.Sprite","node":{"__id__":27},"_spriteFrame":{"__uuid__":"dbk5LlNyFFrbfiDsMLGqbT"},"_type":1,"_sizeMode":0},{"__type__":"cc.Widget","node":{"__id__":27},"alignMode":2,"_alignFlags":36,"_left":811,"_right":11,"_top":566.5,"_bottom":10.5,"_originalWidth":138,"_originalHeight":63},{"__type__":"cc.Button","node":{"__id__":27},"transition":1,"pressedColor":{"__type__":"cc.Color","r":179,"g":179,"b":179},"clickEvents":[{"__type__":"cc.ClickEvent","target":{"__id__":9},"component":"Menu","handler":"gc"}],"_N$normalColor":{"__type__":"cc.Color","r":255,"g":255,"b":255},"_N$disabledColor":{"__type__":"cc.Color","r":255,"g":255,"b":255},"_N$target":{"__id__":27}}],"_contentSize":{"__type__":"cc.Size","width":138,"height":63},"_position":{"__type__":"cc.Vec3","x":400,"y":-278},"_scale":{"__type__":"cc.Vec3","x":1,"y":1,"z":1},"_localZOrder":468},{"__type__":"cc.Node","_name":"label","_parent":{"__id__":27},"_components":[{"__type__":"cc.Label","node":{"__id__":28},"_srcBlendFactor":1,"_useOriginalSize":false,"_string":"GC","_N$string":"GC","_fontSize":20,"_N$verticalAlign":1}],"_color":{"__type__":"cc.Color","r":10,"g":10,"b":10},"_contentSize":{"__type__":"cc.Size","width":30,"height":40},"_scale":{"__type__":"cc.Vec3","x":1,"y":1,"z":1},"_localZOrder":469}],{"__type__":"cc.SpriteFrame","content":{"name":"button_green","texture":"c8IXmlZ21CPI3iIodLX0pt","rect":[0,0,30,22],"offset":[0,0],"originalSize":[30,22],"capInsets":[8,7,7,12]}}]