[{"__type__":"cc.SpriteFrame","content":{"name":"singleColor","texture":"1bags8Kg5BCpWrU9yaA6Ng","rect":[0,0,2,2],"offset":[0,0],"originalSize":[2,2]}},{"__type__":"cc.SpriteFrame","content":{"name":"star","texture":"b1HE18sVtOtog7FpfBOI4h","rect":[0,12,169,185],"offset":[0,-4],"originalSize":[169,201]}},[{"__type__":"cc.SceneAsset","_name":"Category","scene":{"__id__":1},"asyncLoadAssets":null},{"__type__":"cc.Scene","_name":"New Node","_children":[{"__id__":2}],"_anchorPoint":{"__type__":"cc.Vec2"},"_scale":{"__type__":"cc.Vec3","x":0.6427083333333333,"y":0.6427083333333333,"z":1},"_localZOrder":321,"autoReleaseAssets":true},{"__type__":"cc.Node","_name":"Canvas","_parent":{"__id__":1},"_children":[{"__id__":3},{"__id__":4},{"__id__":5},{"__id__":10}],"_components":[{"__type__":"cc.Canvas","node":{"__id__":2}}],"_contentSize":{"__type__":"cc.Size","width":960,"height":640},"_position":{"__type__":"cc.Vec3","x":480,"y":320},"_scale":{"__type__":"cc.Vec3","x":1,"y":1,"z":1},"_localZOrder":322,"_id":"3e27dXhigpPDZiBfbpgRSbt"},{"__type__":"cc.Node","_name":"Main Camera","_parent":{"__id__":2},"_level":1,"_components":[{"__type__":"cc.Camera","node":{"__id__":3},"_clearFlags":3,"_depth":-1}],"_scale":{"__type__":"cc.Vec3","x":1,"y":1,"z":1},"_localZOrder":323},{"__type__":"cc.Node","_name":"Background","_parent":{"__id__":2},"_components":[{"__type__":"cc.Sprite","node":{"__id__":4},"_spriteFrame":{"__uuid__":"0aoLNsxKlM4qs77+3nCObU"},"_sizeMode":0},{"__type__":"cc.Widget","node":{"__id__":4},"alignMode":2,"_alignFlags":45,"_originalWidth":960,"_originalHeight":640}],"_prefab":{"__type__":"cc.PrefabInfo","root":{"__id__":4},"asset":{"__uuid__":"b8OSNRvpdPAZhePn0hGPPJ"},"fileId":"78fd70+ls5GgJcFkzvLSRk8"},"_color":{"__type__":"cc.Color","r":57,"g":61,"b":64},"_contentSize":{"__type__":"cc.Size","width":960,"height":640},"_scale":{"__type__":"cc.Vec3","x":1,"y":1,"z":1},"_localZOrder":324},{"__type__":"cc.Node","_name":"label","_parent":{"__id__":2},"_children":[{"__id__":6},{"__id__":7},{"__id__":8},{"__id__":9}],"_scale":{"__type__":"cc.Vec3","x":1,"y":1,"z":1},"_localZOrder":325},{"__type__":"cc.Node","_name":"a","_parent":{"__id__":5},"_components":[{"__type__":"e4f88adp3hERoJ48DZ2PSAl","node":{"__id__":6},"_useOriginalSize":false,"_string":"组: 碰撞","_N$string":"组: 碰撞","_N$verticalAlign":1,"_N$textKey":"cases/collider/Category.fire.3"}],"_contentSize":{"__type__":"cc.Size","width":142.23,"height":40},"_position":{"__type__":"cc.Vec3","x":-328,"y":197},"_scale":{"__type__":"cc.Vec3","x":1,"y":1,"z":1},"_localZOrder":326},{"__type__":"cc.Node","_name":"b","_parent":{"__id__":5},"_components":[{"__type__":"e4f88adp3hERoJ48DZ2PSAl","node":{"__id__":7},"_useOriginalSize":false,"_string":"组: 碰撞","_N$string":"组: 碰撞","_N$verticalAlign":1,"_N$textKey":"cases/collider/Category.fire.5"}],"_contentSize":{"__type__":"cc.Size","width":142.23,"height":40},"_position":{"__type__":"cc.Vec3","x":355,"y":197},"_scale":{"__type__":"cc.Vec3","x":1,"y":1,"z":1},"_localZOrder":327},{"__type__":"cc.Node","_name":"c","_parent":{"__id__":5},"_components":[{"__type__":"e4f88adp3hERoJ48DZ2PSAl","node":{"__id__":8},"_useOriginalSize":false,"_string":"组: 碰撞","_N$string":"组: 碰撞","_N$verticalAlign":1,"_N$textKey":"cases/collider/Category.fire.7"}],"_contentSize":{"__type__":"cc.Size","width":142.23,"height":40},"_position":{"__type__":"cc.Vec3","x":-328,"y":-117},"_scale":{"__type__":"cc.Vec3","x":1,"y":1,"z":1},"_localZOrder":328},{"__type__":"cc.Node","_name":"d","_parent":{"__id__":5},"_components":[{"__type__":"e4f88adp3hERoJ48DZ2PSAl","node":{"__id__":9},"_useOriginalSize":false,"_string":"组: 默认","_N$string":"组: 默认","_N$verticalAlign":1,"_N$textKey":"cases/collider/Category.fire.9"}],"_contentSize":{"__type__":"cc.Size","width":142.23,"height":40},"_position":{"__type__":"cc.Vec3","x":355,"y":-117},"_scale":{"__type__":"cc.Vec3","x":1,"y":1,"z":1},"_localZOrder":329},{"__type__":"cc.Node","_name":"collider","_parent":{"__id__":2},"_children":[{"__id__":11},{"__id__":12},{"__id__":13},{"__id__":14}],"_scale":{"__type__":"cc.Vec3","x":1,"y":1,"z":1},"_localZOrder":330},{"__type__":"cc.Node","_name":"a","_parent":{"__id__":10},"_components":[{"__type__":"cc.Sprite","node":{"__id__":11},"_spriteFrame":{"__uuid__":"28J1mVxrtNt4x6jPwYU6v+"}},{"__type__":"cc.BoxCollider","node":{"__id__":11},"_size":{"__type__":"cc.Size","width":169,"height":185}},{"__type__":"fde33rWt81MvZWO7QQ3jv3j","node":{"__id__":11},"moveSpeed":0,"rotationSpeed":10},{"__type__":"9d60fXxtXFNeI79PM6EXYuZ","node":{"__id__":11}}],"_contentSize":{"__type__":"cc.Size","width":169,"height":185},"_position":{"__type__":"cc.Vec3","x":-87,"y":186},"_scale":{"__type__":"cc.Vec3","x":1,"y":1,"z":1},"_localZOrder":331,"groupIndex":5},{"__type__":"cc.Node","_name":"b","_parent":{"__id__":10},"_components":[{"__type__":"cc.Sprite","node":{"__id__":12},"_spriteFrame":{"__uuid__":"28J1mVxrtNt4x6jPwYU6v+"}},{"__type__":"cc.BoxCollider","node":{"__id__":12},"_size":{"__type__":"cc.Size","width":169,"height":185}},{"__type__":"fde33rWt81MvZWO7QQ3jv3j","node":{"__id__":12},"moveSpeed":0,"rotationSpeed":-10},{"__type__":"9d60fXxtXFNeI79PM6EXYuZ","node":{"__id__":12}}],"_contentSize":{"__type__":"cc.Size","width":169,"height":185},"_position":{"__type__":"cc.Vec3","x":130,"y":186},"_scale":{"__type__":"cc.Vec3","x":1,"y":1,"z":1},"_localZOrder":332,"groupIndex":5},{"__type__":"cc.Node","_name":"c","_parent":{"__id__":10},"_components":[{"__type__":"cc.Sprite","node":{"__id__":13},"_spriteFrame":{"__uuid__":"28J1mVxrtNt4x6jPwYU6v+"}},{"__type__":"cc.BoxCollider","node":{"__id__":13},"_size":{"__type__":"cc.Size","width":169,"height":185}},{"__type__":"fde33rWt81MvZWO7QQ3jv3j","node":{"__id__":13},"moveSpeed":0,"rotationSpeed":10},{"__type__":"9d60fXxtXFNeI79PM6EXYuZ","node":{"__id__":13}}],"_contentSize":{"__type__":"cc.Size","width":169,"height":185},"_position":{"__type__":"cc.Vec3","x":-87,"y":-88},"_scale":{"__type__":"cc.Vec3","x":1,"y":1,"z":1},"_localZOrder":333,"groupIndex":5},{"__type__":"cc.Node","_name":"d","_parent":{"__id__":10},"_components":[{"__type__":"cc.Sprite","node":{"__id__":14},"_spriteFrame":{"__uuid__":"28J1mVxrtNt4x6jPwYU6v+"}},{"__type__":"cc.BoxCollider","node":{"__id__":14},"_size":{"__type__":"cc.Size","width":169,"height":185}},{"__type__":"fde33rWt81MvZWO7QQ3jv3j","node":{"__id__":14},"moveSpeed":0,"rotationSpeed":-10},{"__type__":"9d60fXxtXFNeI79PM6EXYuZ","node":{"__id__":14}}],"_contentSize":{"__type__":"cc.Size","width":169,"height":185},"_position":{"__type__":"cc.Vec3","x":130,"y":-88},"_scale":{"__type__":"cc.Vec3","x":1,"y":1,"z":1},"_localZOrder":334}]]