[{"__type__":"cc.Asset","_name":"default_video","_native":".mp4"},[{"__type__":"cc.Prefab","_name":"VideoPlayer","data":{"__id__":1}},{"__type__":"cc.Node","_name":"VideoPlayer","_components":[{"__type__":"c522blbRKFBv7rKt6D8cgUF","node":{"__id__":1}},{"__type__":"cc.VideoPlayer","node":{"__id__":1},"_resourceType":1,"_clip":{"__uuid__":"2b42KXmrtP7oBJntXicdqK"},"videoPlayerEvent":[{"__type__":"cc.ClickEvent","target":{"__id__":1},"component":"FullscreenVideoPlayerEvent","handler":"videoPlayerEvent"}],"_N$keepAspectRatio":false},{"__type__":"cc.Widget","node":{"__id__":1},"alignMode":2,"_alignFlags":45,"_originalWidth":960,"_originalHeight":240}],"_prefab":{"__type__":"cc.PrefabInfo","root":{"__id__":1},"asset":{"__id__":0},"fileId":"e8d38lnzJFNOLNCHlVaKKd+"},"_contentSize":{"__type__":"cc.Size","width":960,"height":640},"_scale":{"__type__":"cc.Vec3","x":1,"y":1,"z":1},"_localZOrder":7}]]