[{"__type__":"cc.AnimationClip","_name":"tipsAnim","_duration":1,"speed":0.5,"curveData":{"props":{"y":[{"frame":0,"value":0},{"frame":1,"value":200}],"opacity":[{"frame":0.13333333333333333,"value":255},{"frame":1,"value":0}]}},"events":[{"frame":1,"func":"onFinish","params":[]}]},[{"__type__":"cc.Prefab","_name":"SuspensionTips","data":{"__id__":1}},{"__type__":"cc.Node","_name":"SupensionTips","_components":[{"__type__":"cc.Label","node":{"__id__":1},"_useOriginalSize":false,"_string":"TEXT","_N$string":"TEXT","_fontSize":20,"_lineHeight":20,"_N$horizontalAlign":1,"_N$verticalAlign":1},{"__type__":"8ac63tBw2VIz6iKqlNPDjnS","node":{"__id__":1}},{"__type__":"cc.Animation","node":{"__id__":1},"_defaultClip":{"__uuid__":"17Gkrodw1JY7pciNPZOxpl"},"_clips":[{"__uuid__":"17Gkrodw1JY7pciNPZOxpl"}],"playOnLoad":true}],"_prefab":{"__type__":"cc.PrefabInfo","root":{"__id__":1},"asset":{"__uuid__":"1cKpCHraxFi5zQ46LHReO4"},"fileId":"d06e2W1HxFLCo8Qdc3xPLfx"},"_opacity":0,"_color":{"__type__":"cc.Color"},"_contentSize":{"__type__":"cc.Size","width":51.11,"height":20},"_position":{"__type__":"cc.Vec3","y":200},"_scaleX":1,"_scaleY":1,"_scale":{"__type__":"cc.Vec3","x":1,"y":1,"z":1}}],{"__type__":"cc.SpriteFrame","content":{"name":"panelBG","texture":"32Kf6rsGJMda2RuWJgLe8h","rect":[0,0,27,30],"offset":[0,0],"originalSize":[27,30],"capInsets":[11,12,11,15]}},[{"__type__":"cc.Prefab","_name":"AnySDKItem","data":{"__id__":1}},{"__type__":"cc.Node","_name":"item","_children":[{"__id__":2}],"_components":[{"__id__":4},{"__id__":5},{"__type__":"e31f0yL3HBBTbV2OWMTVMCx","node":{"__id__":1},"label":{"__id__":3},"bg":{"__id__":4},"btn":{"__id__":5}}],"_prefab":{"__type__":"cc.PrefabInfo","root":{"__id__":1},"asset":{"__uuid__":"acJA0wHChC4oXZ8epPnyUl"},"fileId":"7838dEuCdBIjomA/4pnvg05"},"_contentSize":{"__type__":"cc.Size","width":400,"height":40},"_anchorPoint":{"__type__":"cc.Vec2","y":1},"_position":{"__type__":"cc.Vec3","x":50,"y":-50},"_scaleX":1,"_scaleY":1,"_scale":{"__type__":"cc.Vec3","x":1,"y":1,"z":1}},{"__type__":"cc.Node","_name":"label","_parent":{"__id__":1},"_components":[{"__type__":"cc.Widget","node":{"__id__":2},"_wasAlignOnce":{},"isAlignOnce":{},"_alignFlags":45,"_left":30,"_right":285.51,"_top":5,"_bottom":10,"_originalWidth":482,"_originalHeight":33},{"__id__":3}],"_prefab":{"__type__":"cc.PrefabInfo","root":{"__id__":1},"asset":{"__uuid__":"acJA0wHChC4oXZ8epPnyUl"},"fileId":"a552bVxCCBNdLO5TgH0HsGm"},"_color":{"__type__":"cc.Color"},"_contentSize":{"__type__":"cc.Size","width":84.49000000000001,"height":25},"_anchorPoint":{"__type__":"cc.Vec2","y":1},"_position":{"__type__":"cc.Vec3","x":30,"y":-5},"_scaleX":1,"_scaleY":1,"_scale":{"__type__":"cc.Vec3","x":1,"y":1,"z":1}},{"__type__":"cc.Label","node":{"__id__":2},"_useOriginalSize":false,"_string":"Label sss","_N$string":"Label sss","_fontSize":20,"_lineHeight":25,"_N$horizontalAlign":1,"_N$verticalAlign":1},{"__type__":"cc.Sprite","node":{"__id__":1},"_spriteFrame":{"__uuid__":"93IPCkVxlHqI9nYkpyw1bw"},"_type":1,"_sizeMode":0},{"__type__":"cc.Button","node":{"__id__":1},"transition":1,"pressedColor":{"__type__":"cc.Color","r":192,"g":191,"b":191},"hoverColor":{"__type__":"cc.Color","r":180,"g":180,"b":180},"clickEvents":[{"__type__":"cc.ClickEvent","target":{"__id__":1},"component":"AnySDKItem","handler":"invoke"}],"_N$normalColor":{"__type__":"cc.Color","r":255,"g":255,"b":255},"_N$disabledColor":{"__type__":"cc.Color","r":255,"g":255,"b":255},"_N$target":{"__id__":1}}]]