[{"__type__":"cc.SpriteFrame","content":{"name":"singleColor","texture":"1bags8Kg5BCpWrU9yaA6Ng","rect":[0,0,2,2],"offset":[0,0],"originalSize":[2,2]}},[{"__type__":"cc.SceneAsset","_name":"AnimatedWidget","scene":{"__id__":1},"asyncLoadAssets":null},{"__type__":"cc.Scene","_name":"New Node","_children":[{"__id__":2}],"_anchorPoint":{"__type__":"cc.Vec2"},"_scale":{"__type__":"cc.Vec3","x":0.6520833333333333,"y":0.6520833333333333,"z":1},"_localZOrder":245,"autoReleaseAssets":true},{"__type__":"cc.Node","_name":"Canvas","_parent":{"__id__":1},"_children":[{"__id__":3},{"__id__":4},{"__id__":5},{"__id__":6}],"_components":[{"__type__":"cc.Canvas","node":{"__id__":2}}],"_contentSize":{"__type__":"cc.Size","width":960,"height":640},"_position":{"__type__":"cc.Vec3","x":480,"y":320},"_scale":{"__type__":"cc.Vec3","x":1,"y":1,"z":1},"_localZOrder":246,"_id":"9f353qWiFlBxIquJgihEdTR"},{"__type__":"cc.Node","_name":"Main Camera","_parent":{"__id__":2},"_level":1,"_components":[{"__type__":"cc.Camera","node":{"__id__":3},"_clearFlags":3,"_depth":-1}],"_scale":{"__type__":"cc.Vec3","x":1,"y":1,"z":1},"_localZOrder":247},{"__type__":"cc.Node","_name":"Background","_parent":{"__id__":2},"_components":[{"__type__":"cc.Sprite","node":{"__id__":4},"_spriteFrame":{"__uuid__":"0aoLNsxKlM4qs77+3nCObU"},"_sizeMode":0},{"__type__":"cc.Widget","node":{"__id__":4},"alignMode":2,"_alignFlags":45,"_originalWidth":960,"_originalHeight":640}],"_prefab":{"__type__":"cc.PrefabInfo","root":{"__id__":4},"asset":{"__uuid__":"b8OSNRvpdPAZhePn0hGPPJ"},"fileId":"78fd70+ls5GgJcFkzvLSRk8"},"_color":{"__type__":"cc.Color","r":57,"g":61,"b":64},"_contentSize":{"__type__":"cc.Size","width":960,"height":640},"_scale":{"__type__":"cc.Vec3","x":1,"y":1,"z":1},"_localZOrder":248},{"__type__":"cc.Node","_name":"Animated","_parent":{"__id__":2},"_components":[{"__type__":"cc.Sprite","node":{"__id__":5},"_spriteFrame":{"__uuid__":"c0GPA1PjJA7bli4XEgVjPQ"},"_type":1,"_sizeMode":0},{"__type__":"cc.Widget","node":{"__id__":5},"alignMode":2,"_alignFlags":5,"_left":278,"_top":550,"_bottom":20,"_originalHeight":300},{"__type__":"cc.Animation","node":{"__id__":5},"_defaultClip":{"__uuid__":"5dD12MNo9LVoIP2EZgIwGo"},"_clips":[{"__uuid__":"5dD12MNo9LVoIP2EZgIwGo"}],"playOnLoad":true}],"_contentSize":{"__type__":"cc.Size","width":400,"height":70},"_position":{"__type__":"cc.Vec3","x":-2,"y":-265},"_scale":{"__type__":"cc.Vec3","x":1,"y":1,"z":1},"_localZOrder":249},{"__type__":"cc.Node","_name":"Tips","_parent":{"__id__":2},"_components":[{"__type__":"e4f88adp3hERoJ48DZ2PSAl","node":{"__id__":6},"_useOriginalSize":false,"_string":"动画挂件。","_N$string":"动画挂件。","_N$horizontalAlign":1,"_N$verticalAlign":1,"_N$textKey":"cases/02_ui/01_widget/AnimatedWidget.fire.9"},{"__type__":"cc.Widget","node":{"__id__":6},"alignMode":0,"_alignFlags":1,"_top":83}],"_contentSize":{"__type__":"cc.Size","width":200,"height":40},"_position":{"__type__":"cc.Vec3","y":217},"_scale":{"__type__":"cc.Vec3","x":1,"y":1,"z":1},"_localZOrder":250}],{"__type__":"cc.AnimationClip","_name":"topWidget","_duration":0.9833333333333333,"wrapMode":22,"curveData":{"comps":{"cc.Widget":{"top":[{"frame":0,"value":550},{"frame":0.9833333333333333,"value":200}]}}}},{"__type__":"cc.SpriteFrame","content":{"name":"bg","texture":"5cSEe6cUVByreKJqRNvahb","rect":[0,0,14,14],"offset":[0,0],"originalSize":[14,14],"capInsets":[5,5,5,5]}}]