[{"__type__":"cc.SpriteFrame","content":{"name":"singleColor","texture":"1bags8Kg5BCpWrU9yaA6Ng","rect":[0,0,2,2],"offset":[0,0],"originalSize":[2,2]}},[{"__type__":"cc.SceneAsset","_name":"LoadResDir","scene":{"__id__":1},"asyncLoadAssets":null},{"__type__":"cc.Scene","_name":"New Node","_children":[{"__id__":2}],"_anchorPoint":{"__type__":"cc.Vec2"},"_scale":{"__type__":"cc.Vec3","x":0.6427083333333333,"y":0.6427083333333333,"z":1},"_localZOrder":337,"autoReleaseAssets":true},{"__type__":"cc.Node","_name":"Canvas","_parent":{"__id__":1},"_children":[{"__id__":3},{"__id__":4},{"__id__":5},{"__id__":6},{"__id__":14}],"_components":[{"__type__":"cc.Canvas","node":{"__id__":2}},{"__type__":"fee3dcLoaZCvrJ9FZrBngbb","node":{"__id__":2},"btnClearAll":{"__id__":19},"label":{"__uuid__":"6dwF1i3RBKa6Bc7ZJrTzFC"},"scrollView":{"__id__":11}}],"_contentSize":{"__type__":"cc.Size","width":960,"height":640},"_position":{"__type__":"cc.Vec3","x":480,"y":320},"_scale":{"__type__":"cc.Vec3","x":1,"y":1,"z":1},"_localZOrder":338,"_id":"089adIqUUBHPLcEYIru+eJx"},{"__type__":"cc.Node","_name":"Main Camera","_parent":{"__id__":2},"_level":1,"_components":[{"__type__":"cc.Camera","node":{"__id__":3},"_clearFlags":3,"_depth":-1}],"_scale":{"__type__":"cc.Vec3","x":1,"y":1,"z":1},"_localZOrder":339},{"__type__":"cc.Node","_name":"Background","_parent":{"__id__":2},"_components":[{"__type__":"cc.Sprite","node":{"__id__":4},"_spriteFrame":{"__uuid__":"0aoLNsxKlM4qs77+3nCObU"},"_sizeMode":0},{"__type__":"cc.Widget","node":{"__id__":4},"alignMode":2,"_alignFlags":45,"_originalWidth":960,"_originalHeight":640}],"_prefab":{"__type__":"cc.PrefabInfo","root":{"__id__":4},"asset":{"__uuid__":"b8OSNRvpdPAZhePn0hGPPJ"},"fileId":"78fd70+ls5GgJcFkzvLSRk8"},"_color":{"__type__":"cc.Color","r":57,"g":61,"b":64},"_contentSize":{"__type__":"cc.Size","width":960,"height":640},"_scale":{"__type__":"cc.Vec3","x":1,"y":1,"z":1},"_localZOrder":340},{"__type__":"cc.Node","_name":"Title","_parent":{"__id__":2},"_components":[{"__type__":"e4f88adp3hERoJ48DZ2PSAl","node":{"__id__":5},"_useOriginalSize":false,"_string":"这个例子不包括运行时演示","_N$string":"这个例子不包括运行时演示","_N$horizontalAlign":1,"_N$verticalAlign":1,"_N$textKey":"cases/05_scripting/07_asset_loading/LoadResAll.fire.6"},{"__type__":"cc.Widget","node":{"__id__":5},"alignMode":0,"_alignFlags":41,"_left":240,"_right":240,"_top":20,"_originalWidth":480}],"_contentSize":{"__type__":"cc.Size","width":480,"height":40},"_position":{"__type__":"cc.Vec3","y":280},"_scale":{"__type__":"cc.Vec3","x":1,"y":1,"z":1},"_localZOrder":341},{"__type__":"cc.Node","_name":"ScrollView","_parent":{"__id__":2},"_children":[{"__id__":7},{"__id__":13}],"_components":[{"__id__":11},{"__type__":"cc.Sprite","node":{"__id__":6},"_spriteFrame":{"__uuid__":"7ewuO0jsFIiKv5sYyeKk6T"},"_type":1,"_sizeMode":0},{"__type__":"cc.Widget","node":{"__id__":6},"alignMode":2,"_alignFlags":5,"_left":210,"_right":210,"_top":86,"_bottom":54,"_originalWidth":540,"_originalHeight":500}],"_color":{"__type__":"cc.Color","r":184,"g":184,"b":184},"_contentSize":{"__type__":"cc.Size","width":540,"height":500},"_position":{"__type__":"cc.Vec3","x":-104,"y":-16},"_scale":{"__type__":"cc.Vec3","x":1,"y":1,"z":1},"_localZOrder":342},{"__type__":"cc.Node","_name":"scrollBar","_parent":{"__id__":6},"_children":[{"__id__":8}],"_components":[{"__id__":10},{"__type__":"cc.Widget","node":{"__id__":7},"alignMode":2,"_alignFlags":37,"_left":350.07654921020657,"_originalHeight":237},{"__type__":"cc.Sprite","node":{"__id__":7},"_spriteFrame":{"__uuid__":"16m1qpO+FJK7884Un63V2V"},"_type":1,"_sizeMode":0}],"_color":{"__type__":"cc.Color","r":238,"g":217,"b":227},"_contentSize":{"__type__":"cc.Size","width":12,"height":500},"_anchorPoint":{"__type__":"cc.Vec2","x":1,"y":0.5},"_position":{"__type__":"cc.Vec3","x":270},"_scale":{"__type__":"cc.Vec3","x":1,"y":1,"z":1},"_localZOrder":343},{"__type__":"cc.Node","_name":"bar","_parent":{"__id__":7},"_components":[{"__id__":9}],"_color":{"__type__":"cc.Color","r":236,"g":241,"b":245},"_contentSize":{"__type__":"cc.Size","width":10,"height":30},"_anchorPoint":{"__type__":"cc.Vec2","x":1},"_position":{"__type__":"cc.Vec3","x":-1},"_scale":{"__type__":"cc.Vec3","x":1,"y":1,"z":1},"_localZOrder":344},{"__type__":"cc.Sprite","node":{"__id__":8},"_spriteFrame":{"__uuid__":"fanyIAeLpOJJtKSKfS2i4H"},"_type":1,"_sizeMode":0},{"__type__":"cc.Scrollbar","node":{"__id__":7},"_scrollView":{"__id__":11},"_N$handle":{"__id__":9},"_N$direction":1},{"__type__":"cc.ScrollView","node":{"__id__":6},"content":{"__id__":12},"horizontal":false,"brake":0.75,"bounceDuration":0.23,"_N$horizontalScrollBar":null,"_N$verticalScrollBar":{"__id__":10}},{"__type__":"cc.Node","_name":"content","_parent":{"__id__":13},"_components":[{"__type__":"cc.Layout","node":{"__id__":12},"_layoutSize":{"__type__":"cc.Size","width":520,"height":210},"_resize":1,"_N$layoutType":2,"_N$paddingLeft":5,"_N$paddingRight":5,"_N$paddingTop":5,"_N$paddingBottom":5,"_N$spacingY":5}],"_contentSize":{"__type__":"cc.Size","width":520,"height":210},"_anchorPoint":{"__type__":"cc.Vec2","x":0.5,"y":1},"_position":{"__type__":"cc.Vec3","x":-4,"y":245},"_scale":{"__type__":"cc.Vec3","x":1,"y":1,"z":1},"_localZOrder":346},{"__type__":"cc.Node","_name":"view","_parent":{"__id__":6},"_children":[{"__id__":12}],"_components":[{"__type__":"cc.Mask","node":{"__id__":13},"_N$alphaThreshold":1}],"_contentSize":{"__type__":"cc.Size","width":513.7,"height":497.8},"_position":{"__type__":"cc.Vec3","x":-6,"y":-2},"_scale":{"__type__":"cc.Vec3","x":1,"y":1,"z":1},"_localZOrder":345},{"__type__":"cc.Node","_name":"ButtonList","_parent":{"__id__":2},"_children":[{"__id__":15},{"__id__":17},{"__id__":19}],"_components":[{"__type__":"cc.Widget","node":{"__id__":14},"alignMode":2,"_alignFlags":33,"_right":154,"_top":210}],"_position":{"__type__":"cc.Vec3","x":326,"y":110},"_scale":{"__type__":"cc.Vec3","x":1,"y":1,"z":1},"_localZOrder":347},{"__type__":"cc.Node","_name":"LoadAllAsset","_parent":{"__id__":14},"_children":[{"__id__":16}],"_components":[{"__type__":"cc.Sprite","node":{"__id__":15},"_spriteFrame":{"__uuid__":"cbeekrK2tERZHMYnb3SW3c"},"_type":1,"_sizeMode":0},{"__type__":"cc.Button","node":{"__id__":15},"transition":2,"pressedColor":{"__type__":"cc.Color","r":255,"g":255,"b":255},"clickEvents":[{"__type__":"cc.ClickEvent","target":{"__id__":2},"component":"loadResDir_example","handler":"onLoadAll"}],"_N$normalColor":{"__type__":"cc.Color","r":255,"g":255,"b":255},"_N$disabledColor":{"__type__":"cc.Color","r":255,"g":255,"b":255},"_N$normalSprite":{"__uuid__":"cbeekrK2tERZHMYnb3SW3c"},"_N$pressedSprite":{"__uuid__":"bancX3RatP9b6Sl8enO4rV"},"pressedSprite":{"__uuid__":"bancX3RatP9b6Sl8enO4rV"},"_N$hoverSprite":{"__uuid__":"cbeekrK2tERZHMYnb3SW3c"},"hoverSprite":{"__uuid__":"cbeekrK2tERZHMYnb3SW3c"},"_N$disabledSprite":{"__uuid__":"bancX3RatP9b6Sl8enO4rV"},"_N$target":{"__id__":15}}],"_contentSize":{"__type__":"cc.Size","width":250,"height":50},"_position":{"__type__":"cc.Vec3","y":92},"_scale":{"__type__":"cc.Vec3","x":1,"y":1,"z":1},"_localZOrder":348},{"__type__":"cc.Node","_name":"Label","_parent":{"__id__":15},"_components":[{"__type__":"e4f88adp3hERoJ48DZ2PSAl","node":{"__id__":16},"_useOriginalSize":false,"_string":"全部加载","_N$string":"全部加载","_fontSize":20,"_enableWrapText":false,"_N$horizontalAlign":1,"_N$verticalAlign":1,"_N$overflow":1,"_N$textKey":"cases/05_scripting/07_asset_loading/LoadResAll.fire.24"}],"_contentSize":{"__type__":"cc.Size","width":200,"height":50},"_position":{"__type__":"cc.Vec3","x":1.1368683772161603e-13},"_scale":{"__type__":"cc.Vec3","x":1,"y":1,"z":1},"_localZOrder":349},{"__type__":"cc.Node","_name":"LoadSpriteFrameAll","_parent":{"__id__":14},"_children":[{"__id__":18}],"_components":[{"__type__":"cc.Sprite","node":{"__id__":17},"_spriteFrame":{"__uuid__":"cbeekrK2tERZHMYnb3SW3c"},"_type":1,"_sizeMode":0},{"__type__":"cc.Button","node":{"__id__":17},"transition":2,"pressedColor":{"__type__":"cc.Color","r":255,"g":255,"b":255},"clickEvents":[{"__type__":"cc.ClickEvent","target":{"__id__":2},"component":"loadResDir_example","handler":"onLoadSpriteFrameAll"}],"_N$normalColor":{"__type__":"cc.Color","r":255,"g":255,"b":255},"_N$disabledColor":{"__type__":"cc.Color","r":255,"g":255,"b":255},"_N$normalSprite":{"__uuid__":"cbeekrK2tERZHMYnb3SW3c"},"_N$pressedSprite":{"__uuid__":"bancX3RatP9b6Sl8enO4rV"},"pressedSprite":{"__uuid__":"bancX3RatP9b6Sl8enO4rV"},"_N$hoverSprite":{"__uuid__":"cbeekrK2tERZHMYnb3SW3c"},"hoverSprite":{"__uuid__":"cbeekrK2tERZHMYnb3SW3c"},"_N$disabledSprite":{"__uuid__":"bancX3RatP9b6Sl8enO4rV"},"_N$target":{"__id__":17}}],"_contentSize":{"__type__":"cc.Size","width":250,"height":50},"_position":{"__type__":"cc.Vec3","y":30},"_scale":{"__type__":"cc.Vec3","x":1,"y":1,"z":1},"_localZOrder":350},{"__type__":"cc.Node","_name":"Label","_parent":{"__id__":17},"_components":[{"__type__":"e4f88adp3hERoJ48DZ2PSAl","node":{"__id__":18},"_useOriginalSize":false,"_string":"加载全部的SpriteFrame","_N$string":"加载全部的SpriteFrame","_fontSize":20,"_enableWrapText":false,"_N$horizontalAlign":1,"_N$verticalAlign":1,"_N$overflow":1,"_N$textKey":"cases/05_scripting/07_asset_loading/LoadResAll.fire.30"}],"_contentSize":{"__type__":"cc.Size","width":212,"height":50},"_position":{"__type__":"cc.Vec3","x":1.1368683772161603e-13},"_scale":{"__type__":"cc.Vec3","x":1,"y":1,"z":1},"_localZOrder":351},{"__type__":"cc.Node","_name":"ClearAll","_parent":{"__id__":14},"_children":[{"__id__":20}],"_components":[{"__type__":"cc.Sprite","node":{"__id__":19},"_spriteFrame":{"__uuid__":"cbeekrK2tERZHMYnb3SW3c"},"_type":1,"_sizeMode":0},{"__type__":"cc.Button","node":{"__id__":19},"transition":2,"pressedColor":{"__type__":"cc.Color","r":255,"g":255,"b":255},"clickEvents":[{"__type__":"cc.ClickEvent","target":{"__id__":2},"component":"loadResDir_example","handler":"onClearAll"}],"_N$normalColor":{"__type__":"cc.Color","r":255,"g":255,"b":255},"_N$disabledColor":{"__type__":"cc.Color","r":255,"g":255,"b":255},"_N$normalSprite":{"__uuid__":"cbeekrK2tERZHMYnb3SW3c"},"_N$pressedSprite":{"__uuid__":"bancX3RatP9b6Sl8enO4rV"},"pressedSprite":{"__uuid__":"bancX3RatP9b6Sl8enO4rV"},"_N$hoverSprite":{"__uuid__":"cbeekrK2tERZHMYnb3SW3c"},"hoverSprite":{"__uuid__":"cbeekrK2tERZHMYnb3SW3c"},"_N$disabledSprite":{"__uuid__":"bancX3RatP9b6Sl8enO4rV"},"_N$target":{"__id__":19}}],"_contentSize":{"__type__":"cc.Size","width":250,"height":50},"_position":{"__type__":"cc.Vec3","y":-30},"_scale":{"__type__":"cc.Vec3","x":1,"y":1,"z":1},"_localZOrder":352},{"__type__":"cc.Node","_name":"Label","_parent":{"__id__":19},"_components":[{"__type__":"e4f88adp3hERoJ48DZ2PSAl","node":{"__id__":20},"_useOriginalSize":false,"_string":"清空","_N$string":"清空","_fontSize":20,"_enableWrapText":false,"_N$horizontalAlign":1,"_N$verticalAlign":1,"_N$overflow":1,"_N$textKey":"cases/05_scripting/07_asset_loading/LoadResAll.fire.36"}],"_contentSize":{"__type__":"cc.Size","width":200,"height":50},"_position":{"__type__":"cc.Vec3","x":1.1368683772161603e-13},"_scale":{"__type__":"cc.Vec3","x":1,"y":1,"z":1},"_localZOrder":353}],{"__type__":"cc.SpriteFrame","content":{"name":"scrollview_barBg","texture":"27EmnUbVVAyLC8E7dakgQj","rect":[0,0,19,22],"offset":[0,0],"originalSize":[19,22],"capInsets":[5,6,5,8]}},[{"__type__":"cc.Prefab","_name":"loadItem","data":{"__id__":1}},{"__type__":"cc.Node","_name":"loadItem","_components":[{"__type__":"e4f88adp3hERoJ48DZ2PSAl","node":{"__id__":1},"_useOriginalSize":false,"_string":"Label","_N$string":"Label","_N$verticalAlign":1,"_N$overflow":2,"_N$textKey":""}],"_prefab":{"__type__":"cc.PrefabInfo","root":{"__id__":1},"asset":{"__uuid__":"6dwF1i3RBKa6Bc7ZJrTzFC"},"fileId":"a5bb5QSEhVAiL9C7nXAT/JQ"},"_contentSize":{"__type__":"cc.Size","width":400,"height":40},"_anchorPoint":{"__type__":"cc.Vec2","y":0.5},"_position":{"__type__":"cc.Vec3","x":-250,"y":-25},"_scaleX":1,"_scaleY":1,"_scale":{"__type__":"cc.Vec3","x":1,"y":1,"z":1}}],{"__type__":"cc.SpriteFrame","content":{"name":"scrollview_bg","texture":"06gADN5K1HtoY06kxf4R9N","rect":[0,0,14,14],"offset":[0,0],"originalSize":[14,14],"capInsets":[5,5,5,5]}},{"__type__":"cc.SpriteFrame","content":{"name":"btn_pressed","texture":"e8Mstb/RhJRYtVfmIFGaJg","rect":[0,0,194,68],"offset":[0,0],"originalSize":[194,68]}},{"__type__":"cc.SpriteFrame","content":{"name":"btn_normal","texture":"7a/zKdXVNGWYopVAO8wQSg","rect":[0,0,194,68],"offset":[0,0],"originalSize":[194,68]}},{"__type__":"cc.SpriteFrame","content":{"name":"scrollview_bar","texture":"536EBdhm9HcZIdHAWeiEnO","rect":[0,0,19,57],"offset":[0,0],"originalSize":[19,57],"capInsets":[7,8,7,8]}}]