[[{"__type__":"cc.SceneAsset","_name":"scene","scene":{"__id__":1},"asyncLoadAssets":null},{"__type__":"cc.Scene","_children":[{"__id__":2}],"_anchorPoint":{"__type__":"cc.Vec2"},"_scale":{"__type__":"cc.Vec3","x":1,"y":1,"z":1},"autoReleaseAssets":false},{"__type__":"cc.Node","_name":"Canvas","_parent":{"__id__":1},"_children":[{"__id__":3},{"__id__":4}],"_components":[{"__type__":"cc.Canvas","_objFlags":0,"node":{"__id__":2}},{"__type__":"cb585k+cxFKjohloTN1+FuU","node":{"__id__":2}}],"_contentSize":{"__type__":"cc.Size","width":960,"height":640},"_position":{"__type__":"cc.Vec3","x":480,"y":320},"_scaleX":1,"_scaleY":1,"_scale":{"__type__":"cc.Vec3","x":1,"y":1,"z":1},"_id":"dc38cT7YmJJ0q4eZTmE81+1"},{"__type__":"cc.Node","_name":"New Label","_parent":{"__id__":2},"_components":[{"__type__":"e4f88adp3hERoJ48DZ2PSAl","node":{"__id__":3},"_useOriginalSize":false,"_string":"Return Asset Loading Scene","_N$string":"Return Asset Loading Scene","_N$horizontalAlign":1,"_N$verticalAlign":1,"_N$textKey":"resources/test_assets/scene.fire.3"}],"_contentSize":{"__type__":"cc.Size","width":509.21875,"height":40},"_scaleX":1,"_scaleY":1,"_scale":{"__type__":"cc.Vec3","x":1,"y":1,"z":1}},{"__type__":"cc.Node","_name":"New Button","_parent":{"__id__":2},"_children":[{"__id__":5}],"_components":[{"__type__":"cc.Widget","node":{"__id__":4}},{"__type__":"cc.Sprite","node":{"__id__":4},"_spriteFrame":{"__uuid__":"f0BIwQ8D5Ml7nTNQbh1YlS"},"_type":1,"_sizeMode":0},{"__type__":"cc.Button","node":{"__id__":4},"transition":2,"pressedColor":{"__type__":"cc.Color","r":255,"g":255,"b":255},"clickEvents":[{"__type__":"cc.ClickEvent","target":{"__id__":2},"component":"ComeBackToAssetLoad","handler":"onComeBlack"}],"_N$normalColor":{"__type__":"cc.Color","r":255,"g":255,"b":255},"_N$disabledColor":{"__type__":"cc.Color","r":255,"g":255,"b":255},"_N$normalSprite":{"__uuid__":"f0BIwQ8D5Ml7nTNQbh1YlS"},"_N$pressedSprite":{"__uuid__":"e97GVMl6JHh5Ml5qEDdSGa"},"pressedSprite":{"__uuid__":"e97GVMl6JHh5Ml5qEDdSGa"},"_N$hoverSprite":{"__uuid__":"e97GVMl6JHh5Ml5qEDdSGa"},"hoverSprite":{"__uuid__":"e97GVMl6JHh5Ml5qEDdSGa"},"_N$disabledSprite":{"__uuid__":"29FYIk+N1GYaeWH/q1NxQO"},"_N$target":{"__id__":4}}],"_contentSize":{"__type__":"cc.Size","width":200,"height":60},"_position":{"__type__":"cc.Vec3","y":-139},"_scaleX":1,"_scaleY":1,"_scale":{"__type__":"cc.Vec3","x":1,"y":1,"z":1}},{"__type__":"cc.Node","_name":"Label","_parent":{"__id__":4},"_components":[{"__type__":"e4f88adp3hERoJ48DZ2PSAl","node":{"__id__":5},"_useOriginalSize":false,"_string":"Return","_N$string":"Return","_fontSize":20,"_enableWrapText":false,"_N$horizontalAlign":1,"_N$verticalAlign":1,"_N$textKey":"resources/test_assets/scene.fire.6"}],"_color":{"__type__":"cc.Color"},"_contentSize":{"__type__":"cc.Size","width":60.029296875,"height":40},"_position":{"__type__":"cc.Vec3","x":1.1368683772161603e-13},"_scaleX":1,"_scaleY":1,"_scale":{"__type__":"cc.Vec3","x":1,"y":1,"z":1}}],{"__type__":"cc.SpriteFrame","content":{"name":"default_btn_disabled","texture":"71VhFCTINJM6/Ky3oX9nBT","rect":[0,0,40,40],"offset":[0,0],"originalSize":[40,40],"capInsets":[12,12,12,12]}},{"__type__":"cc.SpriteFrame","content":{"name":"default_btn_pressed","texture":"b4P/PCArtIdIH38t6mlw8Y","rect":[0,0,40,40],"offset":[0,0],"originalSize":[40,40],"capInsets":[12,12,12,12]}},{"__type__":"cc.SpriteFrame","content":{"name":"default_btn_normal","texture":"e8Ueib+qJEhL6mXAHdnwbi","rect":[0,0,40,40],"offset":[0,0],"originalSize":[40,40],"capInsets":[12,12,12,12]}}]