[{"__type__":"cc.SpriteFrame","content":{"name":"singleColor","texture":"1bags8Kg5BCpWrU9yaA6Ng","rect":[0,0,2,2],"offset":[0,0],"originalSize":[2,2]}},{"__type__":"cc.AnimationClip","_name":"move_around","_duration":2.0166666666666666,"wrapMode":22,"curveData":{"props":{"position":[{"frame":0,"value":[-400,0]},{"frame":0.5,"value":[0,250]},{"frame":1,"value":[400,0]},{"frame":1.5,"value":[0,-250]},{"frame":2.0166666666666666,"value":[-400,0]}]}}},[{"__type__":"cc.SceneAsset","_name":"MotionStreak","scene":{"__id__":1},"asyncLoadAssets":null},{"__type__":"cc.Scene","_name":"New Node","_children":[{"__id__":2},{"__id__":11}],"_anchorPoint":{"__type__":"cc.Vec2"},"_scale":{"__type__":"cc.Vec3","x":0.6364583333333333,"y":0.6364583333333333,"z":1},"_localZOrder":505,"autoReleaseAssets":true},{"__type__":"cc.Node","_name":"Canvas","_parent":{"__id__":1},"_children":[{"__id__":3},{"__id__":4},{"__id__":5}],"_components":[{"__type__":"cc.Canvas","node":{"__id__":2}}],"_contentSize":{"__type__":"cc.Size","width":960,"height":640},"_position":{"__type__":"cc.Vec3","x":480,"y":320},"_scale":{"__type__":"cc.Vec3","x":1,"y":1,"z":1},"_localZOrder":506,"_id":"e92deeqj6ZJpIthldOWZivT"},{"__type__":"cc.Node","_name":"Main Camera","_parent":{"__id__":2},"_level":1,"_components":[{"__type__":"cc.Camera","node":{"__id__":3},"_clearFlags":3,"_depth":-1}],"_scale":{"__type__":"cc.Vec3","x":1,"y":1,"z":1},"_localZOrder":507},{"__type__":"cc.Node","_name":"Background","_parent":{"__id__":2},"_components":[{"__type__":"cc.Sprite","node":{"__id__":4},"_spriteFrame":{"__uuid__":"0aoLNsxKlM4qs77+3nCObU"},"_sizeMode":0},{"__type__":"cc.Widget","node":{"__id__":4},"alignMode":2,"_alignFlags":45,"_originalWidth":960,"_originalHeight":640}],"_prefab":{"__type__":"cc.PrefabInfo","root":{"__id__":4},"asset":{"__uuid__":"b8OSNRvpdPAZhePn0hGPPJ"},"fileId":"78fd70+ls5GgJcFkzvLSRk8"},"_color":{"__type__":"cc.Color","r":57,"g":61,"b":64},"_contentSize":{"__type__":"cc.Size","width":960,"height":640},"_scale":{"__type__":"cc.Vec3","x":1,"y":1,"z":1},"_localZOrder":508},{"__type__":"cc.Node","_name":"Content","_parent":{"__id__":2},"_children":[{"__id__":6},{"__id__":9}],"_scale":{"__type__":"cc.Vec3","x":1,"y":1,"z":1},"_localZOrder":509},{"__type__":"cc.Node","_name":"MotionStreak","_parent":{"__id__":5},"_children":[{"__id__":7}],"_components":[{"__type__":"cc.Animation","node":{"__id__":6},"_defaultClip":{"__uuid__":"12KM5Vq4FA64sLQ/vP441Y"},"_clips":[{"__uuid__":"12KM5Vq4FA64sLQ/vP441Y"}],"playOnLoad":true},{"__id__":8}],"_contentSize":{"__type__":"cc.Size","width":40,"height":40},"_scale":{"__type__":"cc.Vec3","x":1,"y":1,"z":1},"_localZOrder":510},{"__type__":"cc.Node","_name":"gold","_parent":{"__id__":6},"_components":[{"__type__":"cc.Sprite","node":{"__id__":7},"_spriteFrame":{"__uuid__":"a7F3ZqgbtMZ7QXau4AW1JU"},"_sizeMode":0}],"_contentSize":{"__type__":"cc.Size","width":40,"height":40},"_scale":{"__type__":"cc.Vec3","x":1,"y":1,"z":1},"_localZOrder":511},{"__type__":"cc.MotionStreak","node":{"__id__":6},"_fadeTime":0.2,"_minSeg":0.1,"_stroke":30,"_texture":{"__uuid__":"8e/eVntrRGfJ66Luo+hWo6"}},{"__type__":"cc.Node","_name":"Btn_Change","_parent":{"__id__":5},"_children":[{"__id__":10}],"_components":[{"__type__":"cc.Sprite","node":{"__id__":9},"_spriteFrame":{"__uuid__":"cbeekrK2tERZHMYnb3SW3c"},"_type":1,"_sizeMode":0},{"__type__":"cc.Button","node":{"__id__":9},"transition":2,"pressedColor":{"__type__":"cc.Color","r":255,"g":255,"b":255},"clickEvents":[{"__type__":"cc.ClickEvent","target":{"__id__":11},"component":"MotionStreakCtrl","handler":"onClick"}],"_N$normalColor":{"__type__":"cc.Color","r":255,"g":255,"b":255},"_N$disabledColor":{"__type__":"cc.Color","r":255,"g":255,"b":255},"_N$normalSprite":{"__uuid__":"cbeekrK2tERZHMYnb3SW3c"},"_N$pressedSprite":{"__uuid__":"bancX3RatP9b6Sl8enO4rV"},"pressedSprite":{"__uuid__":"bancX3RatP9b6Sl8enO4rV"},"_N$hoverSprite":{"__uuid__":"cbeekrK2tERZHMYnb3SW3c"},"hoverSprite":{"__uuid__":"cbeekrK2tERZHMYnb3SW3c"},"_N$disabledSprite":{"__uuid__":"bancX3RatP9b6Sl8enO4rV"},"_N$target":{"__id__":9}}],"_contentSize":{"__type__":"cc.Size","width":231.1,"height":50},"_position":{"__type__":"cc.Vec3","x":333,"y":-219},"_scale":{"__type__":"cc.Vec3","x":1,"y":1,"z":1},"_localZOrder":512},{"__type__":"cc.Node","_name":"Label","_parent":{"__id__":9},"_components":[{"__type__":"e4f88adp3hERoJ48DZ2PSAl","node":{"__id__":10},"_useOriginalSize":false,"_string":"改变拖尾","_N$string":"改变拖尾","_fontSize":20,"_enableWrapText":false,"_N$horizontalAlign":1,"_N$verticalAlign":1,"_N$overflow":1,"_N$textKey":"cases/motionStreak/MotionStreak.fire.1"}],"_contentSize":{"__type__":"cc.Size","width":200,"height":50},"_position":{"__type__":"cc.Vec3","x":1.1368683772161603e-13},"_scale":{"__type__":"cc.Vec3","x":1,"y":1,"z":1},"_localZOrder":513},{"__type__":"cc.Node","_name":"MotionStreakCtrl","_parent":{"__id__":1},"_components":[{"__type__":"f7722zlKP5HoKMY5VvWPCON","node":{"__id__":11},"motionStreak":{"__id__":8},"newTexture":{"__uuid__":"b1HE18sVtOtog7FpfBOI4h"}}],"_scale":{"__type__":"cc.Vec3","x":1,"y":1,"z":1},"_localZOrder":514,"_id":"3b172l96OVCj7Nzg0b3bLFq"}],{"__type__":"cc.SpriteFrame","content":{"name":"gold","texture":"99zidzwohNZ5hoJ7uNXp6p","rect":[0,0,80,80],"offset":[0,0],"originalSize":[80,80]}},{"__type__":"cc.SpriteFrame","content":{"name":"btn_pressed","texture":"e8Mstb/RhJRYtVfmIFGaJg","rect":[0,0,194,68],"offset":[0,0],"originalSize":[194,68]}},{"__type__":"cc.SpriteFrame","content":{"name":"btn_normal","texture":"7a/zKdXVNGWYopVAO8wQSg","rect":[0,0,194,68],"offset":[0,0],"originalSize":[194,68]}}]