[[{"__type__":"cc.SceneAsset","_name":"AnchorPoint","scene":{"__id__":1},"asyncLoadAssets":null},{"__type__":"cc.Scene","_name":"New Node","_children":[{"__id__":2}],"_anchorPoint":{"__type__":"cc.Vec2"},"_scale":{"__type__":"cc.Vec3","x":0.6520833333333333,"y":0.6520833333333333,"z":1},"_localZOrder":44,"autoReleaseAssets":true},{"__type__":"cc.Node","_name":"Canvas","_parent":{"__id__":1},"_children":[{"__id__":3},{"__id__":4},{"__id__":5},{"__id__":7},{"__id__":9},{"__id__":11},{"__id__":12},{"__id__":13}],"_components":[{"__type__":"cc.Canvas","node":{"__id__":2}},{"__type__":"9e054epu19CIakfnS4cZU3+","node":{"__id__":2},"posAR":{"__id__":10},"pos":{"__id__":14},"goldAR":{"__id__":6},"gold":{"__id__":8}}],"_contentSize":{"__type__":"cc.Size","width":960,"height":640},"_position":{"__type__":"cc.Vec3","x":480,"y":320},"_scale":{"__type__":"cc.Vec3","x":1,"y":1,"z":1},"_localZOrder":45,"_id":"24c173ksnFBnrUt9GyELiR4"},{"__type__":"cc.Node","_name":"Main Camera","_parent":{"__id__":2},"_level":1,"_components":[{"__type__":"cc.Camera","node":{"__id__":3},"_clearFlags":3,"_depth":-1}],"_scale":{"__type__":"cc.Vec3","x":1,"y":1,"z":1},"_localZOrder":46},{"__type__":"cc.Node","_name":"Background","_parent":{"__id__":2},"_components":[{"__type__":"cc.Sprite","node":{"__id__":4},"_spriteFrame":{"__uuid__":"0aoLNsxKlM4qs77+3nCObU"},"_sizeMode":0},{"__type__":"cc.Widget","node":{"__id__":4},"alignMode":2,"_alignFlags":45,"_originalWidth":960,"_originalHeight":640}],"_prefab":{"__type__":"cc.PrefabInfo","root":{"__id__":4},"asset":{"__uuid__":"b8OSNRvpdPAZhePn0hGPPJ"},"fileId":"78fd70+ls5GgJcFkzvLSRk8"},"_color":{"__type__":"cc.Color","r":57,"g":61,"b":64},"_contentSize":{"__type__":"cc.Size","width":960,"height":640},"_scale":{"__type__":"cc.Vec3","x":1,"y":1,"z":1},"_localZOrder":47},{"__type__":"cc.Node","_name":"sheep_run_0","_parent":{"__id__":2},"_children":[{"__id__":6}],"_components":[{"__type__":"cc.Sprite","node":{"__id__":5},"_spriteFrame":{"__uuid__":"7cy3hPfFFKC6We6V2kDzAT"}}],"_contentSize":{"__type__":"cc.Size","width":168,"height":113},"_position":{"__type__":"cc.Vec3","y":164},"_scale":{"__type__":"cc.Vec3","x":1,"y":1,"z":1},"_rotationX":30.000000000000057,"_rotationY":30.000000000000057,"_quat":{"__type__":"cc.Quat","z":-0.25881904510252124,"w":0.9659258262890682},"_localZOrder":48},{"__type__":"cc.Node","_name":"gold","_parent":{"__id__":5},"_components":[{"__type__":"cc.Sprite","node":{"__id__":6},"_spriteFrame":{"__uuid__":"a7F3ZqgbtMZ7QXau4AW1JU"}}],"_contentSize":{"__type__":"cc.Size","width":80,"height":80},"_position":{"__type__":"cc.Vec3","x":-44,"y":-16},"_scale":{"__type__":"cc.Vec3","x":1,"y":1,"z":1},"_localZOrder":49},{"__type__":"cc.Node","_name":"sheep_run_0","_parent":{"__id__":2},"_children":[{"__id__":8}],"_components":[{"__type__":"cc.Sprite","node":{"__id__":7},"_spriteFrame":{"__uuid__":"7cy3hPfFFKC6We6V2kDzAT"}}],"_contentSize":{"__type__":"cc.Size","width":168,"height":113},"_position":{"__type__":"cc.Vec3","y":-105},"_scale":{"__type__":"cc.Vec3","x":1,"y":1,"z":1},"_rotationX":30,"_rotationY":30,"_quat":{"__type__":"cc.Quat","z":-0.25881904510252074,"w":0.9659258262890683},"_localZOrder":50},{"__type__":"cc.Node","_name":"gold","_parent":{"__id__":7},"_components":[{"__type__":"cc.Sprite","node":{"__id__":8},"_spriteFrame":{"__uuid__":"a7F3ZqgbtMZ7QXau4AW1JU"}}],"_contentSize":{"__type__":"cc.Size","width":80,"height":80},"_position":{"__type__":"cc.Vec3","x":-45,"y":-16},"_scale":{"__type__":"cc.Vec3","x":1,"y":1,"z":1},"_localZOrder":51},{"__type__":"cc.Node","_name":"posAR","_parent":{"__id__":2},"_components":[{"__id__":10}],"_contentSize":{"__type__":"cc.Size","width":22.25,"height":40},"_position":{"__type__":"cc.Vec3","y":5},"_scale":{"__type__":"cc.Vec3","x":1,"y":1,"z":1},"_localZOrder":52},{"__type__":"cc.Label","node":{"__id__":9},"_useOriginalSize":false,"_string":"0","_N$string":"0","_N$horizontalAlign":1,"_N$verticalAlign":1},{"__type__":"cc.Node","_name":"New Label","_parent":{"__id__":2},"_components":[{"__type__":"cc.Label","node":{"__id__":11},"_useOriginalSize":false,"_string":"Gold Position Anchor Point Related: ","_N$string":"Gold Position Anchor Point Related: ","_fontSize":30,"_N$horizontalAlign":1,"_N$verticalAlign":1}],"_contentSize":{"__type__":"cc.Size","width":486.94,"height":40},"_position":{"__type__":"cc.Vec3","y":60},"_scale":{"__type__":"cc.Vec3","x":1,"y":1,"z":1},"_localZOrder":53},{"__type__":"cc.Node","_name":"New Label","_parent":{"__id__":2},"_components":[{"__type__":"cc.Label","node":{"__id__":12},"_useOriginalSize":false,"_string":"Gold Position Anchor Point Unrelated: ","_N$string":"Gold Position Anchor Point Unrelated: ","_fontSize":30,"_N$horizontalAlign":1,"_N$verticalAlign":1}],"_contentSize":{"__type__":"cc.Size","width":513.62,"height":40},"_position":{"__type__":"cc.Vec3","y":-210},"_scale":{"__type__":"cc.Vec3","x":1,"y":1,"z":1},"_localZOrder":54},{"__type__":"cc.Node","_name":"pos","_parent":{"__id__":2},"_components":[{"__id__":14}],"_contentSize":{"__type__":"cc.Size","width":22.25,"height":40},"_position":{"__type__":"cc.Vec3","y":-268},"_scale":{"__type__":"cc.Vec3","x":1,"y":1,"z":1},"_localZOrder":55},{"__type__":"cc.Label","node":{"__id__":13},"_useOriginalSize":false,"_string":"0","_N$string":"0","_N$horizontalAlign":1,"_N$verticalAlign":1}],{"__type__":"cc.SpriteFrame","content":{"name":"singleColor","texture":"1bags8Kg5BCpWrU9yaA6Ng","rect":[0,0,2,2],"offset":[0,0],"originalSize":[2,2]}},{"__type__":"cc.SpriteFrame","content":{"name":"sheep_run_0","texture":"834FFm1hFFKqwvTL9cPVoG","rect":[178,236,168,113],"offset":[-4,0],"originalSize":[228,159]}},{"__type__":"cc.SpriteFrame","content":{"name":"gold","texture":"99zidzwohNZ5hoJ7uNXp6p","rect":[0,0,80,80],"offset":[0,0],"originalSize":[80,80]}}]