{"__type__":"cc.SpriteAtlas","_spriteFrames":{"sheep_down_0":{"__uuid__":"5aGobEEI9ELq28aX9o6feB"},"sheep_jump_0":{"__uuid__":"0a9yxsKzdPq75btFNNunle"},"sheep_run_3":{"__uuid__":"1dDbW2EitJIIjRYgxToyon"},"sheep_run_2":{"__uuid__":"55l/31PPxF5bmJMgxqNZQo"},"sheep_jump_1":{"__uuid__":"18FIA1v/1EGKyOEK2v04jD"},"sheep_run_1":{"__uuid__":"a5cBL/IzRNmaZRYsy/FETI"},"sheep_jump_3":{"__uuid__":"7d5xTi48JJ3LAhkBIgP56W"},"sheep_run_0":{"__uuid__":"2364OHyklBIb5oVgVO5TnY"},"sheep_down_1":{"__uuid__":"c5n/r1JolEM7b6xIADgnr6"},"sheep_down_2":{"__uuid__":"7a92H4NnVEZ4D+Lafevu8/"},"sheep_jump_2":{"__uuid__":"77IW1RPv5L5Y46QFNpWaKE"}}}