[[{"__type__":"cc.Prefab","_name":"item0","data":{"__id__":1}},{"__type__":"cc.Node","_name":"item0","_children":[{"__id__":2}],"_components":[{"__type__":"cc.Sprite","node":{"__id__":1},"_spriteFrame":{"__uuid__":"c0GPA1PjJA7bli4XEgVjPQ"},"_type":1,"_sizeMode":0}],"_prefab":{"__type__":"cc.PrefabInfo","root":{"__id__":1},"asset":{"__uuid__":"a8rM0uZiJMMYoeTbXytWi1"},"fileId":"b5ee6yB6o5E8YREkDJjPr2C"},"_contentSize":{"__type__":"cc.Size","width":60,"height":60},"_scaleX":1,"_scaleY":1,"_scale":{"__type__":"cc.Vec3","x":1,"y":1,"z":1}},{"__type__":"cc.Node","_name":"New Label","_parent":{"__id__":1},"_components":[{"__type__":"cc.Label","node":{"__id__":2},"_useOriginalSize":false,"_string":"0","_N$string":"0","_N$file":{"__uuid__":"e9DdfGzRhMeq6D3O+bChta"},"_isSystemFontUsed":false,"_N$horizontalAlign":1,"_N$verticalAlign":1}],"_prefab":{"__type__":"cc.PrefabInfo","root":{"__id__":1},"asset":{"__uuid__":"a8rM0uZiJMMYoeTbXytWi1"},"fileId":"9b57294YdxPKpqcZGAT5oho"},"_color":{"__type__":"cc.Color","r":253,"g":244,"b":244},"_contentSize":{"__type__":"cc.Size","width":33.33,"height":44.44},"_scaleX":1,"_scaleY":1,"_scale":{"__type__":"cc.Vec3","x":1,"y":1,"z":1}}],{"__type__":"cc.SpriteFrame","content":{"name":"bg","texture":"5cSEe6cUVByreKJqRNvahb","rect":[0,0,14,14],"offset":[0,0],"originalSize":[14,14],"capInsets":[5,5,5,5]}}]