[[{"__type__":"cc.SceneAsset","_name":"render_to_canvas","scene":{"__id__":1},"asyncLoadAssets":null},{"__type__":"cc.Scene","_name":"New Node","_children":[{"__id__":2}],"_anchorPoint":{"__type__":"cc.Vec2"},"_scale":{"__type__":"cc.Vec3","x":0.6364583333333333,"y":0.6364583333333333,"z":1},"_localZOrder":459,"autoReleaseAssets":false},{"__type__":"cc.Node","_name":"Canvas","_parent":{"__id__":1},"_children":[{"__id__":3},{"__id__":4},{"__id__":6},{"__id__":8}],"_components":[{"__type__":"cc.Canvas","node":{"__id__":2}},{"__type__":"5ac74J4RCNKq6XeV8GboJXx","node":{"__id__":2},"camera":{"__id__":5}}],"_contentSize":{"__type__":"cc.Size","width":960,"height":640},"_position":{"__type__":"cc.Vec3","x":480,"y":320},"_scale":{"__type__":"cc.Vec3","x":1,"y":1,"z":1},"_localZOrder":460,"_id":"d498jzFUdD6bjmw+MQKhki"},{"__type__":"cc.Node","_name":"Main Camera","_parent":{"__id__":2},"_components":[{"__type__":"cc.Camera","node":{"__id__":3},"_clearFlags":3,"_backgroundColor":{"__type__":"cc.Color","r":51,"g":77,"b":120},"_depth":-1}],"_scale":{"__type__":"cc.Vec3","x":1,"y":1,"z":1},"_localZOrder":461},{"__type__":"cc.Node","_name":"camera","_parent":{"__id__":2},"_components":[{"__id__":5}],"_scale":{"__type__":"cc.Vec3","x":1,"y":1,"z":1},"_localZOrder":462},{"__type__":"cc.Camera","node":{"__id__":4},"_cullingMask":-5,"_clearFlags":3,"_backgroundColor":{"__type__":"cc.Color","r":51,"g":77,"b":120,"a":0}},{"__type__":"cc.Node","_name":"content","_parent":{"__id__":2},"_children":[{"__id__":7}],"_components":[{"__type__":"cc.Sprite","node":{"__id__":6},"_spriteFrame":{"__uuid__":"bfhnyuiiFP/52t0htQmKGm"},"_sizeMode":0}],"_contentSize":{"__type__":"cc.Size","width":300,"height":300},"_position":{"__type__":"cc.Vec3","y":-100},"_scale":{"__type__":"cc.Vec3","x":1,"y":1,"z":1},"_localZOrder":463},{"__type__":"cc.Node","_name":"goldcoin","_parent":{"__id__":6},"_components":[{"__type__":"cc.Sprite","node":{"__id__":7},"_spriteFrame":{"__uuid__":"e3BKZDfgROhagh0UmGu1Ys"}}],"_contentSize":{"__type__":"cc.Size","width":80,"height":80},"_scale":{"__type__":"cc.Vec3","x":1,"y":1,"z":1},"_localZOrder":464},{"__type__":"cc.Node","_name":"New Button","_parent":{"__id__":2},"_children":[{"__id__":9}],"_components":[{"__type__":"cc.Sprite","node":{"__id__":8},"_spriteFrame":{"__uuid__":"f0BIwQ8D5Ml7nTNQbh1YlS"},"_type":1,"_sizeMode":0},{"__type__":"cc.Button","node":{"__id__":8},"transition":2,"pressedColor":{"__type__":"cc.Color","r":255,"g":255,"b":255},"clickEvents":[{"__type__":"cc.ClickEvent","target":{"__id__":2},"component":"render_to_canvas","handler":"captureAndShow"}],"_N$normalColor":{"__type__":"cc.Color","r":255,"g":255,"b":255},"_N$disabledColor":{"__type__":"cc.Color","r":255,"g":255,"b":255},"_N$normalSprite":{"__uuid__":"f0BIwQ8D5Ml7nTNQbh1YlS"},"_N$pressedSprite":{"__uuid__":"e97GVMl6JHh5Ml5qEDdSGa"},"pressedSprite":{"__uuid__":"e97GVMl6JHh5Ml5qEDdSGa"},"_N$hoverSprite":{"__uuid__":"e97GVMl6JHh5Ml5qEDdSGa"},"hoverSprite":{"__uuid__":"e97GVMl6JHh5Ml5qEDdSGa"},"_N$disabledSprite":{"__uuid__":"29FYIk+N1GYaeWH/q1NxQO"},"_N$target":{"__id__":8}}],"_contentSize":{"__type__":"cc.Size","width":100,"height":40},"_position":{"__type__":"cc.Vec3","y":159},"_scale":{"__type__":"cc.Vec3","x":1,"y":1,"z":1},"_localZOrder":465},{"__type__":"cc.Node","_name":"Label","_parent":{"__id__":8},"_components":[{"__type__":"cc.Label","node":{"__id__":9},"_useOriginalSize":false,"_string":"Capture","_N$string":"Capture","_fontSize":20,"_enableWrapText":false,"_N$horizontalAlign":1,"_N$verticalAlign":1,"_N$overflow":1}],"_color":{"__type__":"cc.Color"},"_contentSize":{"__type__":"cc.Size","width":100,"height":40},"_scale":{"__type__":"cc.Vec3","x":1,"y":1,"z":1},"_localZOrder":466}],{"__type__":"cc.SpriteFrame","content":{"name":"default_btn_disabled","texture":"71VhFCTINJM6/Ky3oX9nBT","rect":[0,0,40,40],"offset":[0,0],"originalSize":[40,40],"capInsets":[12,12,12,12]}},{"__type__":"cc.SpriteFrame","content":{"name":"content","texture":"6bT67Vq8NKd6+dNe1npaSL","rect":[0,0,512,512],"offset":[0,0],"originalSize":[512,512]}},{"__type__":"cc.SpriteFrame","content":{"name":"goldcoin","texture":"6e4xGvLlZICpjd7mPj1bJM","rect":[0,0,80,80],"offset":[0,0],"originalSize":[80,80]}},{"__type__":"cc.SpriteFrame","content":{"name":"default_btn_pressed","texture":"b4P/PCArtIdIH38t6mlw8Y","rect":[0,0,40,40],"offset":[0,0],"originalSize":[40,40],"capInsets":[12,12,12,12]}},{"__type__":"cc.SpriteFrame","content":{"name":"default_btn_normal","texture":"e8Ueib+qJEhL6mXAHdnwbi","rect":[0,0,40,40],"offset":[0,0],"originalSize":[40,40],"capInsets":[12,12,12,12]}}]