[{"__type__":"cc.SceneAsset","_name":"TiledTile","scene":{"__id__":1},"asyncLoadAssets":null},{"__type__":"cc.Scene","_name":"New Node","_children":[{"__id__":2},{"__id__":4}],"_anchorPoint":{"__type__":"cc.Vec2"},"_scale":{"__type__":"cc.Vec3","x":0.43537686707722534,"y":0.43537686707722534,"z":1},"_localZOrder":87,"autoReleaseAssets":false},{"__type__":"cc.Node","_name":"Canvas","_parent":{"__id__":1},"_children":[{"__id__":3}],"_level":1,"_components":[{"__type__":"cc.Canvas","node":{"__id__":2}}],"_contentSize":{"__type__":"cc.Size","width":960,"height":640},"_position":{"__type__":"cc.Vec3","x":480,"y":320},"_scale":{"__type__":"cc.Vec3","x":1,"y":1,"z":1},"_localZOrder":112,"_id":"7coqV/R+lHKJIm2iT/gmeU"},{"__type__":"cc.Node","_name":"Main Camera","_parent":{"__id__":2},"_level":1,"_components":[{"__type__":"cc.Camera","node":{"__id__":3},"_clearFlags":3,"_depth":-1}],"_scale":{"__type__":"cc.Vec3","x":1,"y":1,"z":1},"_localZOrder":89},{"__type__":"cc.Node","_name":"map","_parent":{"__id__":1},"_children":[{"__id__":5},{"__id__":6},{"__id__":7}],"_level":1,"_components":[{"__type__":"cc.TiledMap","node":{"__id__":4},"_tmxFile":{"__uuid__":"1aTJWFnE5NYaooFmtSlFMi"}}],"_contentSize":{"__type__":"cc.Size","width":960,"height":960},"_anchorPoint":{"__type__":"cc.Vec2"},"_scale":{"__type__":"cc.Vec3","x":1,"y":1,"z":1},"_localZOrder":113,"_id":"d11elb8CdBep9dnsXkgsKq"},{"__type__":"cc.Node","_name":"floor","_parent":{"__id__":4},"_level":2,"_components":[{"__type__":"cc.TiledLayer","node":{"__id__":5}}],"_contentSize":{"__type__":"cc.Size","width":960,"height":960},"_anchorPoint":{"__type__":"cc.Vec2"},"_scale":{"__type__":"cc.Vec3","x":1,"y":1,"z":1},"_localZOrder":101},{"__type__":"cc.Node","_name":"barrier","_parent":{"__id__":4},"_level":2,"_components":[{"__type__":"cc.TiledLayer","node":{"__id__":6}},{"__type__":"f47ccRZveFP2o2cCRmfZTTo","node":{"__id__":6}}],"_contentSize":{"__type__":"cc.Size","width":960,"height":960},"_anchorPoint":{"__type__":"cc.Vec2"},"_scale":{"__type__":"cc.Vec3","x":1,"y":1,"z":1},"_localZOrder":102},{"__type__":"cc.Node","_name":"players","_parent":{"__id__":4},"_level":2,"_components":[{"__type__":"cc.TiledObjectGroup","node":{"__id__":7}}],"_contentSize":{"__type__":"cc.Size","width":960,"height":960},"_scale":{"__type__":"cc.Vec3","x":1,"y":1,"z":1},"_localZOrder":103}]