[{"__type__":"cc.SpriteFrame","content":{"name":"singleColor","texture":"1bags8Kg5BCpWrU9yaA6Ng","rect":[0,0,2,2],"offset":[0,0],"originalSize":[2,2]}},[{"__type__":"cc.SceneAsset","_name":"AdvancedWidget","scene":{"__id__":1},"asyncLoadAssets":null},{"__type__":"cc.Scene","_name":"New Node","_children":[{"__id__":2}],"_anchorPoint":{"__type__":"cc.Vec2"},"_scale":{"__type__":"cc.Vec3","x":0.6520833333333333,"y":0.6520833333333333,"z":1},"_localZOrder":117,"autoReleaseAssets":true},{"__type__":"cc.Node","_name":"Canvas","_parent":{"__id__":1},"_children":[{"__id__":3},{"__id__":4},{"__id__":5},{"__id__":30}],"_components":[{"__type__":"cc.Canvas","node":{"__id__":2}}],"_contentSize":{"__type__":"cc.Size","width":960,"height":640},"_position":{"__type__":"cc.Vec3","x":480,"y":320},"_scale":{"__type__":"cc.Vec3","x":1,"y":1,"z":1},"_localZOrder":118,"_id":"356aed5zXZIYoXCrB+8KKiO"},{"__type__":"cc.Node","_name":"Main Camera","_parent":{"__id__":2},"_level":1,"_components":[{"__type__":"cc.Camera","node":{"__id__":3},"_clearFlags":3,"_depth":-1}],"_scale":{"__type__":"cc.Vec3","x":1,"y":1,"z":1},"_localZOrder":119},{"__type__":"cc.Node","_name":"Background","_parent":{"__id__":2},"_components":[{"__type__":"cc.Sprite","node":{"__id__":4},"_spriteFrame":{"__uuid__":"0aoLNsxKlM4qs77+3nCObU"},"_sizeMode":0},{"__type__":"cc.Widget","node":{"__id__":4},"alignMode":2,"_alignFlags":45,"_originalWidth":960,"_originalHeight":640}],"_prefab":{"__type__":"cc.PrefabInfo","root":{"__id__":4},"asset":{"__uuid__":"b8OSNRvpdPAZhePn0hGPPJ"},"fileId":"78fd70+ls5GgJcFkzvLSRk8"},"_color":{"__type__":"cc.Color","r":57,"g":61,"b":64},"_contentSize":{"__type__":"cc.Size","width":960,"height":640},"_scale":{"__type__":"cc.Vec3","x":1,"y":1,"z":1},"_localZOrder":120},{"__type__":"cc.Node","_name":"Advanced","_parent":{"__id__":2},"_children":[{"__id__":6},{"__id__":9},{"__id__":12},{"__id__":15},{"__id__":18},{"__id__":21},{"__id__":24},{"__id__":27}],"_components":[{"__type__":"cc.Sprite","node":{"__id__":5},"_spriteFrame":{"__uuid__":"c0GPA1PjJA7bli4XEgVjPQ"},"_type":1,"_sizeMode":0}],"_contentSize":{"__type__":"cc.Size","width":800,"height":500},"_scale":{"__type__":"cc.Vec3","x":1,"y":1,"z":1},"_localZOrder":121},{"__type__":"cc.Node","_name":"Top Left","_parent":{"__id__":5},"_children":[{"__id__":7},{"__id__":8}],"_components":[{"__type__":"cc.Widget","node":{"__id__":6},"alignMode":2,"_alignFlags":9,"_left":0.06,"_top":0.1,"_isAbsLeft":false,"_isAbsTop":false},{"__type__":"cc.Sprite","node":{"__id__":6},"_spriteFrame":{"__uuid__":"cbeekrK2tERZHMYnb3SW3c"},"_sizeMode":2}],"_contentSize":{"__type__":"cc.Size","width":194,"height":68},"_position":{"__type__":"cc.Vec3","x":-255,"y":166},"_scale":{"__type__":"cc.Vec3","x":1,"y":1,"z":1},"_localZOrder":122},{"__type__":"cc.Node","_name":"Label","_parent":{"__id__":6},"_components":[{"__type__":"e4f88adp3hERoJ48DZ2PSAl","node":{"__id__":7},"_useOriginalSize":false,"_string":"左上","_N$string":"左上","_fontSize":20,"_N$horizontalAlign":1,"_N$verticalAlign":1,"_N$textKey":"cases/02_ui/01_widget/AdvancedWidget.fire.7"}],"_contentSize":{"__type__":"cc.Size","width":40,"height":40},"_position":{"__type__":"cc.Vec3","x":1.1368683772161603e-13},"_scale":{"__type__":"cc.Vec3","x":1,"y":1,"z":1},"_localZOrder":123},{"__type__":"cc.Node","_name":"Tips","_parent":{"__id__":6},"_components":[{"__type__":"e4f88adp3hERoJ48DZ2PSAl","node":{"__id__":8},"_useOriginalSize":false,"_string":"top: 10% left: 6%","_N$string":"top: 10% left: 6%","_fontSize":25,"_N$verticalAlign":1,"_N$textKey":"cases/02_ui/01_widget/AdvancedWidget.fire.9"}],"_contentSize":{"__type__":"cc.Size","width":189,"height":40},"_position":{"__type__":"cc.Vec3","y":-50},"_scale":{"__type__":"cc.Vec3","x":1,"y":1,"z":1},"_localZOrder":124},{"__type__":"cc.Node","_name":"Top","_parent":{"__id__":5},"_children":[{"__id__":10},{"__id__":11}],"_components":[{"__type__":"cc.Widget","node":{"__id__":9},"alignMode":2,"_alignFlags":1,"_left":0.1,"_top":-34,"_isAbsLeft":false},{"__type__":"cc.Sprite","node":{"__id__":9},"_spriteFrame":{"__uuid__":"cbeekrK2tERZHMYnb3SW3c"},"_sizeMode":2}],"_contentSize":{"__type__":"cc.Size","width":194,"height":68},"_position":{"__type__":"cc.Vec3","y":250},"_scale":{"__type__":"cc.Vec3","x":1,"y":1,"z":1},"_localZOrder":125},{"__type__":"cc.Node","_name":"Label","_parent":{"__id__":9},"_components":[{"__type__":"e4f88adp3hERoJ48DZ2PSAl","node":{"__id__":10},"_useOriginalSize":false,"_string":"上","_N$string":"上","_fontSize":20,"_N$horizontalAlign":1,"_N$verticalAlign":1,"_N$textKey":"cases/02_ui/01_widget/AdvancedWidget.fire.14"}],"_contentSize":{"__type__":"cc.Size","width":20,"height":40},"_position":{"__type__":"cc.Vec3","x":1.1368683772161603e-13},"_scale":{"__type__":"cc.Vec3","x":1,"y":1,"z":1},"_localZOrder":126},{"__type__":"cc.Node","_name":"Tips","_parent":{"__id__":9},"_components":[{"__type__":"e4f88adp3hERoJ48DZ2PSAl","node":{"__id__":11},"_useOriginalSize":false,"_string":"top: -34px","_N$string":"top: -34px","_fontSize":25,"_N$verticalAlign":1,"_N$textKey":"cases/02_ui/01_widget/AdvancedWidget.fire.16"}],"_contentSize":{"__type__":"cc.Size","width":111.18,"height":40},"_position":{"__type__":"cc.Vec3","y":-50},"_scale":{"__type__":"cc.Vec3","x":1,"y":1,"z":1},"_localZOrder":127},{"__type__":"cc.Node","_name":"Top Right","_parent":{"__id__":5},"_children":[{"__id__":13},{"__id__":14}],"_components":[{"__type__":"cc.Widget","node":{"__id__":12},"alignMode":2,"_alignFlags":33,"_left":0.1,"_right":0.06,"_top":0.1,"_isAbsLeft":false,"_isAbsRight":false,"_isAbsTop":false},{"__type__":"cc.Sprite","node":{"__id__":12},"_spriteFrame":{"__uuid__":"cbeekrK2tERZHMYnb3SW3c"},"_sizeMode":2}],"_contentSize":{"__type__":"cc.Size","width":194,"height":68},"_position":{"__type__":"cc.Vec3","x":255,"y":166},"_scale":{"__type__":"cc.Vec3","x":1,"y":1,"z":1},"_localZOrder":128},{"__type__":"cc.Node","_name":"Label","_parent":{"__id__":12},"_components":[{"__type__":"e4f88adp3hERoJ48DZ2PSAl","node":{"__id__":13},"_useOriginalSize":false,"_string":"右上","_N$string":"右上","_fontSize":20,"_enableWrapText":false,"_N$horizontalAlign":1,"_N$verticalAlign":1,"_N$textKey":"cases/02_ui/01_widget/AdvancedWidget.fire.21"}],"_contentSize":{"__type__":"cc.Size","width":40,"height":40},"_position":{"__type__":"cc.Vec3","x":1.1368683772161603e-13},"_scale":{"__type__":"cc.Vec3","x":1,"y":1,"z":1},"_localZOrder":129},{"__type__":"cc.Node","_name":"Tips","_parent":{"__id__":12},"_components":[{"__type__":"e4f88adp3hERoJ48DZ2PSAl","node":{"__id__":14},"_useOriginalSize":false,"_string":"top: 10% right: 6%","_N$string":"top: 10% right: 6%","_fontSize":25,"_N$verticalAlign":1,"_N$textKey":"cases/02_ui/01_widget/AdvancedWidget.fire.23"}],"_contentSize":{"__type__":"cc.Size","width":204.28,"height":40},"_position":{"__type__":"cc.Vec3","y":-50},"_scale":{"__type__":"cc.Vec3","x":1,"y":1,"z":1},"_localZOrder":130},{"__type__":"cc.Node","_name":"Left","_parent":{"__id__":5},"_children":[{"__id__":16},{"__id__":17}],"_components":[{"__type__":"cc.Widget","node":{"__id__":15},"alignMode":2,"_alignFlags":8,"_left":-50,"_top":0.1,"_isAbsTop":false},{"__type__":"cc.Sprite","node":{"__id__":15},"_spriteFrame":{"__uuid__":"cbeekrK2tERZHMYnb3SW3c"},"_sizeMode":2}],"_contentSize":{"__type__":"cc.Size","width":194,"height":68},"_position":{"__type__":"cc.Vec3","x":-353},"_scale":{"__type__":"cc.Vec3","x":1,"y":1,"z":1},"_localZOrder":131},{"__type__":"cc.Node","_name":"Label","_parent":{"__id__":15},"_components":[{"__type__":"e4f88adp3hERoJ48DZ2PSAl","node":{"__id__":16},"_useOriginalSize":false,"_string":"左","_N$string":"左","_fontSize":20,"_enableWrapText":false,"_N$horizontalAlign":1,"_N$verticalAlign":1,"_N$textKey":"cases/02_ui/01_widget/AdvancedWidget.fire.28"}],"_contentSize":{"__type__":"cc.Size","width":20,"height":40},"_position":{"__type__":"cc.Vec3","x":1.1368683772161603e-13},"_scale":{"__type__":"cc.Vec3","x":1,"y":1,"z":1},"_localZOrder":132},{"__type__":"cc.Node","_name":"Tips","_parent":{"__id__":15},"_components":[{"__type__":"e4f88adp3hERoJ48DZ2PSAl","node":{"__id__":17},"_useOriginalSize":false,"_string":"left: -50px","_N$string":"left: -50px","_fontSize":25,"_N$verticalAlign":1,"_N$textKey":"cases/02_ui/01_widget/AdvancedWidget.fire.30"}],"_contentSize":{"__type__":"cc.Size","width":109.78,"height":40},"_position":{"__type__":"cc.Vec3","x":50,"y":-50},"_scale":{"__type__":"cc.Vec3","x":1,"y":1,"z":1},"_localZOrder":133},{"__type__":"cc.Node","_name":"Right","_parent":{"__id__":5},"_children":[{"__id__":19},{"__id__":20}],"_components":[{"__type__":"cc.Widget","node":{"__id__":18},"alignMode":2,"_alignFlags":32,"_left":-20,"_right":-50,"_top":0.1,"_isAbsTop":false},{"__type__":"cc.Sprite","node":{"__id__":18},"_spriteFrame":{"__uuid__":"cbeekrK2tERZHMYnb3SW3c"},"_sizeMode":2}],"_contentSize":{"__type__":"cc.Size","width":194,"height":68},"_position":{"__type__":"cc.Vec3","x":353},"_scale":{"__type__":"cc.Vec3","x":1,"y":1,"z":1},"_localZOrder":134},{"__type__":"cc.Node","_name":"Label","_parent":{"__id__":18},"_components":[{"__type__":"e4f88adp3hERoJ48DZ2PSAl","node":{"__id__":19},"_useOriginalSize":false,"_string":"右","_N$string":"右","_fontSize":20,"_enableWrapText":false,"_N$horizontalAlign":1,"_N$verticalAlign":1,"_N$textKey":"cases/02_ui/01_widget/AdvancedWidget.fire.35"}],"_contentSize":{"__type__":"cc.Size","width":20,"height":40},"_position":{"__type__":"cc.Vec3","x":1.1368683772161603e-13},"_scale":{"__type__":"cc.Vec3","x":1,"y":1,"z":1},"_localZOrder":135},{"__type__":"cc.Node","_name":"Tips","_parent":{"__id__":18},"_components":[{"__type__":"e4f88adp3hERoJ48DZ2PSAl","node":{"__id__":20},"_useOriginalSize":false,"_string":"right: -50px","_N$string":"right: -50px","_fontSize":25,"_N$verticalAlign":1,"_N$textKey":"cases/02_ui/01_widget/AdvancedWidget.fire.37"}],"_contentSize":{"__type__":"cc.Size","width":125.06,"height":40},"_position":{"__type__":"cc.Vec3","x":-50,"y":-50},"_scale":{"__type__":"cc.Vec3","x":1,"y":1,"z":1},"_localZOrder":136},{"__type__":"cc.Node","_name":"Bottom Left","_parent":{"__id__":5},"_children":[{"__id__":22},{"__id__":23}],"_components":[{"__type__":"cc.Widget","node":{"__id__":21},"alignMode":2,"_alignFlags":12,"_left":0.06,"_top":0.1,"_bottom":0.1,"_isAbsLeft":false,"_isAbsTop":false,"_isAbsBottom":false},{"__type__":"cc.Sprite","node":{"__id__":21},"_spriteFrame":{"__uuid__":"cbeekrK2tERZHMYnb3SW3c"},"_sizeMode":2}],"_contentSize":{"__type__":"cc.Size","width":194,"height":68},"_position":{"__type__":"cc.Vec3","x":-255,"y":-166},"_scale":{"__type__":"cc.Vec3","x":1,"y":1,"z":1},"_localZOrder":137},{"__type__":"cc.Node","_name":"Label","_parent":{"__id__":21},"_components":[{"__type__":"e4f88adp3hERoJ48DZ2PSAl","node":{"__id__":22},"_useOriginalSize":false,"_string":"左下","_N$string":"左下","_fontSize":20,"_N$horizontalAlign":1,"_N$verticalAlign":1,"_N$textKey":"cases/02_ui/01_widget/AdvancedWidget.fire.42"}],"_contentSize":{"__type__":"cc.Size","width":40,"height":40},"_position":{"__type__":"cc.Vec3","x":1.1368683772161603e-13},"_scale":{"__type__":"cc.Vec3","x":1,"y":1,"z":1},"_localZOrder":138},{"__type__":"cc.Node","_name":"Tips","_parent":{"__id__":21},"_components":[{"__type__":"e4f88adp3hERoJ48DZ2PSAl","node":{"__id__":23},"_useOriginalSize":false,"_string":"bottom: 10% left: 6%","_N$string":"bottom: 10% left: 6%","_fontSize":25,"_N$verticalAlign":1,"_N$textKey":"cases/02_ui/01_widget/AdvancedWidget.fire.44"}],"_contentSize":{"__type__":"cc.Size","width":230.68,"height":40},"_position":{"__type__":"cc.Vec3","y":-50},"_scale":{"__type__":"cc.Vec3","x":1,"y":1,"z":1},"_localZOrder":139},{"__type__":"cc.Node","_name":"Bottom","_parent":{"__id__":5},"_children":[{"__id__":25},{"__id__":26}],"_components":[{"__type__":"cc.Widget","node":{"__id__":24},"alignMode":2,"_alignFlags":4,"_left":0.3989583333333333,"_top":0.1,"_bottom":-34,"_isAbsLeft":false,"_isAbsTop":false},{"__type__":"cc.Sprite","node":{"__id__":24},"_spriteFrame":{"__uuid__":"cbeekrK2tERZHMYnb3SW3c"},"_sizeMode":2}],"_contentSize":{"__type__":"cc.Size","width":194,"height":68},"_position":{"__type__":"cc.Vec3","y":-250},"_scale":{"__type__":"cc.Vec3","x":1,"y":1,"z":1},"_localZOrder":140},{"__type__":"cc.Node","_name":"Label","_parent":{"__id__":24},"_components":[{"__type__":"e4f88adp3hERoJ48DZ2PSAl","node":{"__id__":25},"_useOriginalSize":false,"_string":"下","_N$string":"下","_fontSize":20,"_N$horizontalAlign":1,"_N$verticalAlign":1,"_N$textKey":"cases/02_ui/01_widget/AdvancedWidget.fire.49"}],"_contentSize":{"__type__":"cc.Size","width":20,"height":40},"_scale":{"__type__":"cc.Vec3","x":1,"y":1,"z":1},"_localZOrder":141},{"__type__":"cc.Node","_name":"Tips","_parent":{"__id__":24},"_components":[{"__type__":"e4f88adp3hERoJ48DZ2PSAl","node":{"__id__":26},"_useOriginalSize":false,"_string":"bottom: -34px","_N$string":"bottom: -34px","_fontSize":25,"_N$verticalAlign":1,"_N$textKey":"cases/02_ui/01_widget/AdvancedWidget.fire.51"}],"_contentSize":{"__type__":"cc.Size","width":152.86,"height":40},"_position":{"__type__":"cc.Vec3","y":60},"_scale":{"__type__":"cc.Vec3","x":1,"y":1,"z":1},"_localZOrder":142},{"__type__":"cc.Node","_name":"Bottom Right","_parent":{"__id__":5},"_children":[{"__id__":28},{"__id__":29}],"_components":[{"__type__":"cc.Widget","node":{"__id__":27},"alignMode":2,"_alignFlags":36,"_left":0.1,"_right":0.06,"_top":0.1,"_bottom":0.1,"_isAbsLeft":false,"_isAbsRight":false,"_isAbsTop":false,"_isAbsBottom":false},{"__type__":"cc.Sprite","node":{"__id__":27},"_spriteFrame":{"__uuid__":"cbeekrK2tERZHMYnb3SW3c"},"_sizeMode":2}],"_contentSize":{"__type__":"cc.Size","width":194,"height":68},"_position":{"__type__":"cc.Vec3","x":255,"y":-166},"_scale":{"__type__":"cc.Vec3","x":1,"y":1,"z":1},"_localZOrder":143},{"__type__":"cc.Node","_name":"Label","_parent":{"__id__":27},"_components":[{"__type__":"e4f88adp3hERoJ48DZ2PSAl","node":{"__id__":28},"_useOriginalSize":false,"_string":"右下","_N$string":"右下","_fontSize":20,"_enableWrapText":false,"_N$horizontalAlign":1,"_N$verticalAlign":1,"_N$textKey":"cases/02_ui/01_widget/AdvancedWidget.fire.56"}],"_contentSize":{"__type__":"cc.Size","width":40,"height":40},"_position":{"__type__":"cc.Vec3","x":1.1368683772161603e-13},"_scale":{"__type__":"cc.Vec3","x":1,"y":1,"z":1},"_localZOrder":144},{"__type__":"cc.Node","_name":"Tips","_parent":{"__id__":27},"_components":[{"__type__":"e4f88adp3hERoJ48DZ2PSAl","node":{"__id__":29},"_useOriginalSize":false,"_string":"bottom:10% right:6%","_N$string":"bottom:10% right:6%","_fontSize":25,"_N$verticalAlign":1,"_N$textKey":"cases/02_ui/01_widget/AdvancedWidget.fire.58"}],"_contentSize":{"__type__":"cc.Size","width":232.07,"height":40},"_position":{"__type__":"cc.Vec3","y":-50},"_scale":{"__type__":"cc.Vec3","x":1,"y":1,"z":1},"_localZOrder":145},{"__type__":"cc.Node","_name":"Tips","_parent":{"__id__":2},"_components":[{"__type__":"e4f88adp3hERoJ48DZ2PSAl","node":{"__id__":30},"_useOriginalSize":false,"_string":"高级挂件","_N$string":"高级挂件","_fontSize":35,"_N$horizontalAlign":1,"_N$verticalAlign":1,"_N$textKey":"cases/02_ui/01_widget/AdvancedWidget.fire.63"}],"_contentSize":{"__type__":"cc.Size","width":140,"height":40},"_scale":{"__type__":"cc.Vec3","x":1,"y":1,"z":1},"_localZOrder":146}],{"__type__":"cc.SpriteFrame","content":{"name":"bg","texture":"5cSEe6cUVByreKJqRNvahb","rect":[0,0,14,14],"offset":[0,0],"originalSize":[14,14],"capInsets":[5,5,5,5]}},{"__type__":"cc.SpriteFrame","content":{"name":"btn_normal","texture":"7a/zKdXVNGWYopVAO8wQSg","rect":[0,0,194,68],"offset":[0,0],"originalSize":[194,68]}}]