[{"__type__":"cc.SpriteFrame","content":{"name":"singleColor","texture":"1bags8Kg5BCpWrU9yaA6Ng","rect":[0,0,2,2],"offset":[0,0],"originalSize":[2,2]}},{"__type__":"cc.SpriteFrame","content":{"name":"sheep_jump_1","texture":"16791763c","rect":[2,389,154,131],"offset":[-13,2],"originalSize":[228,159]}},{"__type__":"cc.SpriteFrame","content":{"name":"sheep_run_0","texture":"16791763c","rect":[773,2,167,112],"offset":[-3.5,-0.5],"originalSize":[228,159]}},{"__type__":"cc.SpriteFrame","content":{"name":"star","texture":"b1HE18sVtOtog7FpfBOI4h","rect":[0,12,169,185],"offset":[0,-4],"originalSize":[169,201]}},[{"__type__":"cc.SceneAsset","_name":"PageView_Free_Horizontal","scene":{"__id__":1},"asyncLoadAssets":null},{"__type__":"cc.Scene","_name":"New Node","_children":[{"__id__":2},{"__id__":19}],"_anchorPoint":{"__type__":"cc.Vec2"},"_scale":{"__type__":"cc.Vec3","x":0.6520833333333333,"y":0.6520833333333333,"z":1},"_localZOrder":1416,"autoReleaseAssets":true},{"__type__":"cc.Node","_name":"Canvas","_parent":{"__id__":1},"_children":[{"__id__":3},{"__id__":4},{"__id__":5},{"__id__":6},{"__id__":21}],"_components":[{"__type__":"cc.Canvas","node":{"__id__":2}}],"_contentSize":{"__type__":"cc.Size","width":960,"height":640},"_position":{"__type__":"cc.Vec3","x":480,"y":320},"_scale":{"__type__":"cc.Vec3","x":1,"y":1,"z":1},"_localZOrder":1417,"_id":"a1effqf2M5DAYgEqTBIygki"},{"__type__":"cc.Node","_name":"Main Camera","_parent":{"__id__":2},"_level":1,"_components":[{"__type__":"cc.Camera","node":{"__id__":3},"_clearFlags":3,"_depth":-1}],"_scale":{"__type__":"cc.Vec3","x":1,"y":1,"z":1},"_localZOrder":1418},{"__type__":"cc.Node","_name":"Background","_parent":{"__id__":2},"_components":[{"__type__":"cc.Sprite","node":{"__id__":4},"_spriteFrame":{"__uuid__":"0aoLNsxKlM4qs77+3nCObU"},"_sizeMode":0},{"__type__":"cc.Widget","node":{"__id__":4},"alignMode":2,"_alignFlags":45,"_originalWidth":960,"_originalHeight":640}],"_prefab":{"__type__":"cc.PrefabInfo","root":{"__id__":4},"asset":{"__uuid__":"b8OSNRvpdPAZhePn0hGPPJ"},"fileId":"78fd70+ls5GgJcFkzvLSRk8"},"_color":{"__type__":"cc.Color","r":57,"g":61,"b":64},"_contentSize":{"__type__":"cc.Size","width":960,"height":640},"_scale":{"__type__":"cc.Vec3","x":1,"y":1,"z":1},"_localZOrder":1419},{"__type__":"cc.Node","_name":"Title","_parent":{"__id__":2},"_components":[{"__type__":"cc.Label","node":{"__id__":5},"_useOriginalSize":false,"_string":"横向 Page View Free 范例","_N$string":"横向 Page View Free 范例","_N$horizontalAlign":1,"_N$verticalAlign":1}],"_contentSize":{"__type__":"cc.Size","width":466.09,"height":40},"_position":{"__type__":"cc.Vec3","y":270},"_scale":{"__type__":"cc.Vec3","x":1,"y":1,"z":1},"_localZOrder":1420},{"__type__":"cc.Node","_name":"PageView_Horizontal","_parent":{"__id__":2},"_children":[{"__id__":7},{"__id__":9},{"__id__":16}],"_components":[{"__id__":18}],"_contentSize":{"__type__":"cc.Size","width":600,"height":450},"_scale":{"__type__":"cc.Vec3","x":1,"y":1,"z":1},"_localZOrder":1421},{"__type__":"cc.Node","_name":"background","_parent":{"__id__":6},"_children":[{"__id__":8}],"_components":[{"__type__":"cc.Sprite","node":{"__id__":7},"_spriteFrame":{"__uuid__":"9bvaMerUlDyary99mJa6xp"},"_type":1,"_sizeMode":0}],"_contentSize":{"__type__":"cc.Size","width":600,"height":450},"_scale":{"__type__":"cc.Vec3","x":1,"y":1,"z":1},"_localZOrder":1422},{"__type__":"cc.Node","_name":"default","_parent":{"__id__":7},"_components":[{"__type__":"cc.Sprite","node":{"__id__":8},"_spriteFrame":{"__uuid__":"a2MjXRFdtLlYQ5ouAFv/+R"},"_sizeMode":0}],"_color":{"__type__":"cc.Color","r":150,"g":150,"b":150},"_contentSize":{"__type__":"cc.Size","width":600,"height":400},"_scale":{"__type__":"cc.Vec3","x":1,"y":1,"z":1},"_localZOrder":1423},{"__type__":"cc.Node","_name":"view","_parent":{"__id__":6},"_children":[{"__id__":10}],"_components":[{"__type__":"cc.Mask","node":{"__id__":9},"_N$alphaThreshold":1}],"_contentSize":{"__type__":"cc.Size","width":600,"height":450},"_scale":{"__type__":"cc.Vec3","x":1,"y":1,"z":1},"_localZOrder":1424},{"__type__":"cc.Node","_name":"content","_parent":{"__id__":9},"_children":[{"__id__":11},{"__id__":12},{"__id__":13},{"__id__":14},{"__id__":15}],"_components":[{"__type__":"cc.Layout","node":{"__id__":10},"_layoutSize":{"__type__":"cc.Size","width":1553,"height":450},"_resize":1,"_N$layoutType":1,"_N$spacingX":100,"_N$spacingY":15}],"_contentSize":{"__type__":"cc.Size","width":1553,"height":450},"_anchorPoint":{"__type__":"cc.Vec2","y":0.5},"_position":{"__type__":"cc.Vec3","x":-300},"_scale":{"__type__":"cc.Vec3","x":1,"y":1,"z":1},"_localZOrder":1425},{"__type__":"cc.Node","_name":"page_1","_parent":{"__id__":10},"_components":[{"__type__":"cc.Sprite","node":{"__id__":11},"_spriteFrame":{"__uuid__":"2364OHyklBIb5oVgVO5TnY"},"_sizeMode":2}],"_contentSize":{"__type__":"cc.Size","width":228,"height":159},"_position":{"__type__":"cc.Vec3","x":114},"_scale":{"__type__":"cc.Vec3","x":1,"y":1,"z":1},"_localZOrder":1426},{"__type__":"cc.Node","_name":"page_2","_parent":{"__id__":10},"_components":[{"__type__":"cc.Sprite","node":{"__id__":12},"_spriteFrame":{"__uuid__":"18FIA1v/1EGKyOEK2v04jD"},"_type":1,"_sizeMode":2}],"_contentSize":{"__type__":"cc.Size","width":228,"height":159},"_position":{"__type__":"cc.Vec3","x":442},"_scale":{"__type__":"cc.Vec3","x":1,"y":1,"z":1},"_localZOrder":1427},{"__type__":"cc.Node","_name":"page_3","_parent":{"__id__":10},"_components":[{"__type__":"cc.Sprite","node":{"__id__":13},"_spriteFrame":{"__uuid__":"7a92H4NnVEZ4D+Lafevu8/"},"_sizeMode":2}],"_contentSize":{"__type__":"cc.Size","width":228,"height":159},"_position":{"__type__":"cc.Vec3","x":770},"_scale":{"__type__":"cc.Vec3","x":1,"y":1,"z":1},"_localZOrder":1428},{"__type__":"cc.Node","_name":"page_4","_parent":{"__id__":10},"_components":[{"__type__":"cc.Sprite","node":{"__id__":14},"_spriteFrame":{"__uuid__":"28J1mVxrtNt4x6jPwYU6v+"}}],"_contentSize":{"__type__":"cc.Size","width":169,"height":185},"_position":{"__type__":"cc.Vec3","x":1068.5},"_scale":{"__type__":"cc.Vec3","x":1,"y":1,"z":1},"_localZOrder":1429},{"__type__":"cc.Node","_name":"page_5","_parent":{"__id__":10},"_components":[{"__type__":"cc.Sprite","node":{"__id__":15},"_spriteFrame":{"__uuid__":"c74+0DxWhKl4pJoAx06mhW"},"_sizeMode":0}],"_contentSize":{"__type__":"cc.Size","width":300,"height":101},"_position":{"__type__":"cc.Vec3","x":1403},"_scale":{"__type__":"cc.Vec3","x":1,"y":1,"z":1},"_localZOrder":1430},{"__type__":"cc.Node","_name":"indicator","_parent":{"__id__":6},"_components":[{"__id__":17}],"_contentSize":{"__type__":"cc.Size","width":100,"height":27},"_position":{"__type__":"cc.Vec3","y":-209},"_scale":{"__type__":"cc.Vec3","x":1,"y":1,"z":1},"_localZOrder":1431},{"__type__":"cc.PageViewIndicator","node":{"__id__":16},"_pageView":{"__id__":18},"spriteFrame":{"__uuid__":"c9+lH/PwFGAY+AMl0bEdq3"},"cellSize":{"__type__":"cc.Size","width":10,"height":10},"spacing":10},{"__type__":"cc.PageView","node":{"__id__":6},"content":{"__id__":10},"vertical":false,"bounceDuration":0.5,"pageEvents":[{"__type__":"cc.ClickEvent","target":{"__id__":19},"component":"PageViewCtrl","handler":"onPageEvent"}],"_N$sizeMode":1,"_N$indicator":{"__id__":17}},{"__type__":"cc.Node","_name":"PageViewCtrl","_parent":{"__id__":1},"_components":[{"__type__":"becf9ZpBi5KG43ard9opUPT","node":{"__id__":19},"target":{"__id__":18},"label":{"__id__":20}}],"_scale":{"__type__":"cc.Vec3","x":1,"y":1,"z":1},"_localZOrder":1433,"_id":"79e9d6rDm9Msp7bxxGgTpx9"},{"__type__":"cc.Label","node":{"__id__":21},"_useOriginalSize":false,"_string":"第1页","_N$string":"第1页","_fontSize":20,"_lineHeight":20,"_N$verticalAlign":1},{"__type__":"cc.Node","_name":"PageIndex","_parent":{"__id__":2},"_components":[{"__id__":20}],"_color":{"__type__":"cc.Color"},"_contentSize":{"__type__":"cc.Size","width":51.12,"height":20},"_position":{"__type__":"cc.Vec3","y":212.4},"_scale":{"__type__":"cc.Vec3","x":1,"y":1,"z":1},"_localZOrder":1432}],{"__type__":"cc.SpriteFrame","content":{"name":"sheep_down_2","texture":"16791763c","rect":[2,654,165,104],"offset":[-6.5,-3.5],"originalSize":[228,159]}},{"__type__":"cc.SpriteFrame","content":{"name":"default_panel","texture":"d8HsitJHxOYqo801xBk8ev","rect":[0,0,20,20],"offset":[0,0],"originalSize":[20,20],"capInsets":[6,6,6,6]}},{"__type__":"cc.SpriteFrame","content":{"name":"default_sprite_splash","texture":"02delMVqdBD70a/HSD99FK","rect":[0,0,2,2],"offset":[0,0],"originalSize":[2,2]}},{"__type__":"cc.SpriteFrame","content":{"name":"ui_panel","texture":"e2+JVotVRBt6Ias6A7PFQx","rect":[0,0,151,101],"offset":[0,0],"originalSize":[151,101],"capInsets":[23,13,22,33]}},{"__type__":"cc.SpriteFrame","content":{"name":"default_scrollbar_bg","texture":"4bq2fLGOZAmbhANV8Ec/iQ","rect":[0,0,30,15],"offset":[0,0],"originalSize":[30,15],"capInsets":[10,4,10,4]}}]