[{"__type__":"cc.SpriteFrame","content":{"name":"singleColor","texture":"1bags8Kg5BCpWrU9yaA6Ng","rect":[0,0,2,2],"offset":[0,0],"originalSize":[2,2]}},{"__type__":"cc.SpriteFrame","content":{"name":"star","texture":"b1HE18sVtOtog7FpfBOI4h","rect":[0,12,169,185],"offset":[0,-4],"originalSize":[169,201]}},[{"__type__":"cc.SceneAsset","_name":"SimpleSprite","scene":{"__id__":1},"asyncLoadAssets":null},{"__type__":"cc.Scene","_name":"New Node","_children":[{"__id__":2},{"__id__":7}],"_contentSize":{"__type__":"cc.Size","width":100,"height":100},"_anchorPoint":{"__type__":"cc.Vec2"},"_scale":{"__type__":"cc.Vec3","x":0.6520833333333333,"y":0.6520833333333333,"z":1},"_localZOrder":166,"autoReleaseAssets":true},{"__type__":"cc.Node","_name":"Canvas","_parent":{"__id__":1},"_children":[{"__id__":3},{"__id__":4},{"__id__":5}],"_components":[{"__type__":"cc.Canvas","node":{"__id__":2}}],"_contentSize":{"__type__":"cc.Size","width":960,"height":640},"_position":{"__type__":"cc.Vec3","x":480,"y":320},"_scale":{"__type__":"cc.Vec3","x":1,"y":1,"z":1},"_localZOrder":167,"_id":"deeb9I6lcdIGKoxTZjQOt6F"},{"__type__":"cc.Node","_name":"Main Camera","_parent":{"__id__":2},"_level":1,"_components":[{"__type__":"cc.Camera","node":{"__id__":3},"_clearFlags":3,"_depth":-1}],"_scale":{"__type__":"cc.Vec3","x":1,"y":1,"z":1},"_localZOrder":168},{"__type__":"cc.Node","_name":"Background","_parent":{"__id__":2},"_components":[{"__type__":"cc.Sprite","node":{"__id__":4},"_spriteFrame":{"__uuid__":"0aoLNsxKlM4qs77+3nCObU"},"_sizeMode":0},{"__type__":"cc.Widget","node":{"__id__":4},"alignMode":2,"_alignFlags":45,"_originalWidth":960,"_originalHeight":640}],"_prefab":{"__type__":"cc.PrefabInfo","root":{"__id__":4},"asset":{"__uuid__":"b8OSNRvpdPAZhePn0hGPPJ"},"fileId":"78fd70+ls5GgJcFkzvLSRk8"},"_color":{"__type__":"cc.Color","r":57,"g":61,"b":64},"_contentSize":{"__type__":"cc.Size","width":960,"height":640},"_scale":{"__type__":"cc.Vec3","x":1,"y":1,"z":1},"_localZOrder":169},{"__type__":"cc.Node","_name":"Simple","_parent":{"__id__":2},"_children":[{"__id__":6}],"_components":[{"__type__":"cc.Sprite","node":{"__id__":5},"_spriteFrame":{"__uuid__":"28J1mVxrtNt4x6jPwYU6v+"}}],"_contentSize":{"__type__":"cc.Size","width":169,"height":185},"_scale":{"__type__":"cc.Vec3","x":1,"y":1,"z":1},"_localZOrder":170},{"__type__":"cc.Node","_name":"Tips","_parent":{"__id__":5},"_components":[{"__type__":"e4f88adp3hERoJ48DZ2PSAl","node":{"__id__":6},"_useOriginalSize":false,"_string":"这是普通精灵","_N$string":"这是普通精灵","_fontSize":35,"_N$horizontalAlign":1,"_N$verticalAlign":1,"_N$textKey":"cases/01_graphics/01_sprite/SimpleSprite.fire.7"}],"_contentSize":{"__type__":"cc.Size","width":210,"height":40},"_position":{"__type__":"cc.Vec3","y":-137},"_scale":{"__type__":"cc.Vec3","x":1,"y":1,"z":1},"_localZOrder":171},{"__type__":"cc.Node","_name":"Instruction","_parent":{"__id__":1},"_components":[{"__type__":"6a871gy73FDLap3Eje/2h6i","node":{"__id__":7},"text":"## Simple Sprite 使用说明\n\n1. 场景中间显示一个 Sprite 图像\n2. Sprite 周围有蓝色的 bounding box 紧贴图像\n3. 修改 scale 属性时，Sprite 大小变化\n4. 修改 anchor 位置时，Sprite 显示的位置变化\n5. 点击 Sprite 资源，会高亮 Assets 面板里的贴图资源\n6. 修改 size 时，Sprite 大小变化，而且 use original size 选项自动取消\n7. 再次勾选 use original size 时，size 恢复到贴图尺寸"}],"_position":{"__type__":"cc.Vec3","x":480,"y":320},"_scale":{"__type__":"cc.Vec3","x":1,"y":1,"z":1},"_localZOrder":172,"_id":"ac1f1NxGRRO7p9g/6MN6BRz"}]]