[{"__type__":"cc.SpriteFrame","content":{"name":"singleColor","texture":"1bags8Kg5BCpWrU9yaA6Ng","rect":[0,0,2,2],"offset":[0,0],"originalSize":[2,2]}},[{"__type__":"cc.SceneAsset","_name":"01_user","scene":{"__id__":1},"asyncLoadAssets":null},{"__type__":"cc.Scene","_name":"New Node","_children":[{"__id__":2},{"__id__":10}],"_anchorPoint":{"__type__":"cc.Vec2"},"_scale":{"__type__":"cc.Vec3","x":0.6427083333333333,"y":0.6427083333333333,"z":1},"_localZOrder":202,"autoReleaseAssets":true},{"__type__":"cc.Node","_name":"Canvas","_parent":{"__id__":1},"_children":[{"__id__":3},{"__id__":4},{"__id__":5},{"__id__":6}],"_components":[{"__type__":"cc.Canvas","node":{"__id__":2}}],"_contentSize":{"__type__":"cc.Size","width":960,"height":640},"_position":{"__type__":"cc.Vec3","x":480,"y":320},"_scale":{"__type__":"cc.Vec3","x":1,"y":1,"z":1},"_localZOrder":203,"_id":"f78cc6wHhBBpYe38fu+DoRd"},{"__type__":"cc.Node","_name":"Main Camera","_parent":{"__id__":2},"_level":1,"_components":[{"__type__":"cc.Camera","node":{"__id__":3},"_clearFlags":3,"_depth":-1}],"_scale":{"__type__":"cc.Vec3","x":1,"y":1,"z":1},"_localZOrder":204},{"__type__":"cc.Node","_name":"Background","_parent":{"__id__":2},"_components":[{"__type__":"cc.Sprite","node":{"__id__":4},"_spriteFrame":{"__uuid__":"0aoLNsxKlM4qs77+3nCObU"},"_sizeMode":0},{"__type__":"cc.Widget","node":{"__id__":4},"alignMode":0,"_alignFlags":45,"_originalWidth":960,"_originalHeight":640}],"_prefab":{"__type__":"cc.PrefabInfo","root":{"__id__":4},"asset":{"__uuid__":"b8OSNRvpdPAZhePn0hGPPJ"},"fileId":"78fd70+ls5GgJcFkzvLSRk8"},"_color":{"__type__":"cc.Color","r":57,"g":61,"b":64},"_contentSize":{"__type__":"cc.Size","width":960,"height":640},"_scale":{"__type__":"cc.Vec3","x":1,"y":1,"z":1},"_localZOrder":205},{"__type__":"cc.Node","_name":"Tips","_parent":{"__id__":2},"_components":[{"__type__":"e4f88adp3hERoJ48DZ2PSAl","node":{"__id__":5},"_useOriginalSize":false,"_string":"该范例只在Android、iOS、Web-Mobile上有效果","_N$string":"该范例只在Android、iOS、Web-Mobile上有效果","_lineHeight":45,"_N$textKey":"cases/anysdk/1"}],"_color":{"__type__":"cc.Color"},"_contentSize":{"__type__":"cc.Size","width":857.23,"height":45},"_scale":{"__type__":"cc.Vec3","x":1,"y":1,"z":1},"_localZOrder":206},{"__type__":"cc.Node","_name":"userList","_parent":{"__id__":2},"_children":[{"__id__":7}],"_components":[{"__id__":9},{"__type__":"cc.Sprite","node":{"__id__":6},"_spriteFrame":{"__uuid__":"9bvaMerUlDyary99mJa6xp"},"_type":1,"_sizeMode":0},{"__type__":"936e8EugiJC24zJbx+WjeFx","node":{"__id__":6},"plugin":"getUserPlugin"}],"_opacity":0,"_contentSize":{"__type__":"cc.Size","width":600,"height":600},"_scale":{"__type__":"cc.Vec3","x":1,"y":1,"z":1},"_localZOrder":207},{"__type__":"cc.Node","_name":"viewport","_parent":{"__id__":6},"_children":[{"__id__":8}],"_components":[{"__type__":"cc.Mask","node":{"__id__":7},"_N$alphaThreshold":1}],"_contentSize":{"__type__":"cc.Size","width":600,"height":600},"_scale":{"__type__":"cc.Vec3","x":1,"y":1,"z":1},"_localZOrder":208},{"__type__":"cc.Node","_name":"list","_parent":{"__id__":7},"_components":[{"__type__":"4e6b2pY7RBI3KPyFA1iin3p","node":{"__id__":8},"itemPrefab":{"__uuid__":"acJA0wHChC4oXZ8epPnyUl"},"scrollView":{"__id__":9},"bufferZone":300,"interfaceList":["login","isLogined","logout","enterPlatform","showToolBar","hideToolBar","accountSwitch","realNameRegister","antiAddictionQuery","submitLoginGameRole"],"scriptName":"User"}],"_contentSize":{"__type__":"cc.Size","width":600,"height":900},"_anchorPoint":{"__type__":"cc.Vec2","y":1},"_position":{"__type__":"cc.Vec3","x":-300,"y":-1079.381443298969},"_scale":{"__type__":"cc.Vec3","x":1,"y":1,"z":1},"_localZOrder":209},{"__type__":"cc.ScrollView","node":{"__id__":6},"content":{"__id__":8},"horizontal":false,"brake":0.9,"bounceDuration":0.23,"_N$horizontalScrollBar":null,"_N$verticalScrollBar":null},{"__type__":"cc.Node","_name":"SuspensionTips","_parent":{"__id__":1},"_components":[{"__type__":"98e89C4yltIAq8FYwHi/ux9","node":{"__id__":10},"tipsPrefab":{"__uuid__":"1cKpCHraxFi5zQ46LHReO4"}}],"_scale":{"__type__":"cc.Vec3","x":1,"y":1,"z":1},"_localZOrder":210,"_id":"76ff99ZmOdPMLHUl3l8j8S7"}],{"__type__":"cc.SpriteFrame","content":{"name":"default_panel","texture":"d8HsitJHxOYqo801xBk8ev","rect":[0,0,20,20],"offset":[0,0],"originalSize":[20,20],"capInsets":[6,6,6,6]}}]