[{"__type__":"cc.SpriteFrame","content":{"name":"singleColor","texture":"1bags8Kg5BCpWrU9yaA6Ng","rect":[0,0,2,2],"offset":[0,0],"originalSize":[2,2]}},[{"__type__":"cc.SceneAsset","_name":"CircleReference","scene":{"__id__":1},"asyncLoadAssets":null},{"__type__":"cc.Scene","_name":"New Node","_children":[{"__id__":2}],"_anchorPoint":{"__type__":"cc.Vec2"},"_scale":{"__type__":"cc.Vec3","x":0.6427083333333333,"y":0.6427083333333333,"z":1},"_localZOrder":34,"autoReleaseAssets":true},{"__type__":"cc.Node","_name":"Canvas","_parent":{"__id__":1},"_children":[{"__id__":3},{"__id__":4},{"__id__":5},{"__id__":7}],"_components":[{"__type__":"cc.Canvas","node":{"__id__":2}}],"_contentSize":{"__type__":"cc.Size","width":960,"height":640},"_position":{"__type__":"cc.Vec3","x":480,"y":320},"_scale":{"__type__":"cc.Vec3","x":1,"y":1,"z":1},"_localZOrder":35,"_id":"a5976srItNDSJGvmu+BNYzW"},{"__type__":"cc.Node","_name":"Main Camera","_parent":{"__id__":2},"_level":1,"_components":[{"__type__":"cc.Camera","node":{"__id__":3},"_clearFlags":3,"_depth":-1}],"_scale":{"__type__":"cc.Vec3","x":1,"y":1,"z":1},"_localZOrder":36},{"__type__":"cc.Node","_name":"Background","_parent":{"__id__":2},"_components":[{"__type__":"cc.Sprite","node":{"__id__":4},"_spriteFrame":{"__uuid__":"0aoLNsxKlM4qs77+3nCObU"},"_sizeMode":0},{"__type__":"cc.Widget","node":{"__id__":4},"alignMode":2,"_alignFlags":45,"_originalWidth":960,"_originalHeight":640}],"_prefab":{"__type__":"cc.PrefabInfo","root":{"__id__":4},"asset":{"__uuid__":"b8OSNRvpdPAZhePn0hGPPJ"},"fileId":"78fd70+ls5GgJcFkzvLSRk8"},"_color":{"__type__":"cc.Color","r":57,"g":61,"b":64},"_contentSize":{"__type__":"cc.Size","width":960,"height":640},"_scale":{"__type__":"cc.Vec3","x":1,"y":1,"z":1},"_localZOrder":37},{"__type__":"cc.Node","_name":"left","_parent":{"__id__":2},"_children":[{"__id__":6}],"_position":{"__type__":"cc.Vec3","x":-230},"_scale":{"__type__":"cc.Vec3","x":1,"y":1,"z":1},"_localZOrder":38},{"__type__":"cc.Node","_name":"leftSprite","_parent":{"__id__":5},"_components":[{"__type__":"cc.Sprite","node":{"__id__":6},"_spriteFrame":{"__uuid__":"28J1mVxrtNt4x6jPwYU6v+"}},{"__type__":"41a1bujgpVH7IZ1HSDQEosG","node":{"__id__":6},"prefab":{"__uuid__":"54zFoxGCBFxaHwnNIhE22d"}}],"_prefab":{"__type__":"cc.PrefabInfo","root":{"__id__":6},"asset":{"__uuid__":"240sQmEklIa4mMBXRqZ5jF"},"fileId":"f0518waC99PsbBrVqE6nVkV"},"_contentSize":{"__type__":"cc.Size","width":169,"height":185},"_scale":{"__type__":"cc.Vec3","x":1,"y":1,"z":1},"_localZOrder":39},{"__type__":"cc.Node","_name":"right","_parent":{"__id__":2},"_children":[{"__id__":8}],"_position":{"__type__":"cc.Vec3","x":230},"_scale":{"__type__":"cc.Vec3","x":1,"y":1,"z":1},"_localZOrder":40},{"__type__":"cc.Node","_name":"rightSprite","_parent":{"__id__":7},"_components":[{"__type__":"cc.Sprite","node":{"__id__":8},"_spriteFrame":{"__uuid__":"3exj970YNAN40QaJYxZAYg"}},{"__type__":"41a1bujgpVH7IZ1HSDQEosG","node":{"__id__":8},"prefab":{"__uuid__":"240sQmEklIa4mMBXRqZ5jF"}}],"_prefab":{"__type__":"cc.PrefabInfo","root":{"__id__":8},"asset":{"__uuid__":"54zFoxGCBFxaHwnNIhE22d"},"fileId":"7394bSB3GVC44g5eTsNoVO/"},"_contentSize":{"__type__":"cc.Size","width":169,"height":173},"_scale":{"__type__":"cc.Vec3","x":1,"y":1,"z":1},"_localZOrder":41}],[{"__type__":"cc.Prefab","_name":"leftSprite","data":{"__id__":1}},{"__type__":"cc.Node","_name":"leftSprite","_components":[{"__type__":"cc.Sprite","node":{"__id__":1},"_spriteFrame":{"__uuid__":"28J1mVxrtNt4x6jPwYU6v+"}},{"__type__":"41a1bujgpVH7IZ1HSDQEosG","node":{"__id__":1},"prefab":{"__uuid__":"54zFoxGCBFxaHwnNIhE22d"}}],"_prefab":{"__type__":"cc.PrefabInfo","root":{"__id__":1},"asset":{"__uuid__":"240sQmEklIa4mMBXRqZ5jF"},"fileId":"f0518waC99PsbBrVqE6nVkV"},"_contentSize":{"__type__":"cc.Size","width":169,"height":185},"_scaleX":1,"_scaleY":1,"_scale":{"__type__":"cc.Vec3","x":1,"y":1,"z":1}}],{"__type__":"cc.SpriteFrame","content":{"name":"star","texture":"b1HE18sVtOtog7FpfBOI4h","rect":[0,12,169,185],"offset":[0,-4],"originalSize":[169,201]}},{"__type__":"cc.SpriteFrame","content":{"name":"star_slot","texture":"3aRstMK5BGsYB5NGWTDB3l","rect":[0,12,169,173],"offset":[0,2],"originalSize":[169,201]}},[{"__type__":"cc.Prefab","_name":"rightSprite","data":{"__id__":1}},{"__type__":"cc.Node","_name":"rightSprite","_components":[{"__type__":"cc.Sprite","node":{"__id__":1},"_spriteFrame":{"__uuid__":"3exj970YNAN40QaJYxZAYg"}},{"__type__":"41a1bujgpVH7IZ1HSDQEosG","node":{"__id__":1},"prefab":{"__uuid__":"240sQmEklIa4mMBXRqZ5jF"}}],"_prefab":{"__type__":"cc.PrefabInfo","root":{"__id__":1},"asset":{"__uuid__":"54zFoxGCBFxaHwnNIhE22d"},"fileId":"7394bSB3GVC44g5eTsNoVO/"},"_contentSize":{"__type__":"cc.Size","width":169,"height":173},"_scaleX":1,"_scaleY":1,"_scale":{"__type__":"cc.Vec3","x":1,"y":1,"z":1}}]]