[{"__type__":"cc.SpriteFrame","content":{"name":"singleColor","texture":"1bags8Kg5BCpWrU9yaA6Ng","rect":[0,0,2,2],"offset":[0,0],"originalSize":[2,2]}},[{"__type__":"cc.SceneAsset","_name":"progressbar","scene":{"__id__":1},"asyncLoadAssets":null},{"__type__":"cc.Scene","_name":"New Node","_children":[{"__id__":2},{"__id__":25},{"__id__":32},{"__id__":27},{"__id__":29},{"__id__":31}],"_scale":{"__type__":"cc.Vec3","x":0.6520833333333333,"y":0.6520833333333333,"z":1},"_localZOrder":1134,"autoReleaseAssets":true},{"__type__":"cc.Node","_name":"Canvas","_parent":{"__id__":1},"_children":[{"__id__":3},{"__id__":4},{"__id__":5},{"__id__":8},{"__id__":11},{"__id__":14},{"__id__":17},{"__id__":21}],"_components":[{"__type__":"cc.Canvas","node":{"__id__":2}}],"_contentSize":{"__type__":"cc.Size","width":960,"height":640},"_position":{"__type__":"cc.Vec3","x":480,"y":320},"_scale":{"__type__":"cc.Vec3","x":1,"y":1,"z":1},"_localZOrder":1135,"_id":"51185zgCAdNzIBwb4D38xfC"},{"__type__":"cc.Node","_name":"Main Camera","_parent":{"__id__":2},"_level":1,"_components":[{"__type__":"cc.Camera","node":{"__id__":3},"_clearFlags":3,"_depth":-1}],"_scale":{"__type__":"cc.Vec3","x":1,"y":1,"z":1},"_localZOrder":1136},{"__type__":"cc.Node","_name":"Background","_parent":{"__id__":2},"_components":[{"__type__":"cc.Sprite","node":{"__id__":4},"_spriteFrame":{"__uuid__":"0aoLNsxKlM4qs77+3nCObU"},"_sizeMode":0},{"__type__":"cc.Widget","node":{"__id__":4},"alignMode":2,"_alignFlags":45,"_originalWidth":960,"_originalHeight":640}],"_prefab":{"__type__":"cc.PrefabInfo","root":{"__id__":4},"asset":{"__uuid__":"b8OSNRvpdPAZhePn0hGPPJ"},"fileId":"78fd70+ls5GgJcFkzvLSRk8"},"_color":{"__type__":"cc.Color","r":57,"g":61,"b":64},"_contentSize":{"__type__":"cc.Size","width":960,"height":640},"_scale":{"__type__":"cc.Vec3","x":1,"y":1,"z":1},"_localZOrder":1137},{"__type__":"cc.Node","_name":"01_horizontal_bar","_parent":{"__id__":2},"_children":[{"__id__":6}],"_components":[{"__id__":7}],"_contentSize":{"__type__":"cc.Size","width":120,"height":20},"_anchorPoint":{"__type__":"cc.Vec2","y":0.5},"_position":{"__type__":"cc.Vec3","x":-366,"y":132.2},"_scale":{"__type__":"cc.Vec3","x":1,"y":1,"z":1},"_localZOrder":1138},{"__type__":"cc.Node","_name":"label","_parent":{"__id__":5},"_components":[{"__type__":"e4f88adp3hERoJ48DZ2PSAl","node":{"__id__":6},"_useOriginalSize":false,"_string":"水平进度条，进度 0.3","_N$string":"水平进度条，进度 0.3","_fontSize":20,"_enableWrapText":false,"_N$verticalAlign":1,"_N$textKey":"cases/02_ui/04_progressbar/progressbar.fire.7"}],"_contentSize":{"__type__":"cc.Size","width":193.36,"height":40},"_anchorPoint":{"__type__":"cc.Vec2","y":0.5},"_position":{"__type__":"cc.Vec3","x":4,"y":34},"_scale":{"__type__":"cc.Vec3","x":1,"y":1,"z":1},"_localZOrder":1139},{"__type__":"cc.Sprite","node":{"__id__":5},"_spriteFrame":{"__uuid__":"c0GPA1PjJA7bli4XEgVjPQ"},"_type":1,"_sizeMode":0},{"__type__":"cc.Node","_name":"02_horizontal_bar_reverse","_parent":{"__id__":2},"_children":[{"__id__":9}],"_components":[{"__id__":10}],"_contentSize":{"__type__":"cc.Size","width":400,"height":20},"_anchorPoint":{"__type__":"cc.Vec2","x":1,"y":0.5},"_position":{"__type__":"cc.Vec3","x":37,"y":38.80000000000001},"_scale":{"__type__":"cc.Vec3","x":1,"y":1,"z":1},"_localZOrder":1140},{"__type__":"cc.Node","_name":"label","_parent":{"__id__":8},"_components":[{"__type__":"e4f88adp3hERoJ48DZ2PSAl","node":{"__id__":9},"_useOriginalSize":false,"_string":"反向水平进度条，进度 1.0","_N$string":"反向水平进度条，进度 1.0","_fontSize":20,"_enableWrapText":false,"_N$horizontalAlign":2,"_N$verticalAlign":1,"_N$textKey":"cases/02_ui/04_progressbar/progressbar.fire.11"}],"_contentSize":{"__type__":"cc.Size","width":233.36,"height":40},"_anchorPoint":{"__type__":"cc.Vec2","x":1,"y":0.5},"_position":{"__type__":"cc.Vec3","x":-1,"y":30},"_scale":{"__type__":"cc.Vec3","x":1,"y":1,"z":1},"_localZOrder":1141},{"__type__":"cc.Sprite","node":{"__id__":8},"_spriteFrame":{"__uuid__":"c0GPA1PjJA7bli4XEgVjPQ"},"_type":1,"_sizeMode":0},{"__type__":"cc.Node","_name":"03_vertical_bar","_parent":{"__id__":2},"_children":[{"__id__":12}],"_components":[{"__id__":13}],"_contentSize":{"__type__":"cc.Size","width":15,"height":300},"_anchorPoint":{"__type__":"cc.Vec2","x":0.5},"_position":{"__type__":"cc.Vec3","x":145,"y":-179},"_scale":{"__type__":"cc.Vec3","x":1,"y":1,"z":1},"_localZOrder":1142},{"__type__":"cc.Node","_name":"label","_parent":{"__id__":11},"_components":[{"__type__":"e4f88adp3hERoJ48DZ2PSAl","node":{"__id__":12},"_useOriginalSize":false,"_string":"垂直进度条 \n从下向上","_N$string":"垂直进度条 \n从下向上","_fontSize":20,"_N$verticalAlign":1,"_N$textKey":"cases/02_ui/04_progressbar/progressbar.fire.15"}],"_contentSize":{"__type__":"cc.Size","width":105.56,"height":80},"_position":{"__type__":"cc.Vec3","x":1,"y":-46},"_scale":{"__type__":"cc.Vec3","x":1,"y":1,"z":1},"_localZOrder":1143},{"__type__":"cc.Sprite","node":{"__id__":11},"_spriteFrame":{"__uuid__":"c0GPA1PjJA7bli4XEgVjPQ"},"_type":1,"_sizeMode":0},{"__type__":"cc.Node","_name":"04_vertical_bar","_parent":{"__id__":2},"_children":[{"__id__":15}],"_components":[{"__id__":16}],"_contentSize":{"__type__":"cc.Size","width":15,"height":300},"_anchorPoint":{"__type__":"cc.Vec2","x":0.5,"y":1},"_position":{"__type__":"cc.Vec3","x":338,"y":118},"_scale":{"__type__":"cc.Vec3","x":1,"y":1,"z":1},"_localZOrder":1144},{"__type__":"cc.Node","_name":"label","_parent":{"__id__":14},"_components":[{"__type__":"e4f88adp3hERoJ48DZ2PSAl","node":{"__id__":15},"_useOriginalSize":false,"_string":"垂直进度条 \n从上向下","_N$string":"垂直进度条 \n从上向下","_fontSize":20,"_N$verticalAlign":1,"_N$textKey":"cases/02_ui/04_progressbar/progressbar.fire.19"}],"_contentSize":{"__type__":"cc.Size","width":105.56,"height":80},"_anchorPoint":{"__type__":"cc.Vec2","y":0.5},"_position":{"__type__":"cc.Vec3","x":-48,"y":36},"_scale":{"__type__":"cc.Vec3","x":1,"y":1,"z":1},"_localZOrder":1145},{"__type__":"cc.Sprite","node":{"__id__":14},"_spriteFrame":{"__uuid__":"c0GPA1PjJA7bli4XEgVjPQ"},"_type":1,"_sizeMode":0},{"__type__":"cc.Node","_name":"05_self_barSprite_horizontal","_parent":{"__id__":2},"_children":[{"__id__":18}],"_components":[{"__id__":19},{"__id__":20}],"_contentSize":{"__type__":"cc.Size","width":80,"height":80},"_anchorPoint":{"__type__":"cc.Vec2","y":0.5},"_position":{"__type__":"cc.Vec3","x":-239,"y":-123.9},"_scale":{"__type__":"cc.Vec3","x":1,"y":1,"z":1},"_localZOrder":1146},{"__type__":"cc.Node","_name":"label","_parent":{"__id__":17},"_components":[{"__type__":"e4f88adp3hERoJ48DZ2PSAl","node":{"__id__":18},"_useOriginalSize":false,"_string":"设置了精灵的进度条","_N$string":"设置了精灵的进度条","_fontSize":21,"_N$verticalAlign":1,"_N$textKey":"cases/02_ui/04_progressbar/progressbar.fire.23"}],"_contentSize":{"__type__":"cc.Size","width":189,"height":40},"_position":{"__type__":"cc.Vec3","x":39,"y":73},"_scale":{"__type__":"cc.Vec3","x":1,"y":1,"z":1},"_localZOrder":1147},{"__type__":"cc.Sprite","node":{"__id__":17},"_spriteFrame":{"__uuid__":"a7F3ZqgbtMZ7QXau4AW1JU"},"_type":3,"_sizeMode":0,"_fillType":2,"_fillCenter":{"__type__":"cc.Vec2","x":0.5,"y":0.5},"_fillStart":0.5,"_fillRange":1},{"__type__":"cc.ProgressBar","node":{"__id__":17},"_N$barSprite":{"__id__":19},"_N$mode":2},{"__type__":"cc.Node","_name":"06_barSprite-as-child","_parent":{"__id__":2},"_children":[{"__id__":22},{"__id__":23}],"_components":[{"__type__":"cc.ProgressBar","node":{"__id__":21},"_N$totalLength":400,"_N$barSprite":{"__id__":24}}],"_contentSize":{"__type__":"cc.Size","width":400,"height":20},"_anchorPoint":{"__type__":"cc.Vec2","y":0.5},"_position":{"__type__":"cc.Vec3","x":-366,"y":-257},"_scale":{"__type__":"cc.Vec3","x":1,"y":1,"z":1},"_localZOrder":1148},{"__type__":"cc.Node","_name":"label","_parent":{"__id__":21},"_components":[{"__type__":"e4f88adp3hERoJ48DZ2PSAl","node":{"__id__":22},"_useOriginalSize":false,"_string":"设置了精灵（子控件）的进度条","_N$string":"设置了精灵（子控件）的进度条","_fontSize":20,"_enableWrapText":false,"_N$verticalAlign":1,"_N$textKey":"cases/02_ui/04_progressbar/progressbar.fire.28"}],"_contentSize":{"__type__":"cc.Size","width":280,"height":40},"_anchorPoint":{"__type__":"cc.Vec2","y":0.5},"_position":{"__type__":"cc.Vec3","x":3,"y":28},"_scale":{"__type__":"cc.Vec3","x":1,"y":1,"z":1},"_localZOrder":1149},{"__type__":"cc.Node","_name":"barSprite","_parent":{"__id__":21},"_components":[{"__id__":24}],"_contentSize":{"__type__":"cc.Size","width":400,"height":20},"_anchorPoint":{"__type__":"cc.Vec2","y":0.5},"_scale":{"__type__":"cc.Vec3","x":1,"y":1,"z":1},"_localZOrder":1150},{"__type__":"cc.Sprite","node":{"__id__":23},"_spriteFrame":{"__uuid__":"c0GPA1PjJA7bli4XEgVjPQ"},"_type":1,"_sizeMode":0},{"__type__":"cc.Node","_name":"ProgressBarCtrl","_parent":{"__id__":1},"_components":[{"__type__":"84a43yb9OxBX6HMQxPzHQyz","node":{"__id__":25},"speed":0.1,"horizontalBar":{"__id__":20},"horizontalBarReverse":{"__id__":26},"verticalBar":{"__id__":28},"verticalBarReverse":{"__id__":30}}],"_position":{"__type__":"cc.Vec3","x":480,"y":320},"_scale":{"__type__":"cc.Vec3","x":1,"y":1,"z":1},"_localZOrder":1151,"_id":"66282mh8F5OsroHOiBYzBDm"},{"__type__":"cc.ProgressBar","node":{"__id__":27},"_N$totalLength":400,"_N$barSprite":{"__id__":10},"_N$reverse":true},{"__type__":"cc.Node","_name":"02_horizontal_reverse","_parent":{"__id__":1},"_components":[{"__id__":26}],"_scale":{"__type__":"cc.Vec3","x":1,"y":1,"z":1},"_localZOrder":1153,"_id":"eba20uYMn1CXKnV0EWw3vL4"},{"__type__":"cc.ProgressBar","node":{"__id__":29},"_N$totalLength":300,"_N$barSprite":{"__id__":13},"_N$mode":1},{"__type__":"cc.Node","_name":"03_vertical_non_reverse","_parent":{"__id__":1},"_components":[{"__id__":28}],"_scale":{"__type__":"cc.Vec3","x":1,"y":1,"z":1},"_localZOrder":1154,"_id":"7ab6915Q9pKUaqcweaZQlwD"},{"__type__":"cc.ProgressBar","node":{"__id__":31},"_N$totalLength":300,"_N$barSprite":{"__id__":16},"_N$mode":1,"_N$reverse":true},{"__type__":"cc.Node","_name":"04_vertical_reverse","_parent":{"__id__":1},"_components":[{"__id__":30}],"_scale":{"__type__":"cc.Vec3","x":1,"y":1,"z":1},"_localZOrder":1155,"_id":"f3c1apjjLJIipRoO52so2nX"},{"__type__":"cc.Node","_name":"01_horizontal_non_reverse","_parent":{"__id__":1},"_components":[{"__type__":"cc.ProgressBar","node":{"__id__":32},"_N$totalLength":400,"_N$barSprite":{"__id__":7},"_N$progress":0.3}],"_scale":{"__type__":"cc.Vec3","x":1,"y":1,"z":1},"_localZOrder":1152,"_id":"a9af8mTAZxIGIDvh36Ak9NO"}],{"__type__":"cc.SpriteFrame","content":{"name":"gold","texture":"99zidzwohNZ5hoJ7uNXp6p","rect":[0,0,80,80],"offset":[0,0],"originalSize":[80,80]}},{"__type__":"cc.SpriteFrame","content":{"name":"bg","texture":"5cSEe6cUVByreKJqRNvahb","rect":[0,0,14,14],"offset":[0,0],"originalSize":[14,14],"capInsets":[5,5,5,5]}}]