[{"__type__":"cc.SpriteFrame","content":{"name":"singleColor","texture":"1bags8Kg5BCpWrU9yaA6Ng","rect":[0,0,2,2],"offset":[0,0],"originalSize":[2,2]}},[{"__type__":"cc.SceneAsset","_name":"Layout_None_Grid","scene":{"__id__":1},"asyncLoadAssets":null},{"__type__":"cc.Scene","_name":"New Node","_children":[{"__id__":2}],"_anchorPoint":{"__type__":"cc.Vec2"},"_scale":{"__type__":"cc.Vec3","x":0.6520833333333333,"y":0.6520833333333333,"z":1},"_localZOrder":1567,"autoReleaseAssets":true},{"__type__":"cc.Node","_name":"Canvas","_parent":{"__id__":1},"_children":[{"__id__":3},{"__id__":4},{"__id__":5},{"__id__":38}],"_components":[{"__type__":"cc.Canvas","node":{"__id__":2}}],"_contentSize":{"__type__":"cc.Size","width":960,"height":640},"_position":{"__type__":"cc.Vec3","x":480,"y":320},"_scale":{"__type__":"cc.Vec3","x":1,"y":1,"z":1},"_localZOrder":1568,"_id":"2b4b0ThdStC8KTNA1SHlmwt"},{"__type__":"cc.Node","_name":"Main Camera","_parent":{"__id__":2},"_level":1,"_components":[{"__type__":"cc.Camera","node":{"__id__":3},"_clearFlags":3,"_depth":-1}],"_scale":{"__type__":"cc.Vec3","x":1,"y":1,"z":1},"_localZOrder":1569},{"__type__":"cc.Node","_name":"Background","_parent":{"__id__":2},"_components":[{"__type__":"cc.Sprite","node":{"__id__":4},"_spriteFrame":{"__uuid__":"0aoLNsxKlM4qs77+3nCObU"},"_sizeMode":0},{"__type__":"cc.Widget","node":{"__id__":4},"alignMode":2,"_alignFlags":45,"_originalWidth":960,"_originalHeight":640}],"_prefab":{"__type__":"cc.PrefabInfo","root":{"__id__":4},"asset":{"__uuid__":"b8OSNRvpdPAZhePn0hGPPJ"},"fileId":"78fd70+ls5GgJcFkzvLSRk8"},"_color":{"__type__":"cc.Color","r":57,"g":61,"b":64},"_contentSize":{"__type__":"cc.Size","width":960,"height":640},"_scale":{"__type__":"cc.Vec3","x":1,"y":1,"z":1},"_localZOrder":1570},{"__type__":"cc.Node","_name":"Horizontal","_parent":{"__id__":2},"_children":[{"__id__":6},{"__id__":37}],"_position":{"__type__":"cc.Vec3","x":-216},"_scale":{"__type__":"cc.Vec3","x":1,"y":1,"z":1},"_localZOrder":1571},{"__type__":"cc.Node","_name":"03_Grid_Layout_Axis_Horizontal_None","_parent":{"__id__":5},"_children":[{"__id__":7},{"__id__":9},{"__id__":11},{"__id__":13},{"__id__":15},{"__id__":17},{"__id__":19},{"__id__":21},{"__id__":23},{"__id__":25},{"__id__":27},{"__id__":29},{"__id__":31},{"__id__":33},{"__id__":35}],"_components":[{"__type__":"cc.Sprite","node":{"__id__":6},"_spriteFrame":{"__uuid__":"7ewuO0jsFIiKv5sYyeKk6T"},"_type":1,"_sizeMode":0},{"__type__":"cc.Layout","node":{"__id__":6},"_layoutSize":{"__type__":"cc.Size","width":343.5,"height":192},"_N$layoutType":3,"_N$cellSize":{"__type__":"cc.Size"},"_N$paddingLeft":15,"_N$paddingRight":15,"_N$paddingTop":15,"_N$paddingBottom":15,"_N$spacingX":15,"_N$spacingY":5},{"__type__":"cc.Widget","node":{"__id__":6},"alignMode":0,"_alignFlags":32,"_right":-171.75}],"_color":{"__type__":"cc.Color","r":167,"g":167,"b":167},"_contentSize":{"__type__":"cc.Size","width":343.5,"height":192},"_scale":{"__type__":"cc.Vec3","x":1,"y":1,"z":1},"_localZOrder":1572},{"__type__":"cc.Node","_name":"item0","_parent":{"__id__":6},"_children":[{"__id__":8}],"_components":[{"__type__":"cc.Sprite","node":{"__id__":7},"_spriteFrame":{"__uuid__":"c0GPA1PjJA7bli4XEgVjPQ"},"_type":1,"_sizeMode":0}],"_contentSize":{"__type__":"cc.Size","width":50,"height":50},"_position":{"__type__":"cc.Vec3","x":-131.75,"y":56},"_scale":{"__type__":"cc.Vec3","x":1,"y":1,"z":1},"_localZOrder":1573},{"__type__":"cc.Node","_name":"New Label","_parent":{"__id__":7},"_components":[{"__type__":"cc.Label","node":{"__id__":8},"_useOriginalSize":false,"_string":"0","_N$string":"0","_N$file":{"__uuid__":"e9DdfGzRhMeq6D3O+bChta"},"_isSystemFontUsed":false,"_N$horizontalAlign":1,"_N$verticalAlign":1}],"_color":{"__type__":"cc.Color","r":253,"g":244,"b":244},"_contentSize":{"__type__":"cc.Size","width":33.33,"height":44.44},"_scale":{"__type__":"cc.Vec3","x":1,"y":1,"z":1},"_localZOrder":1574},{"__type__":"cc.Node","_name":"item1","_parent":{"__id__":6},"_children":[{"__id__":10}],"_components":[{"__type__":"cc.Sprite","node":{"__id__":9},"_spriteFrame":{"__uuid__":"c0GPA1PjJA7bli4XEgVjPQ"},"_type":1,"_sizeMode":0}],"_contentSize":{"__type__":"cc.Size","width":50,"height":50},"_position":{"__type__":"cc.Vec3","x":-66.75,"y":56},"_scale":{"__type__":"cc.Vec3","x":1,"y":1,"z":1},"_localZOrder":1575},{"__type__":"cc.Node","_name":"New Label","_parent":{"__id__":9},"_components":[{"__type__":"cc.Label","node":{"__id__":10},"_useOriginalSize":false,"_string":"1","_N$string":"1","_N$file":{"__uuid__":"e9DdfGzRhMeq6D3O+bChta"},"_isSystemFontUsed":false,"_N$horizontalAlign":1,"_N$verticalAlign":1}],"_color":{"__type__":"cc.Color","r":253,"g":244,"b":244},"_contentSize":{"__type__":"cc.Size","width":24.44,"height":44.44},"_scale":{"__type__":"cc.Vec3","x":1,"y":1,"z":1},"_localZOrder":1576},{"__type__":"cc.Node","_name":"item2","_parent":{"__id__":6},"_children":[{"__id__":12}],"_components":[{"__type__":"cc.Sprite","node":{"__id__":11},"_spriteFrame":{"__uuid__":"c0GPA1PjJA7bli4XEgVjPQ"},"_type":1,"_sizeMode":0}],"_contentSize":{"__type__":"cc.Size","width":50,"height":50},"_position":{"__type__":"cc.Vec3","x":-1.75,"y":56},"_scale":{"__type__":"cc.Vec3","x":1,"y":1,"z":1},"_localZOrder":1577},{"__type__":"cc.Node","_name":"New Label","_parent":{"__id__":11},"_components":[{"__type__":"cc.Label","node":{"__id__":12},"_useOriginalSize":false,"_string":"2","_N$string":"2","_N$file":{"__uuid__":"e9DdfGzRhMeq6D3O+bChta"},"_isSystemFontUsed":false,"_N$horizontalAlign":1,"_N$verticalAlign":1}],"_color":{"__type__":"cc.Color","r":253,"g":244,"b":244},"_contentSize":{"__type__":"cc.Size","width":30,"height":44.44},"_scale":{"__type__":"cc.Vec3","x":1,"y":1,"z":1},"_localZOrder":1578},{"__type__":"cc.Node","_name":"item3","_parent":{"__id__":6},"_children":[{"__id__":14}],"_components":[{"__type__":"cc.Sprite","node":{"__id__":13},"_spriteFrame":{"__uuid__":"c0GPA1PjJA7bli4XEgVjPQ"},"_type":1,"_sizeMode":0}],"_contentSize":{"__type__":"cc.Size","width":50,"height":50},"_position":{"__type__":"cc.Vec3","x":63.25,"y":56},"_scale":{"__type__":"cc.Vec3","x":1,"y":1,"z":1},"_localZOrder":1579},{"__type__":"cc.Node","_name":"New Label","_parent":{"__id__":13},"_components":[{"__type__":"cc.Label","node":{"__id__":14},"_useOriginalSize":false,"_string":"3","_N$string":"3","_N$file":{"__uuid__":"e9DdfGzRhMeq6D3O+bChta"},"_isSystemFontUsed":false,"_N$horizontalAlign":1,"_N$verticalAlign":1}],"_color":{"__type__":"cc.Color","r":253,"g":244,"b":244},"_contentSize":{"__type__":"cc.Size","width":31.11,"height":44.44},"_scale":{"__type__":"cc.Vec3","x":1,"y":1,"z":1},"_localZOrder":1580},{"__type__":"cc.Node","_name":"item4","_parent":{"__id__":6},"_children":[{"__id__":16}],"_components":[{"__type__":"cc.Sprite","node":{"__id__":15},"_spriteFrame":{"__uuid__":"c0GPA1PjJA7bli4XEgVjPQ"},"_type":1,"_sizeMode":0}],"_contentSize":{"__type__":"cc.Size","width":50,"height":50},"_position":{"__type__":"cc.Vec3","x":128.25,"y":56},"_scale":{"__type__":"cc.Vec3","x":1,"y":1,"z":1},"_localZOrder":1581},{"__type__":"cc.Node","_name":"New Label","_parent":{"__id__":15},"_components":[{"__type__":"cc.Label","node":{"__id__":16},"_useOriginalSize":false,"_string":"4","_N$string":"4","_N$file":{"__uuid__":"e9DdfGzRhMeq6D3O+bChta"},"_isSystemFontUsed":false,"_N$horizontalAlign":1,"_N$verticalAlign":1}],"_color":{"__type__":"cc.Color","r":253,"g":244,"b":244},"_contentSize":{"__type__":"cc.Size","width":33.33,"height":44.44},"_scale":{"__type__":"cc.Vec3","x":1,"y":1,"z":1},"_localZOrder":1582},{"__type__":"cc.Node","_name":"item5","_parent":{"__id__":6},"_children":[{"__id__":18}],"_components":[{"__type__":"cc.Sprite","node":{"__id__":17},"_spriteFrame":{"__uuid__":"c0GPA1PjJA7bli4XEgVjPQ"},"_type":1,"_sizeMode":0}],"_contentSize":{"__type__":"cc.Size","width":50,"height":50},"_position":{"__type__":"cc.Vec3","x":-131.75,"y":1},"_scale":{"__type__":"cc.Vec3","x":1,"y":1,"z":1},"_localZOrder":1583},{"__type__":"cc.Node","_name":"New Label","_parent":{"__id__":17},"_components":[{"__type__":"cc.Label","node":{"__id__":18},"_useOriginalSize":false,"_string":"5","_N$string":"5","_N$file":{"__uuid__":"e9DdfGzRhMeq6D3O+bChta"},"_isSystemFontUsed":false,"_N$horizontalAlign":1,"_N$verticalAlign":1}],"_color":{"__type__":"cc.Color","r":253,"g":244,"b":244},"_contentSize":{"__type__":"cc.Size","width":31.11,"height":44.44},"_scale":{"__type__":"cc.Vec3","x":1,"y":1,"z":1},"_localZOrder":1584},{"__type__":"cc.Node","_name":"item6","_parent":{"__id__":6},"_children":[{"__id__":20}],"_components":[{"__type__":"cc.Sprite","node":{"__id__":19},"_spriteFrame":{"__uuid__":"c0GPA1PjJA7bli4XEgVjPQ"},"_type":1,"_sizeMode":0}],"_contentSize":{"__type__":"cc.Size","width":50,"height":50},"_position":{"__type__":"cc.Vec3","x":-66.75,"y":1},"_scale":{"__type__":"cc.Vec3","x":1,"y":1,"z":1},"_localZOrder":1585},{"__type__":"cc.Node","_name":"New Label","_parent":{"__id__":19},"_components":[{"__type__":"cc.Label","node":{"__id__":20},"_useOriginalSize":false,"_string":"6","_N$string":"6","_N$file":{"__uuid__":"e9DdfGzRhMeq6D3O+bChta"},"_isSystemFontUsed":false,"_N$horizontalAlign":1,"_N$verticalAlign":1}],"_color":{"__type__":"cc.Color","r":253,"g":244,"b":244},"_contentSize":{"__type__":"cc.Size","width":32.22,"height":44.44},"_scale":{"__type__":"cc.Vec3","x":1,"y":1,"z":1},"_localZOrder":1586},{"__type__":"cc.Node","_name":"item7","_parent":{"__id__":6},"_children":[{"__id__":22}],"_components":[{"__type__":"cc.Sprite","node":{"__id__":21},"_spriteFrame":{"__uuid__":"c0GPA1PjJA7bli4XEgVjPQ"},"_type":1,"_sizeMode":0}],"_contentSize":{"__type__":"cc.Size","width":50,"height":50},"_position":{"__type__":"cc.Vec3","x":-1.75,"y":1},"_scale":{"__type__":"cc.Vec3","x":1,"y":1,"z":1},"_localZOrder":1587},{"__type__":"cc.Node","_name":"New Label","_parent":{"__id__":21},"_components":[{"__type__":"cc.Label","node":{"__id__":22},"_useOriginalSize":false,"_string":"7","_N$string":"7","_N$file":{"__uuid__":"e9DdfGzRhMeq6D3O+bChta"},"_isSystemFontUsed":false,"_N$horizontalAlign":1,"_N$verticalAlign":1}],"_color":{"__type__":"cc.Color","r":253,"g":244,"b":244},"_contentSize":{"__type__":"cc.Size","width":30,"height":44.44},"_scale":{"__type__":"cc.Vec3","x":1,"y":1,"z":1},"_localZOrder":1588},{"__type__":"cc.Node","_name":"item8","_parent":{"__id__":6},"_children":[{"__id__":24}],"_components":[{"__type__":"cc.Sprite","node":{"__id__":23},"_spriteFrame":{"__uuid__":"c0GPA1PjJA7bli4XEgVjPQ"},"_type":1,"_sizeMode":0}],"_contentSize":{"__type__":"cc.Size","width":50,"height":50},"_position":{"__type__":"cc.Vec3","x":63.25,"y":1},"_scale":{"__type__":"cc.Vec3","x":1,"y":1,"z":1},"_localZOrder":1589},{"__type__":"cc.Node","_name":"New Label","_parent":{"__id__":23},"_components":[{"__type__":"cc.Label","node":{"__id__":24},"_useOriginalSize":false,"_string":"8","_N$string":"8","_N$file":{"__uuid__":"e9DdfGzRhMeq6D3O+bChta"},"_isSystemFontUsed":false,"_N$horizontalAlign":1,"_N$verticalAlign":1}],"_color":{"__type__":"cc.Color","r":253,"g":244,"b":244},"_contentSize":{"__type__":"cc.Size","width":32.22,"height":44.44},"_scale":{"__type__":"cc.Vec3","x":1,"y":1,"z":1},"_localZOrder":1590},{"__type__":"cc.Node","_name":"item9","_parent":{"__id__":6},"_children":[{"__id__":26}],"_components":[{"__type__":"cc.Sprite","node":{"__id__":25},"_spriteFrame":{"__uuid__":"c0GPA1PjJA7bli4XEgVjPQ"},"_type":1,"_sizeMode":0}],"_contentSize":{"__type__":"cc.Size","width":50,"height":50},"_position":{"__type__":"cc.Vec3","x":128.25,"y":1},"_scale":{"__type__":"cc.Vec3","x":1,"y":1,"z":1},"_localZOrder":1591},{"__type__":"cc.Node","_name":"New Label","_parent":{"__id__":25},"_components":[{"__type__":"cc.Label","node":{"__id__":26},"_useOriginalSize":false,"_string":"9","_N$string":"9","_N$file":{"__uuid__":"e9DdfGzRhMeq6D3O+bChta"},"_isSystemFontUsed":false,"_N$horizontalAlign":1,"_N$verticalAlign":1}],"_color":{"__type__":"cc.Color","r":253,"g":244,"b":244},"_contentSize":{"__type__":"cc.Size","width":32.22,"height":44.44},"_scale":{"__type__":"cc.Vec3","x":1,"y":1,"z":1},"_localZOrder":1592},{"__type__":"cc.Node","_name":"item10","_parent":{"__id__":6},"_children":[{"__id__":28}],"_components":[{"__type__":"cc.Sprite","node":{"__id__":27},"_spriteFrame":{"__uuid__":"c0GPA1PjJA7bli4XEgVjPQ"},"_type":1,"_sizeMode":0}],"_contentSize":{"__type__":"cc.Size","width":50,"height":50},"_position":{"__type__":"cc.Vec3","x":-131.75,"y":-54},"_scale":{"__type__":"cc.Vec3","x":1,"y":1,"z":1},"_localZOrder":1593},{"__type__":"cc.Node","_name":"New Label","_parent":{"__id__":27},"_components":[{"__type__":"cc.Label","node":{"__id__":28},"_useOriginalSize":false,"_string":"10","_N$string":"10","_N$file":{"__uuid__":"e9DdfGzRhMeq6D3O+bChta"},"_isSystemFontUsed":false,"_N$horizontalAlign":1,"_N$verticalAlign":1}],"_color":{"__type__":"cc.Color","r":253,"g":244,"b":244},"_contentSize":{"__type__":"cc.Size","width":50,"height":44.44},"_scale":{"__type__":"cc.Vec3","x":1,"y":1,"z":1},"_localZOrder":1594},{"__type__":"cc.Node","_name":"item11","_parent":{"__id__":6},"_children":[{"__id__":30}],"_components":[{"__type__":"cc.Sprite","node":{"__id__":29},"_spriteFrame":{"__uuid__":"c0GPA1PjJA7bli4XEgVjPQ"},"_type":1,"_sizeMode":0}],"_contentSize":{"__type__":"cc.Size","width":50,"height":50},"_position":{"__type__":"cc.Vec3","x":-66.75,"y":-54},"_scale":{"__type__":"cc.Vec3","x":1,"y":1,"z":1},"_localZOrder":1595},{"__type__":"cc.Node","_name":"New Label","_parent":{"__id__":29},"_components":[{"__type__":"cc.Label","node":{"__id__":30},"_useOriginalSize":false,"_string":"11","_N$string":"11","_N$file":{"__uuid__":"e9DdfGzRhMeq6D3O+bChta"},"_isSystemFontUsed":false,"_N$horizontalAlign":1,"_N$verticalAlign":1}],"_color":{"__type__":"cc.Color","r":253,"g":244,"b":244},"_contentSize":{"__type__":"cc.Size","width":41.11,"height":44.44},"_scale":{"__type__":"cc.Vec3","x":1,"y":1,"z":1},"_localZOrder":1596},{"__type__":"cc.Node","_name":"item12","_parent":{"__id__":6},"_children":[{"__id__":32}],"_components":[{"__type__":"cc.Sprite","node":{"__id__":31},"_spriteFrame":{"__uuid__":"c0GPA1PjJA7bli4XEgVjPQ"},"_type":1,"_sizeMode":0}],"_contentSize":{"__type__":"cc.Size","width":50,"height":50},"_position":{"__type__":"cc.Vec3","x":-1.75,"y":-54},"_scale":{"__type__":"cc.Vec3","x":1,"y":1,"z":1},"_localZOrder":1597},{"__type__":"cc.Node","_name":"New Label","_parent":{"__id__":31},"_components":[{"__type__":"cc.Label","node":{"__id__":32},"_useOriginalSize":false,"_string":"12","_N$string":"12","_N$file":{"__uuid__":"e9DdfGzRhMeq6D3O+bChta"},"_isSystemFontUsed":false,"_N$horizontalAlign":1,"_N$verticalAlign":1}],"_color":{"__type__":"cc.Color","r":253,"g":244,"b":244},"_contentSize":{"__type__":"cc.Size","width":46.67,"height":44.44},"_scale":{"__type__":"cc.Vec3","x":1,"y":1,"z":1},"_localZOrder":1598},{"__type__":"cc.Node","_name":"item13","_parent":{"__id__":6},"_children":[{"__id__":34}],"_components":[{"__type__":"cc.Sprite","node":{"__id__":33},"_spriteFrame":{"__uuid__":"c0GPA1PjJA7bli4XEgVjPQ"},"_type":1,"_sizeMode":0}],"_contentSize":{"__type__":"cc.Size","width":50,"height":50},"_position":{"__type__":"cc.Vec3","x":63.25,"y":-54},"_scale":{"__type__":"cc.Vec3","x":1,"y":1,"z":1},"_localZOrder":1599},{"__type__":"cc.Node","_name":"New Label","_parent":{"__id__":33},"_components":[{"__type__":"cc.Label","node":{"__id__":34},"_useOriginalSize":false,"_string":"13","_N$string":"13","_N$file":{"__uuid__":"e9DdfGzRhMeq6D3O+bChta"},"_isSystemFontUsed":false,"_N$horizontalAlign":1,"_N$verticalAlign":1}],"_color":{"__type__":"cc.Color","r":253,"g":244,"b":244},"_contentSize":{"__type__":"cc.Size","width":47.78,"height":44.44},"_scale":{"__type__":"cc.Vec3","x":1,"y":1,"z":1},"_localZOrder":1600},{"__type__":"cc.Node","_name":"item14","_parent":{"__id__":6},"_children":[{"__id__":36}],"_components":[{"__type__":"cc.Sprite","node":{"__id__":35},"_spriteFrame":{"__uuid__":"c0GPA1PjJA7bli4XEgVjPQ"},"_type":1,"_sizeMode":0}],"_contentSize":{"__type__":"cc.Size","width":50,"height":50},"_position":{"__type__":"cc.Vec3","x":128.25,"y":-54},"_scale":{"__type__":"cc.Vec3","x":1,"y":1,"z":1},"_localZOrder":1601},{"__type__":"cc.Node","_name":"New Label","_parent":{"__id__":35},"_components":[{"__type__":"cc.Label","node":{"__id__":36},"_useOriginalSize":false,"_string":"14","_N$string":"14","_N$file":{"__uuid__":"e9DdfGzRhMeq6D3O+bChta"},"_isSystemFontUsed":false,"_N$horizontalAlign":1,"_N$verticalAlign":1}],"_color":{"__type__":"cc.Color","r":253,"g":244,"b":244},"_contentSize":{"__type__":"cc.Size","width":50,"height":44.44},"_scale":{"__type__":"cc.Vec3","x":1,"y":1,"z":1},"_localZOrder":1602},{"__type__":"cc.Node","_name":"03_Title","_parent":{"__id__":5},"_components":[{"__type__":"e4f88adp3hERoJ48DZ2PSAl","node":{"__id__":37},"_useOriginalSize":false,"_string":"横向网格布局容器，类型: None\n不自动调整大小","_N$string":"横向网格布局容器，类型: None\n不自动调整大小","_fontSize":25,"_N$horizontalAlign":1,"_N$verticalAlign":1,"_N$textKey":"cases/02_ui/06_layout/LayoutNone.fire.77"},{"__type__":"cc.Widget","node":{"__id__":37},"alignMode":0,"_alignFlags":32,"_right":-172.255}],"_contentSize":{"__type__":"cc.Size","width":348.66,"height":80},"_position":{"__type__":"cc.Vec3","x":-2.075000000000017,"y":-185},"_scale":{"__type__":"cc.Vec3","x":1,"y":1,"z":1},"_localZOrder":1603},{"__type__":"cc.Node","_name":"Vertical","_parent":{"__id__":2},"_children":[{"__id__":39},{"__id__":58}],"_position":{"__type__":"cc.Vec3","x":205},"_scale":{"__type__":"cc.Vec3","x":1,"y":1,"z":1},"_localZOrder":1604},{"__type__":"cc.Node","_name":"04_Grid_Layout_Axis_Vertical_None","_parent":{"__id__":38},"_children":[{"__id__":40},{"__id__":42},{"__id__":44},{"__id__":46},{"__id__":48},{"__id__":50},{"__id__":52},{"__id__":54},{"__id__":56}],"_components":[{"__type__":"cc.Sprite","node":{"__id__":39},"_spriteFrame":{"__uuid__":"7ewuO0jsFIiKv5sYyeKk6T"},"_type":1,"_sizeMode":0},{"__type__":"cc.Layout","node":{"__id__":39},"_layoutSize":{"__type__":"cc.Size","width":255,"height":250},"_N$layoutType":3,"_N$cellSize":{"__type__":"cc.Size"},"_N$startAxis":1,"_N$paddingLeft":25,"_N$paddingRight":25,"_N$paddingTop":25,"_N$paddingBottom":25,"_N$spacingX":27,"_N$spacingY":25,"_N$horizontalDirection":1},{"__type__":"cc.Widget","node":{"__id__":39},"alignMode":0,"_alignFlags":32,"_right":-127.5,"_bottom":6}],"_color":{"__type__":"cc.Color","r":167,"g":167,"b":167},"_contentSize":{"__type__":"cc.Size","width":255,"height":250},"_scale":{"__type__":"cc.Vec3","x":1,"y":1,"z":1},"_localZOrder":1605},{"__type__":"cc.Node","_name":"item0","_parent":{"__id__":39},"_children":[{"__id__":41}],"_components":[{"__type__":"cc.Sprite","node":{"__id__":40},"_spriteFrame":{"__uuid__":"c0GPA1PjJA7bli4XEgVjPQ"},"_type":1,"_sizeMode":0}],"_contentSize":{"__type__":"cc.Size","width":50,"height":50},"_position":{"__type__":"cc.Vec3","x":77.5,"y":75},"_scale":{"__type__":"cc.Vec3","x":1,"y":1,"z":1},"_localZOrder":1606},{"__type__":"cc.Node","_name":"New Label","_parent":{"__id__":40},"_components":[{"__type__":"cc.Label","node":{"__id__":41},"_useOriginalSize":false,"_string":"0","_N$string":"0","_N$file":{"__uuid__":"e9DdfGzRhMeq6D3O+bChta"},"_isSystemFontUsed":false,"_N$horizontalAlign":1,"_N$verticalAlign":1}],"_color":{"__type__":"cc.Color","r":253,"g":244,"b":244},"_contentSize":{"__type__":"cc.Size","width":33.33,"height":44.44},"_scale":{"__type__":"cc.Vec3","x":1,"y":1,"z":1},"_localZOrder":1607},{"__type__":"cc.Node","_name":"item1","_parent":{"__id__":39},"_children":[{"__id__":43}],"_components":[{"__type__":"cc.Sprite","node":{"__id__":42},"_spriteFrame":{"__uuid__":"c0GPA1PjJA7bli4XEgVjPQ"},"_type":1,"_sizeMode":0}],"_contentSize":{"__type__":"cc.Size","width":50,"height":50},"_position":{"__type__":"cc.Vec3","x":77.5},"_scale":{"__type__":"cc.Vec3","x":1,"y":1,"z":1},"_localZOrder":1608},{"__type__":"cc.Node","_name":"New Label","_parent":{"__id__":42},"_components":[{"__type__":"cc.Label","node":{"__id__":43},"_useOriginalSize":false,"_string":"1","_N$string":"1","_N$file":{"__uuid__":"e9DdfGzRhMeq6D3O+bChta"},"_isSystemFontUsed":false,"_N$horizontalAlign":1,"_N$verticalAlign":1}],"_color":{"__type__":"cc.Color","r":253,"g":244,"b":244},"_contentSize":{"__type__":"cc.Size","width":24.44,"height":44.44},"_scale":{"__type__":"cc.Vec3","x":1,"y":1,"z":1},"_localZOrder":1609},{"__type__":"cc.Node","_name":"item2","_parent":{"__id__":39},"_children":[{"__id__":45}],"_components":[{"__type__":"cc.Sprite","node":{"__id__":44},"_spriteFrame":{"__uuid__":"c0GPA1PjJA7bli4XEgVjPQ"},"_type":1,"_sizeMode":0}],"_contentSize":{"__type__":"cc.Size","width":50,"height":50},"_position":{"__type__":"cc.Vec3","x":77.5,"y":-75},"_scale":{"__type__":"cc.Vec3","x":1,"y":1,"z":1},"_localZOrder":1610},{"__type__":"cc.Node","_name":"New Label","_parent":{"__id__":44},"_components":[{"__type__":"cc.Label","node":{"__id__":45},"_useOriginalSize":false,"_string":"2","_N$string":"2","_N$file":{"__uuid__":"e9DdfGzRhMeq6D3O+bChta"},"_isSystemFontUsed":false,"_N$horizontalAlign":1,"_N$verticalAlign":1}],"_color":{"__type__":"cc.Color","r":253,"g":244,"b":244},"_contentSize":{"__type__":"cc.Size","width":30,"height":44.44},"_scale":{"__type__":"cc.Vec3","x":1,"y":1,"z":1},"_localZOrder":1611},{"__type__":"cc.Node","_name":"item3","_parent":{"__id__":39},"_children":[{"__id__":47}],"_components":[{"__type__":"cc.Sprite","node":{"__id__":46},"_spriteFrame":{"__uuid__":"c0GPA1PjJA7bli4XEgVjPQ"},"_type":1,"_sizeMode":0}],"_contentSize":{"__type__":"cc.Size","width":50,"height":50},"_position":{"__type__":"cc.Vec3","x":0.5,"y":75},"_scale":{"__type__":"cc.Vec3","x":1,"y":1,"z":1},"_localZOrder":1612},{"__type__":"cc.Node","_name":"New Label","_parent":{"__id__":46},"_components":[{"__type__":"cc.Label","node":{"__id__":47},"_useOriginalSize":false,"_string":"3","_N$string":"3","_N$file":{"__uuid__":"e9DdfGzRhMeq6D3O+bChta"},"_isSystemFontUsed":false,"_N$horizontalAlign":1,"_N$verticalAlign":1}],"_color":{"__type__":"cc.Color","r":253,"g":244,"b":244},"_contentSize":{"__type__":"cc.Size","width":31.11,"height":44.44},"_scale":{"__type__":"cc.Vec3","x":1,"y":1,"z":1},"_localZOrder":1613},{"__type__":"cc.Node","_name":"item4","_parent":{"__id__":39},"_children":[{"__id__":49}],"_components":[{"__type__":"cc.Sprite","node":{"__id__":48},"_spriteFrame":{"__uuid__":"c0GPA1PjJA7bli4XEgVjPQ"},"_type":1,"_sizeMode":0}],"_contentSize":{"__type__":"cc.Size","width":50,"height":50},"_position":{"__type__":"cc.Vec3","x":0.5},"_scale":{"__type__":"cc.Vec3","x":1,"y":1,"z":1},"_localZOrder":1614},{"__type__":"cc.Node","_name":"New Label","_parent":{"__id__":48},"_components":[{"__type__":"cc.Label","node":{"__id__":49},"_useOriginalSize":false,"_string":"4","_N$string":"4","_N$file":{"__uuid__":"e9DdfGzRhMeq6D3O+bChta"},"_isSystemFontUsed":false,"_N$horizontalAlign":1,"_N$verticalAlign":1}],"_color":{"__type__":"cc.Color","r":253,"g":244,"b":244},"_contentSize":{"__type__":"cc.Size","width":33.33,"height":44.44},"_scale":{"__type__":"cc.Vec3","x":1,"y":1,"z":1},"_localZOrder":1615},{"__type__":"cc.Node","_name":"item5","_parent":{"__id__":39},"_children":[{"__id__":51}],"_components":[{"__type__":"cc.Sprite","node":{"__id__":50},"_spriteFrame":{"__uuid__":"c0GPA1PjJA7bli4XEgVjPQ"},"_type":1,"_sizeMode":0}],"_contentSize":{"__type__":"cc.Size","width":50,"height":50},"_position":{"__type__":"cc.Vec3","x":0.5,"y":-75},"_scale":{"__type__":"cc.Vec3","x":1,"y":1,"z":1},"_localZOrder":1616},{"__type__":"cc.Node","_name":"New Label","_parent":{"__id__":50},"_components":[{"__type__":"cc.Label","node":{"__id__":51},"_useOriginalSize":false,"_string":"5","_N$string":"5","_N$file":{"__uuid__":"e9DdfGzRhMeq6D3O+bChta"},"_isSystemFontUsed":false,"_N$horizontalAlign":1,"_N$verticalAlign":1}],"_color":{"__type__":"cc.Color","r":253,"g":244,"b":244},"_contentSize":{"__type__":"cc.Size","width":31.11,"height":44.44},"_scale":{"__type__":"cc.Vec3","x":1,"y":1,"z":1},"_localZOrder":1617},{"__type__":"cc.Node","_name":"item6","_parent":{"__id__":39},"_children":[{"__id__":53}],"_components":[{"__type__":"cc.Sprite","node":{"__id__":52},"_spriteFrame":{"__uuid__":"c0GPA1PjJA7bli4XEgVjPQ"},"_type":1,"_sizeMode":0}],"_contentSize":{"__type__":"cc.Size","width":50,"height":50},"_position":{"__type__":"cc.Vec3","x":-76.5,"y":75},"_scale":{"__type__":"cc.Vec3","x":1,"y":1,"z":1},"_localZOrder":1618},{"__type__":"cc.Node","_name":"New Label","_parent":{"__id__":52},"_components":[{"__type__":"cc.Label","node":{"__id__":53},"_useOriginalSize":false,"_string":"6","_N$string":"6","_N$file":{"__uuid__":"e9DdfGzRhMeq6D3O+bChta"},"_isSystemFontUsed":false,"_N$horizontalAlign":1,"_N$verticalAlign":1}],"_color":{"__type__":"cc.Color","r":253,"g":244,"b":244},"_contentSize":{"__type__":"cc.Size","width":32.22,"height":44.44},"_scale":{"__type__":"cc.Vec3","x":1,"y":1,"z":1},"_localZOrder":1619},{"__type__":"cc.Node","_name":"item7","_parent":{"__id__":39},"_children":[{"__id__":55}],"_components":[{"__type__":"cc.Sprite","node":{"__id__":54},"_spriteFrame":{"__uuid__":"c0GPA1PjJA7bli4XEgVjPQ"},"_type":1,"_sizeMode":0}],"_contentSize":{"__type__":"cc.Size","width":50,"height":50},"_position":{"__type__":"cc.Vec3","x":-76.5},"_scale":{"__type__":"cc.Vec3","x":1,"y":1,"z":1},"_localZOrder":1620},{"__type__":"cc.Node","_name":"New Label","_parent":{"__id__":54},"_components":[{"__type__":"cc.Label","node":{"__id__":55},"_useOriginalSize":false,"_string":"7","_N$string":"7","_N$file":{"__uuid__":"e9DdfGzRhMeq6D3O+bChta"},"_isSystemFontUsed":false,"_N$horizontalAlign":1,"_N$verticalAlign":1}],"_color":{"__type__":"cc.Color","r":253,"g":244,"b":244},"_contentSize":{"__type__":"cc.Size","width":30,"height":44.44},"_scale":{"__type__":"cc.Vec3","x":1,"y":1,"z":1},"_localZOrder":1621},{"__type__":"cc.Node","_name":"item8","_parent":{"__id__":39},"_children":[{"__id__":57}],"_components":[{"__type__":"cc.Sprite","node":{"__id__":56},"_spriteFrame":{"__uuid__":"c0GPA1PjJA7bli4XEgVjPQ"},"_type":1,"_sizeMode":0}],"_contentSize":{"__type__":"cc.Size","width":50,"height":50},"_position":{"__type__":"cc.Vec3","x":-76.5,"y":-75},"_scale":{"__type__":"cc.Vec3","x":1,"y":1,"z":1},"_localZOrder":1622},{"__type__":"cc.Node","_name":"New Label","_parent":{"__id__":56},"_components":[{"__type__":"cc.Label","node":{"__id__":57},"_useOriginalSize":false,"_string":"8","_N$string":"8","_N$file":{"__uuid__":"e9DdfGzRhMeq6D3O+bChta"},"_isSystemFontUsed":false,"_N$horizontalAlign":1,"_N$verticalAlign":1}],"_color":{"__type__":"cc.Color","r":253,"g":244,"b":244},"_contentSize":{"__type__":"cc.Size","width":32.22,"height":44.44},"_scale":{"__type__":"cc.Vec3","x":1,"y":1,"z":1},"_localZOrder":1623},{"__type__":"cc.Node","_name":"04_Title","_parent":{"__id__":38},"_components":[{"__type__":"e4f88adp3hERoJ48DZ2PSAl","node":{"__id__":58},"_useOriginalSize":false,"_string":"纵向网格布局容器，类型: None\n不自动调整大小","_N$string":"纵向网格布局容器，类型: None\n不自动调整大小","_fontSize":25,"_N$horizontalAlign":1,"_N$verticalAlign":1,"_N$textKey":"cases/02_ui/06_layout/LayoutNone.fire.142"},{"__type__":"cc.Widget","node":{"__id__":58},"alignMode":0,"_alignFlags":32,"_right":-172.255}],"_contentSize":{"__type__":"cc.Size","width":348.66,"height":80},"_position":{"__type__":"cc.Vec3","x":-2.075000000000017,"y":-185},"_scale":{"__type__":"cc.Vec3","x":1,"y":1,"z":1},"_localZOrder":1624}],{"__type__":"cc.SpriteFrame","content":{"name":"scrollview_bg","texture":"06gADN5K1HtoY06kxf4R9N","rect":[0,0,14,14],"offset":[0,0],"originalSize":[14,14],"capInsets":[5,5,5,5]}},{"__type__":"cc.SpriteFrame","content":{"name":"bg","texture":"5cSEe6cUVByreKJqRNvahb","rect":[0,0,14,14],"offset":[0,0],"originalSize":[14,14],"capInsets":[5,5,5,5]}}]