[{"__type__":"cc.SpriteFrame","content":{"name":"tuffy_bold_italic-charmap","texture":"fd/dT6Q7JLt45VO2sEj1H6","rect":[4,20,756,871],"offset":[-2,56.5],"originalSize":[768,1024]}},{"__type__":"cc.LabelAtlas","_name":"tuffy_bold_italic-charmap","spriteFrame":{"__uuid__":"56z5kAhulOuKiR58p23l6Q"},"fontSize":58.08,"_fntConfig":{"commonHeight":66,"fontSize":58,"atlasName":"tuffy_bold_italic-charmap","fontDefDictionary":{"32":{"rect":{"x":0,"y":0,"width":48,"height":66},"xOffset":0,"yOffset":0,"xAdvance":48},"33":{"rect":{"x":48,"y":0,"width":48,"height":66},"xOffset":0,"yOffset":0,"xAdvance":48},"34":{"rect":{"x":96,"y":0,"width":48,"height":66},"xOffset":0,"yOffset":0,"xAdvance":48},"35":{"rect":{"x":144,"y":0,"width":48,"height":66},"xOffset":0,"yOffset":0,"xAdvance":48},"36":{"rect":{"x":192,"y":0,"width":48,"height":66},"xOffset":0,"yOffset":0,"xAdvance":48},"37":{"rect":{"x":240,"y":0,"width":48,"height":66},"xOffset":0,"yOffset":0,"xAdvance":48},"38":{"rect":{"x":288,"y":0,"width":48,"height":66},"xOffset":0,"yOffset":0,"xAdvance":48},"39":{"rect":{"x":336,"y":0,"width":48,"height":66},"xOffset":0,"yOffset":0,"xAdvance":48},"40":{"rect":{"x":384,"y":0,"width":48,"height":66},"xOffset":0,"yOffset":0,"xAdvance":48},"41":{"rect":{"x":432,"y":0,"width":48,"height":66},"xOffset":0,"yOffset":0,"xAdvance":48},"42":{"rect":{"x":480,"y":0,"width":48,"height":66},"xOffset":0,"yOffset":0,"xAdvance":48},"43":{"rect":{"x":528,"y":0,"width":48,"height":66},"xOffset":0,"yOffset":0,"xAdvance":48},"44":{"rect":{"x":576,"y":0,"width":48,"height":66},"xOffset":0,"yOffset":0,"xAdvance":48},"45":{"rect":{"x":624,"y":0,"width":48,"height":66},"xOffset":0,"yOffset":0,"xAdvance":48},"46":{"rect":{"x":672,"y":0,"width":48,"height":66},"xOffset":0,"yOffset":0,"xAdvance":48},"47":{"rect":{"x":720,"y":0,"width":48,"height":66},"xOffset":0,"yOffset":0,"xAdvance":48},"48":{"rect":{"x":0,"y":66,"width":48,"height":66},"xOffset":0,"yOffset":0,"xAdvance":48},"49":{"rect":{"x":48,"y":66,"width":48,"height":66},"xOffset":0,"yOffset":0,"xAdvance":48},"50":{"rect":{"x":96,"y":66,"width":48,"height":66},"xOffset":0,"yOffset":0,"xAdvance":48},"51":{"rect":{"x":144,"y":66,"width":48,"height":66},"xOffset":0,"yOffset":0,"xAdvance":48},"52":{"rect":{"x":192,"y":66,"width":48,"height":66},"xOffset":0,"yOffset":0,"xAdvance":48},"53":{"rect":{"x":240,"y":66,"width":48,"height":66},"xOffset":0,"yOffset":0,"xAdvance":48},"54":{"rect":{"x":288,"y":66,"width":48,"height":66},"xOffset":0,"yOffset":0,"xAdvance":48},"55":{"rect":{"x":336,"y":66,"width":48,"height":66},"xOffset":0,"yOffset":0,"xAdvance":48},"56":{"rect":{"x":384,"y":66,"width":48,"height":66},"xOffset":0,"yOffset":0,"xAdvance":48},"57":{"rect":{"x":432,"y":66,"width":48,"height":66},"xOffset":0,"yOffset":0,"xAdvance":48},"58":{"rect":{"x":480,"y":66,"width":48,"height":66},"xOffset":0,"yOffset":0,"xAdvance":48},"59":{"rect":{"x":528,"y":66,"width":48,"height":66},"xOffset":0,"yOffset":0,"xAdvance":48},"60":{"rect":{"x":576,"y":66,"width":48,"height":66},"xOffset":0,"yOffset":0,"xAdvance":48},"61":{"rect":{"x":624,"y":66,"width":48,"height":66},"xOffset":0,"yOffset":0,"xAdvance":48},"62":{"rect":{"x":672,"y":66,"width":48,"height":66},"xOffset":0,"yOffset":0,"xAdvance":48},"63":{"rect":{"x":720,"y":66,"width":48,"height":66},"xOffset":0,"yOffset":0,"xAdvance":48},"64":{"rect":{"x":0,"y":132,"width":48,"height":66},"xOffset":0,"yOffset":0,"xAdvance":48},"65":{"rect":{"x":48,"y":132,"width":48,"height":66},"xOffset":0,"yOffset":0,"xAdvance":48},"66":{"rect":{"x":96,"y":132,"width":48,"height":66},"xOffset":0,"yOffset":0,"xAdvance":48},"67":{"rect":{"x":144,"y":132,"width":48,"height":66},"xOffset":0,"yOffset":0,"xAdvance":48},"68":{"rect":{"x":192,"y":132,"width":48,"height":66},"xOffset":0,"yOffset":0,"xAdvance":48},"69":{"rect":{"x":240,"y":132,"width":48,"height":66},"xOffset":0,"yOffset":0,"xAdvance":48},"70":{"rect":{"x":288,"y":132,"width":48,"height":66},"xOffset":0,"yOffset":0,"xAdvance":48},"71":{"rect":{"x":336,"y":132,"width":48,"height":66},"xOffset":0,"yOffset":0,"xAdvance":48},"72":{"rect":{"x":384,"y":132,"width":48,"height":66},"xOffset":0,"yOffset":0,"xAdvance":48},"73":{"rect":{"x":432,"y":132,"width":48,"height":66},"xOffset":0,"yOffset":0,"xAdvance":48},"74":{"rect":{"x":480,"y":132,"width":48,"height":66},"xOffset":0,"yOffset":0,"xAdvance":48},"75":{"rect":{"x":528,"y":132,"width":48,"height":66},"xOffset":0,"yOffset":0,"xAdvance":48},"76":{"rect":{"x":576,"y":132,"width":48,"height":66},"xOffset":0,"yOffset":0,"xAdvance":48},"77":{"rect":{"x":624,"y":132,"width":48,"height":66},"xOffset":0,"yOffset":0,"xAdvance":48},"78":{"rect":{"x":672,"y":132,"width":48,"height":66},"xOffset":0,"yOffset":0,"xAdvance":48},"79":{"rect":{"x":720,"y":132,"width":48,"height":66},"xOffset":0,"yOffset":0,"xAdvance":48},"80":{"rect":{"x":0,"y":198,"width":48,"height":66},"xOffset":0,"yOffset":0,"xAdvance":48},"81":{"rect":{"x":48,"y":198,"width":48,"height":66},"xOffset":0,"yOffset":0,"xAdvance":48},"82":{"rect":{"x":96,"y":198,"width":48,"height":66},"xOffset":0,"yOffset":0,"xAdvance":48},"83":{"rect":{"x":144,"y":198,"width":48,"height":66},"xOffset":0,"yOffset":0,"xAdvance":48},"84":{"rect":{"x":192,"y":198,"width":48,"height":66},"xOffset":0,"yOffset":0,"xAdvance":48},"85":{"rect":{"x":240,"y":198,"width":48,"height":66},"xOffset":0,"yOffset":0,"xAdvance":48},"86":{"rect":{"x":288,"y":198,"width":48,"height":66},"xOffset":0,"yOffset":0,"xAdvance":48},"87":{"rect":{"x":336,"y":198,"width":48,"height":66},"xOffset":0,"yOffset":0,"xAdvance":48},"88":{"rect":{"x":384,"y":198,"width":48,"height":66},"xOffset":0,"yOffset":0,"xAdvance":48},"89":{"rect":{"x":432,"y":198,"width":48,"height":66},"xOffset":0,"yOffset":0,"xAdvance":48},"90":{"rect":{"x":480,"y":198,"width":48,"height":66},"xOffset":0,"yOffset":0,"xAdvance":48},"91":{"rect":{"x":528,"y":198,"width":48,"height":66},"xOffset":0,"yOffset":0,"xAdvance":48},"92":{"rect":{"x":576,"y":198,"width":48,"height":66},"xOffset":0,"yOffset":0,"xAdvance":48},"93":{"rect":{"x":624,"y":198,"width":48,"height":66},"xOffset":0,"yOffset":0,"xAdvance":48},"94":{"rect":{"x":672,"y":198,"width":48,"height":66},"xOffset":0,"yOffset":0,"xAdvance":48},"95":{"rect":{"x":720,"y":198,"width":48,"height":66},"xOffset":0,"yOffset":0,"xAdvance":48},"96":{"rect":{"x":0,"y":264,"width":48,"height":66},"xOffset":0,"yOffset":0,"xAdvance":48},"97":{"rect":{"x":48,"y":264,"width":48,"height":66},"xOffset":0,"yOffset":0,"xAdvance":48},"98":{"rect":{"x":96,"y":264,"width":48,"height":66},"xOffset":0,"yOffset":0,"xAdvance":48},"99":{"rect":{"x":144,"y":264,"width":48,"height":66},"xOffset":0,"yOffset":0,"xAdvance":48},"100":{"rect":{"x":192,"y":264,"width":48,"height":66},"xOffset":0,"yOffset":0,"xAdvance":48},"101":{"rect":{"x":240,"y":264,"width":48,"height":66},"xOffset":0,"yOffset":0,"xAdvance":48},"102":{"rect":{"x":288,"y":264,"width":48,"height":66},"xOffset":0,"yOffset":0,"xAdvance":48},"103":{"rect":{"x":336,"y":264,"width":48,"height":66},"xOffset":0,"yOffset":0,"xAdvance":48},"104":{"rect":{"x":384,"y":264,"width":48,"height":66},"xOffset":0,"yOffset":0,"xAdvance":48},"105":{"rect":{"x":432,"y":264,"width":48,"height":66},"xOffset":0,"yOffset":0,"xAdvance":48},"106":{"rect":{"x":480,"y":264,"width":48,"height":66},"xOffset":0,"yOffset":0,"xAdvance":48},"107":{"rect":{"x":528,"y":264,"width":48,"height":66},"xOffset":0,"yOffset":0,"xAdvance":48},"108":{"rect":{"x":576,"y":264,"width":48,"height":66},"xOffset":0,"yOffset":0,"xAdvance":48},"109":{"rect":{"x":624,"y":264,"width":48,"height":66},"xOffset":0,"yOffset":0,"xAdvance":48},"110":{"rect":{"x":672,"y":264,"width":48,"height":66},"xOffset":0,"yOffset":0,"xAdvance":48},"111":{"rect":{"x":720,"y":264,"width":48,"height":66},"xOffset":0,"yOffset":0,"xAdvance":48},"112":{"rect":{"x":0,"y":330,"width":48,"height":66},"xOffset":0,"yOffset":0,"xAdvance":48},"113":{"rect":{"x":48,"y":330,"width":48,"height":66},"xOffset":0,"yOffset":0,"xAdvance":48},"114":{"rect":{"x":96,"y":330,"width":48,"height":66},"xOffset":0,"yOffset":0,"xAdvance":48},"115":{"rect":{"x":144,"y":330,"width":48,"height":66},"xOffset":0,"yOffset":0,"xAdvance":48},"116":{"rect":{"x":192,"y":330,"width":48,"height":66},"xOffset":0,"yOffset":0,"xAdvance":48},"117":{"rect":{"x":240,"y":330,"width":48,"height":66},"xOffset":0,"yOffset":0,"xAdvance":48},"118":{"rect":{"x":288,"y":330,"width":48,"height":66},"xOffset":0,"yOffset":0,"xAdvance":48},"119":{"rect":{"x":336,"y":330,"width":48,"height":66},"xOffset":0,"yOffset":0,"xAdvance":48},"120":{"rect":{"x":384,"y":330,"width":48,"height":66},"xOffset":0,"yOffset":0,"xAdvance":48},"121":{"rect":{"x":432,"y":330,"width":48,"height":66},"xOffset":0,"yOffset":0,"xAdvance":48},"122":{"rect":{"x":480,"y":330,"width":48,"height":66},"xOffset":0,"yOffset":0,"xAdvance":48},"123":{"rect":{"x":528,"y":330,"width":48,"height":66},"xOffset":0,"yOffset":0,"xAdvance":48},"124":{"rect":{"x":576,"y":330,"width":48,"height":66},"xOffset":0,"yOffset":0,"xAdvance":48},"125":{"rect":{"x":624,"y":330,"width":48,"height":66},"xOffset":0,"yOffset":0,"xAdvance":48},"126":{"rect":{"x":672,"y":330,"width":48,"height":66},"xOffset":0,"yOffset":0,"xAdvance":48},"127":{"rect":{"x":720,"y":330,"width":48,"height":66},"xOffset":0,"yOffset":0,"xAdvance":48},"128":{"rect":{"x":0,"y":396,"width":48,"height":66},"xOffset":0,"yOffset":0,"xAdvance":48},"129":{"rect":{"x":48,"y":396,"width":48,"height":66},"xOffset":0,"yOffset":0,"xAdvance":48},"130":{"rect":{"x":96,"y":396,"width":48,"height":66},"xOffset":0,"yOffset":0,"xAdvance":48},"131":{"rect":{"x":144,"y":396,"width":48,"height":66},"xOffset":0,"yOffset":0,"xAdvance":48},"132":{"rect":{"x":192,"y":396,"width":48,"height":66},"xOffset":0,"yOffset":0,"xAdvance":48},"133":{"rect":{"x":240,"y":396,"width":48,"height":66},"xOffset":0,"yOffset":0,"xAdvance":48},"134":{"rect":{"x":288,"y":396,"width":48,"height":66},"xOffset":0,"yOffset":0,"xAdvance":48},"135":{"rect":{"x":336,"y":396,"width":48,"height":66},"xOffset":0,"yOffset":0,"xAdvance":48},"136":{"rect":{"x":384,"y":396,"width":48,"height":66},"xOffset":0,"yOffset":0,"xAdvance":48},"137":{"rect":{"x":432,"y":396,"width":48,"height":66},"xOffset":0,"yOffset":0,"xAdvance":48},"138":{"rect":{"x":480,"y":396,"width":48,"height":66},"xOffset":0,"yOffset":0,"xAdvance":48},"139":{"rect":{"x":528,"y":396,"width":48,"height":66},"xOffset":0,"yOffset":0,"xAdvance":48},"140":{"rect":{"x":576,"y":396,"width":48,"height":66},"xOffset":0,"yOffset":0,"xAdvance":48},"141":{"rect":{"x":624,"y":396,"width":48,"height":66},"xOffset":0,"yOffset":0,"xAdvance":48},"142":{"rect":{"x":672,"y":396,"width":48,"height":66},"xOffset":0,"yOffset":0,"xAdvance":48},"143":{"rect":{"x":720,"y":396,"width":48,"height":66},"xOffset":0,"yOffset":0,"xAdvance":48},"144":{"rect":{"x":0,"y":462,"width":48,"height":66},"xOffset":0,"yOffset":0,"xAdvance":48},"145":{"rect":{"x":48,"y":462,"width":48,"height":66},"xOffset":0,"yOffset":0,"xAdvance":48},"146":{"rect":{"x":96,"y":462,"width":48,"height":66},"xOffset":0,"yOffset":0,"xAdvance":48},"147":{"rect":{"x":144,"y":462,"width":48,"height":66},"xOffset":0,"yOffset":0,"xAdvance":48},"148":{"rect":{"x":192,"y":462,"width":48,"height":66},"xOffset":0,"yOffset":0,"xAdvance":48},"149":{"rect":{"x":240,"y":462,"width":48,"height":66},"xOffset":0,"yOffset":0,"xAdvance":48},"150":{"rect":{"x":288,"y":462,"width":48,"height":66},"xOffset":0,"yOffset":0,"xAdvance":48},"151":{"rect":{"x":336,"y":462,"width":48,"height":66},"xOffset":0,"yOffset":0,"xAdvance":48},"152":{"rect":{"x":384,"y":462,"width":48,"height":66},"xOffset":0,"yOffset":0,"xAdvance":48},"153":{"rect":{"x":432,"y":462,"width":48,"height":66},"xOffset":0,"yOffset":0,"xAdvance":48},"154":{"rect":{"x":480,"y":462,"width":48,"height":66},"xOffset":0,"yOffset":0,"xAdvance":48},"155":{"rect":{"x":528,"y":462,"width":48,"height":66},"xOffset":0,"yOffset":0,"xAdvance":48},"156":{"rect":{"x":576,"y":462,"width":48,"height":66},"xOffset":0,"yOffset":0,"xAdvance":48},"157":{"rect":{"x":624,"y":462,"width":48,"height":66},"xOffset":0,"yOffset":0,"xAdvance":48},"158":{"rect":{"x":672,"y":462,"width":48,"height":66},"xOffset":0,"yOffset":0,"xAdvance":48},"159":{"rect":{"x":720,"y":462,"width":48,"height":66},"xOffset":0,"yOffset":0,"xAdvance":48},"160":{"rect":{"x":0,"y":528,"width":48,"height":66},"xOffset":0,"yOffset":0,"xAdvance":48},"161":{"rect":{"x":48,"y":528,"width":48,"height":66},"xOffset":0,"yOffset":0,"xAdvance":48},"162":{"rect":{"x":96,"y":528,"width":48,"height":66},"xOffset":0,"yOffset":0,"xAdvance":48},"163":{"rect":{"x":144,"y":528,"width":48,"height":66},"xOffset":0,"yOffset":0,"xAdvance":48},"164":{"rect":{"x":192,"y":528,"width":48,"height":66},"xOffset":0,"yOffset":0,"xAdvance":48},"165":{"rect":{"x":240,"y":528,"width":48,"height":66},"xOffset":0,"yOffset":0,"xAdvance":48},"166":{"rect":{"x":288,"y":528,"width":48,"height":66},"xOffset":0,"yOffset":0,"xAdvance":48},"167":{"rect":{"x":336,"y":528,"width":48,"height":66},"xOffset":0,"yOffset":0,"xAdvance":48},"168":{"rect":{"x":384,"y":528,"width":48,"height":66},"xOffset":0,"yOffset":0,"xAdvance":48},"169":{"rect":{"x":432,"y":528,"width":48,"height":66},"xOffset":0,"yOffset":0,"xAdvance":48},"170":{"rect":{"x":480,"y":528,"width":48,"height":66},"xOffset":0,"yOffset":0,"xAdvance":48},"171":{"rect":{"x":528,"y":528,"width":48,"height":66},"xOffset":0,"yOffset":0,"xAdvance":48},"172":{"rect":{"x":576,"y":528,"width":48,"height":66},"xOffset":0,"yOffset":0,"xAdvance":48},"173":{"rect":{"x":624,"y":528,"width":48,"height":66},"xOffset":0,"yOffset":0,"xAdvance":48},"174":{"rect":{"x":672,"y":528,"width":48,"height":66},"xOffset":0,"yOffset":0,"xAdvance":48},"175":{"rect":{"x":720,"y":528,"width":48,"height":66},"xOffset":0,"yOffset":0,"xAdvance":48},"176":{"rect":{"x":0,"y":594,"width":48,"height":66},"xOffset":0,"yOffset":0,"xAdvance":48},"177":{"rect":{"x":48,"y":594,"width":48,"height":66},"xOffset":0,"yOffset":0,"xAdvance":48},"178":{"rect":{"x":96,"y":594,"width":48,"height":66},"xOffset":0,"yOffset":0,"xAdvance":48},"179":{"rect":{"x":144,"y":594,"width":48,"height":66},"xOffset":0,"yOffset":0,"xAdvance":48},"180":{"rect":{"x":192,"y":594,"width":48,"height":66},"xOffset":0,"yOffset":0,"xAdvance":48},"181":{"rect":{"x":240,"y":594,"width":48,"height":66},"xOffset":0,"yOffset":0,"xAdvance":48},"182":{"rect":{"x":288,"y":594,"width":48,"height":66},"xOffset":0,"yOffset":0,"xAdvance":48},"183":{"rect":{"x":336,"y":594,"width":48,"height":66},"xOffset":0,"yOffset":0,"xAdvance":48},"184":{"rect":{"x":384,"y":594,"width":48,"height":66},"xOffset":0,"yOffset":0,"xAdvance":48},"185":{"rect":{"x":432,"y":594,"width":48,"height":66},"xOffset":0,"yOffset":0,"xAdvance":48},"186":{"rect":{"x":480,"y":594,"width":48,"height":66},"xOffset":0,"yOffset":0,"xAdvance":48},"187":{"rect":{"x":528,"y":594,"width":48,"height":66},"xOffset":0,"yOffset":0,"xAdvance":48},"188":{"rect":{"x":576,"y":594,"width":48,"height":66},"xOffset":0,"yOffset":0,"xAdvance":48},"189":{"rect":{"x":624,"y":594,"width":48,"height":66},"xOffset":0,"yOffset":0,"xAdvance":48},"190":{"rect":{"x":672,"y":594,"width":48,"height":66},"xOffset":0,"yOffset":0,"xAdvance":48},"191":{"rect":{"x":720,"y":594,"width":48,"height":66},"xOffset":0,"yOffset":0,"xAdvance":48},"192":{"rect":{"x":0,"y":660,"width":48,"height":66},"xOffset":0,"yOffset":0,"xAdvance":48},"193":{"rect":{"x":48,"y":660,"width":48,"height":66},"xOffset":0,"yOffset":0,"xAdvance":48},"194":{"rect":{"x":96,"y":660,"width":48,"height":66},"xOffset":0,"yOffset":0,"xAdvance":48},"195":{"rect":{"x":144,"y":660,"width":48,"height":66},"xOffset":0,"yOffset":0,"xAdvance":48},"196":{"rect":{"x":192,"y":660,"width":48,"height":66},"xOffset":0,"yOffset":0,"xAdvance":48},"197":{"rect":{"x":240,"y":660,"width":48,"height":66},"xOffset":0,"yOffset":0,"xAdvance":48},"198":{"rect":{"x":288,"y":660,"width":48,"height":66},"xOffset":0,"yOffset":0,"xAdvance":48},"199":{"rect":{"x":336,"y":660,"width":48,"height":66},"xOffset":0,"yOffset":0,"xAdvance":48},"200":{"rect":{"x":384,"y":660,"width":48,"height":66},"xOffset":0,"yOffset":0,"xAdvance":48},"201":{"rect":{"x":432,"y":660,"width":48,"height":66},"xOffset":0,"yOffset":0,"xAdvance":48},"202":{"rect":{"x":480,"y":660,"width":48,"height":66},"xOffset":0,"yOffset":0,"xAdvance":48},"203":{"rect":{"x":528,"y":660,"width":48,"height":66},"xOffset":0,"yOffset":0,"xAdvance":48},"204":{"rect":{"x":576,"y":660,"width":48,"height":66},"xOffset":0,"yOffset":0,"xAdvance":48},"205":{"rect":{"x":624,"y":660,"width":48,"height":66},"xOffset":0,"yOffset":0,"xAdvance":48},"206":{"rect":{"x":672,"y":660,"width":48,"height":66},"xOffset":0,"yOffset":0,"xAdvance":48},"207":{"rect":{"x":720,"y":660,"width":48,"height":66},"xOffset":0,"yOffset":0,"xAdvance":48},"208":{"rect":{"x":0,"y":726,"width":48,"height":66},"xOffset":0,"yOffset":0,"xAdvance":48},"209":{"rect":{"x":48,"y":726,"width":48,"height":66},"xOffset":0,"yOffset":0,"xAdvance":48},"210":{"rect":{"x":96,"y":726,"width":48,"height":66},"xOffset":0,"yOffset":0,"xAdvance":48},"211":{"rect":{"x":144,"y":726,"width":48,"height":66},"xOffset":0,"yOffset":0,"xAdvance":48},"212":{"rect":{"x":192,"y":726,"width":48,"height":66},"xOffset":0,"yOffset":0,"xAdvance":48},"213":{"rect":{"x":240,"y":726,"width":48,"height":66},"xOffset":0,"yOffset":0,"xAdvance":48},"214":{"rect":{"x":288,"y":726,"width":48,"height":66},"xOffset":0,"yOffset":0,"xAdvance":48},"215":{"rect":{"x":336,"y":726,"width":48,"height":66},"xOffset":0,"yOffset":0,"xAdvance":48},"216":{"rect":{"x":384,"y":726,"width":48,"height":66},"xOffset":0,"yOffset":0,"xAdvance":48},"217":{"rect":{"x":432,"y":726,"width":48,"height":66},"xOffset":0,"yOffset":0,"xAdvance":48},"218":{"rect":{"x":480,"y":726,"width":48,"height":66},"xOffset":0,"yOffset":0,"xAdvance":48},"219":{"rect":{"x":528,"y":726,"width":48,"height":66},"xOffset":0,"yOffset":0,"xAdvance":48},"220":{"rect":{"x":576,"y":726,"width":48,"height":66},"xOffset":0,"yOffset":0,"xAdvance":48},"221":{"rect":{"x":624,"y":726,"width":48,"height":66},"xOffset":0,"yOffset":0,"xAdvance":48},"222":{"rect":{"x":672,"y":726,"width":48,"height":66},"xOffset":0,"yOffset":0,"xAdvance":48},"223":{"rect":{"x":720,"y":726,"width":48,"height":66},"xOffset":0,"yOffset":0,"xAdvance":48},"224":{"rect":{"x":0,"y":792,"width":48,"height":66},"xOffset":0,"yOffset":0,"xAdvance":48},"225":{"rect":{"x":48,"y":792,"width":48,"height":66},"xOffset":0,"yOffset":0,"xAdvance":48},"226":{"rect":{"x":96,"y":792,"width":48,"height":66},"xOffset":0,"yOffset":0,"xAdvance":48},"227":{"rect":{"x":144,"y":792,"width":48,"height":66},"xOffset":0,"yOffset":0,"xAdvance":48},"228":{"rect":{"x":192,"y":792,"width":48,"height":66},"xOffset":0,"yOffset":0,"xAdvance":48},"229":{"rect":{"x":240,"y":792,"width":48,"height":66},"xOffset":0,"yOffset":0,"xAdvance":48},"230":{"rect":{"x":288,"y":792,"width":48,"height":66},"xOffset":0,"yOffset":0,"xAdvance":48},"231":{"rect":{"x":336,"y":792,"width":48,"height":66},"xOffset":0,"yOffset":0,"xAdvance":48},"232":{"rect":{"x":384,"y":792,"width":48,"height":66},"xOffset":0,"yOffset":0,"xAdvance":48},"233":{"rect":{"x":432,"y":792,"width":48,"height":66},"xOffset":0,"yOffset":0,"xAdvance":48},"234":{"rect":{"x":480,"y":792,"width":48,"height":66},"xOffset":0,"yOffset":0,"xAdvance":48},"235":{"rect":{"x":528,"y":792,"width":48,"height":66},"xOffset":0,"yOffset":0,"xAdvance":48},"236":{"rect":{"x":576,"y":792,"width":48,"height":66},"xOffset":0,"yOffset":0,"xAdvance":48},"237":{"rect":{"x":624,"y":792,"width":48,"height":66},"xOffset":0,"yOffset":0,"xAdvance":48},"238":{"rect":{"x":672,"y":792,"width":48,"height":66},"xOffset":0,"yOffset":0,"xAdvance":48},"239":{"rect":{"x":720,"y":792,"width":48,"height":66},"xOffset":0,"yOffset":0,"xAdvance":48},"240":{"rect":{"x":0,"y":858,"width":48,"height":66},"xOffset":0,"yOffset":0,"xAdvance":48},"241":{"rect":{"x":48,"y":858,"width":48,"height":66},"xOffset":0,"yOffset":0,"xAdvance":48},"242":{"rect":{"x":96,"y":858,"width":48,"height":66},"xOffset":0,"yOffset":0,"xAdvance":48},"243":{"rect":{"x":144,"y":858,"width":48,"height":66},"xOffset":0,"yOffset":0,"xAdvance":48},"244":{"rect":{"x":192,"y":858,"width":48,"height":66},"xOffset":0,"yOffset":0,"xAdvance":48},"245":{"rect":{"x":240,"y":858,"width":48,"height":66},"xOffset":0,"yOffset":0,"xAdvance":48},"246":{"rect":{"x":288,"y":858,"width":48,"height":66},"xOffset":0,"yOffset":0,"xAdvance":48},"247":{"rect":{"x":336,"y":858,"width":48,"height":66},"xOffset":0,"yOffset":0,"xAdvance":48},"248":{"rect":{"x":384,"y":858,"width":48,"height":66},"xOffset":0,"yOffset":0,"xAdvance":48},"249":{"rect":{"x":432,"y":858,"width":48,"height":66},"xOffset":0,"yOffset":0,"xAdvance":48},"250":{"rect":{"x":480,"y":858,"width":48,"height":66},"xOffset":0,"yOffset":0,"xAdvance":48},"251":{"rect":{"x":528,"y":858,"width":48,"height":66},"xOffset":0,"yOffset":0,"xAdvance":48},"252":{"rect":{"x":576,"y":858,"width":48,"height":66},"xOffset":0,"yOffset":0,"xAdvance":48},"253":{"rect":{"x":624,"y":858,"width":48,"height":66},"xOffset":0,"yOffset":0,"xAdvance":48},"254":{"rect":{"x":672,"y":858,"width":48,"height":66},"xOffset":0,"yOffset":0,"xAdvance":48},"255":{"rect":{"x":720,"y":858,"width":48,"height":66},"xOffset":0,"yOffset":0,"xAdvance":48},"256":{"rect":{"x":0,"y":924,"width":48,"height":66},"xOffset":0,"yOffset":0,"xAdvance":48},"257":{"rect":{"x":48,"y":924,"width":48,"height":66},"xOffset":0,"yOffset":0,"xAdvance":48},"258":{"rect":{"x":96,"y":924,"width":48,"height":66},"xOffset":0,"yOffset":0,"xAdvance":48},"259":{"rect":{"x":144,"y":924,"width":48,"height":66},"xOffset":0,"yOffset":0,"xAdvance":48},"260":{"rect":{"x":192,"y":924,"width":48,"height":66},"xOffset":0,"yOffset":0,"xAdvance":48},"261":{"rect":{"x":240,"y":924,"width":48,"height":66},"xOffset":0,"yOffset":0,"xAdvance":48},"262":{"rect":{"x":288,"y":924,"width":48,"height":66},"xOffset":0,"yOffset":0,"xAdvance":48},"263":{"rect":{"x":336,"y":924,"width":48,"height":66},"xOffset":0,"yOffset":0,"xAdvance":48},"264":{"rect":{"x":384,"y":924,"width":48,"height":66},"xOffset":0,"yOffset":0,"xAdvance":48},"265":{"rect":{"x":432,"y":924,"width":48,"height":66},"xOffset":0,"yOffset":0,"xAdvance":48},"266":{"rect":{"x":480,"y":924,"width":48,"height":66},"xOffset":0,"yOffset":0,"xAdvance":48},"267":{"rect":{"x":528,"y":924,"width":48,"height":66},"xOffset":0,"yOffset":0,"xAdvance":48},"268":{"rect":{"x":576,"y":924,"width":48,"height":66},"xOffset":0,"yOffset":0,"xAdvance":48},"269":{"rect":{"x":624,"y":924,"width":48,"height":66},"xOffset":0,"yOffset":0,"xAdvance":48},"270":{"rect":{"x":672,"y":924,"width":48,"height":66},"xOffset":0,"yOffset":0,"xAdvance":48},"271":{"rect":{"x":720,"y":924,"width":48,"height":66},"xOffset":0,"yOffset":0,"xAdvance":48}},"kerningDict":{}}}]