[{"__type__":"cc.SpriteFrame","content":{"name":"singleColor","texture":"1bags8Kg5BCpWrU9yaA6Ng","rect":[0,0,2,2],"offset":[0,0],"originalSize":[2,2]}},{"__type__":"cc.SpriteFrame","content":{"name":"default_btn_disabled","texture":"71VhFCTINJM6/Ky3oX9nBT","rect":[0,0,40,40],"offset":[0,0],"originalSize":[40,40],"capInsets":[12,12,12,12]}},[{"__type__":"cc.SceneAsset","_name":"SpineBoy","scene":{"__id__":1},"asyncLoadAssets":null},{"__type__":"cc.Scene","_name":"New Node","_children":[{"__id__":2}],"_anchorPoint":{"__type__":"cc.Vec2"},"_scale":{"__type__":"cc.Vec3","x":0.6427083333333333,"y":0.6427083333333333,"z":1},"_localZOrder":236,"autoReleaseAssets":true},{"__type__":"cc.Node","_name":"Canvas","_parent":{"__id__":1},"_children":[{"__id__":3},{"__id__":4},{"__id__":5},{"__id__":6},{"__id__":13}],"_components":[{"__type__":"cc.Canvas","node":{"__id__":2}}],"_contentSize":{"__type__":"cc.Size","width":960,"height":640},"_position":{"__type__":"cc.Vec3","x":480,"y":320},"_scale":{"__type__":"cc.Vec3","x":1,"y":1,"z":1},"_localZOrder":237,"_id":"3606fxAqWJI4q+MSVDSBRX5"},{"__type__":"cc.Node","_name":"Main Camera","_parent":{"__id__":2},"_level":1,"_components":[{"__type__":"cc.Camera","node":{"__id__":3},"_clearFlags":3,"_depth":-1}],"_scale":{"__type__":"cc.Vec3","x":1,"y":1,"z":1},"_localZOrder":238},{"__type__":"cc.Node","_name":"Background","_parent":{"__id__":2},"_components":[{"__type__":"cc.Sprite","node":{"__id__":4},"_spriteFrame":{"__uuid__":"0aoLNsxKlM4qs77+3nCObU"},"_sizeMode":0},{"__type__":"cc.Widget","node":{"__id__":4},"alignMode":2,"_alignFlags":45,"_originalWidth":960,"_originalHeight":640}],"_prefab":{"__type__":"cc.PrefabInfo","root":{"__id__":4},"asset":{"__uuid__":"b8OSNRvpdPAZhePn0hGPPJ"},"fileId":"78fd70+ls5GgJcFkzvLSRk8"},"_color":{"__type__":"cc.Color","r":57,"g":61,"b":64},"_contentSize":{"__type__":"cc.Size","width":960,"height":640},"_scale":{"__type__":"cc.Vec3","x":1,"y":1,"z":1},"_localZOrder":239},{"__type__":"cc.Node","_name":"spineboy","_parent":{"__id__":2},"_components":[{"__type__":"sp.Skeleton","node":{"__id__":5},"defaultAnimation":"walk","_N$skeletonData":{"__uuid__":"bctrsfyYVEyb1Hv9NrleVR"}},{"__type__":"91115OWZ9hJkIXaqCNRUsZC","node":{"__id__":5}}],"_position":{"__type__":"cc.Vec3","x":49,"y":-237},"_scale":{"__type__":"cc.Vec3","x":0.5,"y":0.5,"z":1},"_localZOrder":240},{"__type__":"cc.Node","_name":"Option Buttons","_parent":{"__id__":2},"_children":[{"__id__":7},{"__id__":9},{"__id__":11}],"_components":[{"__type__":"cc.Layout","node":{"__id__":6},"_layoutSize":{"__type__":"cc.Size","width":128,"height":150.10000000000002},"_resize":1,"_N$layoutType":2,"_N$spacingY":20},{"__type__":"cc.Widget","node":{"__id__":6},"alignMode":2,"_alignFlags":12,"_left":50,"_bottom":50}],"_contentSize":{"__type__":"cc.Size","width":128,"height":150.10000000000002},"_position":{"__type__":"cc.Vec3","x":-366,"y":-194.95},"_scale":{"__type__":"cc.Vec3","x":1,"y":1,"z":1},"_localZOrder":241},{"__type__":"cc.Node","_name":"Debug Slots","_parent":{"__id__":6},"_children":[{"__id__":8}],"_components":[{"__type__":"cc.Widget","node":{"__id__":7},"alignMode":0},{"__type__":"cc.Sprite","node":{"__id__":7},"_spriteFrame":{"__uuid__":"f0BIwQ8D5Ml7nTNQbh1YlS"},"_type":1,"_sizeMode":0},{"__type__":"cc.Button","node":{"__id__":7},"transition":2,"pressedColor":{"__type__":"cc.Color","r":255,"g":255,"b":255},"clickEvents":[{"__type__":"cc.ClickEvent","target":{"__id__":5},"component":"SpineCtrl","handler":"toggleDebugSlots"}],"_N$normalColor":{"__type__":"cc.Color","r":255,"g":255,"b":255},"_N$disabledColor":{"__type__":"cc.Color","r":255,"g":255,"b":255},"_N$normalSprite":{"__uuid__":"f0BIwQ8D5Ml7nTNQbh1YlS"},"_N$pressedSprite":{"__uuid__":"e97GVMl6JHh5Ml5qEDdSGa"},"pressedSprite":{"__uuid__":"e97GVMl6JHh5Ml5qEDdSGa"},"_N$hoverSprite":{"__uuid__":"e97GVMl6JHh5Ml5qEDdSGa"},"hoverSprite":{"__uuid__":"e97GVMl6JHh5Ml5qEDdSGa"},"_N$disabledSprite":{"__uuid__":"29FYIk+N1GYaeWH/q1NxQO"},"_N$target":{"__id__":7}}],"_contentSize":{"__type__":"cc.Size","width":128,"height":36.7},"_position":{"__type__":"cc.Vec3","y":56.70000000000002},"_scale":{"__type__":"cc.Vec3","x":1,"y":1,"z":1},"_localZOrder":242},{"__type__":"cc.Node","_name":"Label","_parent":{"__id__":7},"_components":[{"__type__":"e4f88adp3hERoJ48DZ2PSAl","node":{"__id__":8},"_useOriginalSize":false,"_string":"调试插槽","_N$string":"调试插槽","_fontSize":20,"_enableWrapText":false,"_N$horizontalAlign":1,"_N$verticalAlign":1,"_N$overflow":1,"_N$textKey":"cases/spine/SpineBoy.fire.11"}],"_color":{"__type__":"cc.Color"},"_contentSize":{"__type__":"cc.Size","width":112.6,"height":40},"_position":{"__type__":"cc.Vec3","y":2.1},"_scale":{"__type__":"cc.Vec3","x":1,"y":1,"z":1},"_localZOrder":243},{"__type__":"cc.Node","_name":"Debug Bones","_parent":{"__id__":6},"_children":[{"__id__":10}],"_components":[{"__type__":"cc.Widget","node":{"__id__":9},"alignMode":0},{"__type__":"cc.Sprite","node":{"__id__":9},"_spriteFrame":{"__uuid__":"f0BIwQ8D5Ml7nTNQbh1YlS"},"_type":1,"_sizeMode":0},{"__type__":"cc.Button","node":{"__id__":9},"transition":2,"pressedColor":{"__type__":"cc.Color","r":255,"g":255,"b":255},"clickEvents":[{"__type__":"cc.ClickEvent","target":{"__id__":5},"component":"SpineCtrl","handler":"toggleDebugBones"}],"_N$normalColor":{"__type__":"cc.Color","r":255,"g":255,"b":255},"_N$disabledColor":{"__type__":"cc.Color","r":255,"g":255,"b":255},"_N$normalSprite":{"__uuid__":"f0BIwQ8D5Ml7nTNQbh1YlS"},"_N$pressedSprite":{"__uuid__":"e97GVMl6JHh5Ml5qEDdSGa"},"pressedSprite":{"__uuid__":"e97GVMl6JHh5Ml5qEDdSGa"},"_N$hoverSprite":{"__uuid__":"e97GVMl6JHh5Ml5qEDdSGa"},"hoverSprite":{"__uuid__":"e97GVMl6JHh5Ml5qEDdSGa"},"_N$disabledSprite":{"__uuid__":"29FYIk+N1GYaeWH/q1NxQO"},"_N$target":{"__id__":9}}],"_contentSize":{"__type__":"cc.Size","width":128,"height":36.7},"_position":{"__type__":"cc.Vec3","y":1.4210854715202004e-14},"_scale":{"__type__":"cc.Vec3","x":1,"y":1,"z":1},"_localZOrder":244},{"__type__":"cc.Node","_name":"Label","_parent":{"__id__":9},"_components":[{"__type__":"e4f88adp3hERoJ48DZ2PSAl","node":{"__id__":10},"_useOriginalSize":false,"_string":"调试关节","_N$string":"调试关节","_fontSize":20,"_enableWrapText":false,"_N$horizontalAlign":1,"_N$verticalAlign":1,"_N$overflow":1,"_N$textKey":"cases/spine/SpineBoy.fire.18"}],"_color":{"__type__":"cc.Color"},"_contentSize":{"__type__":"cc.Size","width":123,"height":40},"_position":{"__type__":"cc.Vec3","y":2.1},"_scale":{"__type__":"cc.Vec3","x":1,"y":1,"z":1},"_localZOrder":245},{"__type__":"cc.Node","_name":"Time Scale","_parent":{"__id__":6},"_children":[{"__id__":12}],"_components":[{"__type__":"cc.Widget","node":{"__id__":11},"alignMode":0},{"__type__":"cc.Sprite","node":{"__id__":11},"_spriteFrame":{"__uuid__":"f0BIwQ8D5Ml7nTNQbh1YlS"},"_type":1,"_sizeMode":0},{"__type__":"cc.Button","node":{"__id__":11},"transition":2,"pressedColor":{"__type__":"cc.Color","r":255,"g":255,"b":255},"clickEvents":[{"__type__":"cc.ClickEvent","target":{"__id__":5},"component":"SpineCtrl","handler":"toggleTimeScale"}],"_N$normalColor":{"__type__":"cc.Color","r":255,"g":255,"b":255},"_N$disabledColor":{"__type__":"cc.Color","r":255,"g":255,"b":255},"_N$normalSprite":{"__uuid__":"f0BIwQ8D5Ml7nTNQbh1YlS"},"_N$pressedSprite":{"__uuid__":"e97GVMl6JHh5Ml5qEDdSGa"},"pressedSprite":{"__uuid__":"e97GVMl6JHh5Ml5qEDdSGa"},"_N$hoverSprite":{"__uuid__":"e97GVMl6JHh5Ml5qEDdSGa"},"hoverSprite":{"__uuid__":"e97GVMl6JHh5Ml5qEDdSGa"},"_N$disabledSprite":{"__uuid__":"29FYIk+N1GYaeWH/q1NxQO"},"_N$target":{"__id__":11}}],"_contentSize":{"__type__":"cc.Size","width":128,"height":36.7},"_position":{"__type__":"cc.Vec3","y":-56.69999999999999},"_scale":{"__type__":"cc.Vec3","x":1,"y":1,"z":1},"_localZOrder":246},{"__type__":"cc.Node","_name":"Label","_parent":{"__id__":11},"_components":[{"__type__":"e4f88adp3hERoJ48DZ2PSAl","node":{"__id__":12},"_useOriginalSize":false,"_string":"时间缩放","_N$string":"时间缩放","_fontSize":20,"_enableWrapText":false,"_N$horizontalAlign":1,"_N$verticalAlign":1,"_N$overflow":1,"_N$textKey":"cases/spine/SpineBoy.fire.25"}],"_color":{"__type__":"cc.Color"},"_contentSize":{"__type__":"cc.Size","width":123,"height":40},"_position":{"__type__":"cc.Vec3","y":2.1},"_scale":{"__type__":"cc.Vec3","x":1,"y":1,"z":1},"_localZOrder":247},{"__type__":"cc.Node","_name":"Animation Buttons","_parent":{"__id__":2},"_children":[{"__id__":14},{"__id__":21},{"__id__":23}],"_components":[{"__type__":"cc.Layout","node":{"__id__":13},"_layoutSize":{"__type__":"cc.Size","width":80.4,"height":200},"_N$layoutType":2,"_N$spacingY":20},{"__type__":"cc.Widget","node":{"__id__":13},"alignMode":2,"_alignFlags":9,"_left":50,"_top":100}],"_color":{"__type__":"cc.Color","r":167,"g":167,"b":167},"_contentSize":{"__type__":"cc.Size","width":80.4,"height":200},"_position":{"__type__":"cc.Vec3","x":-389.8,"y":120},"_scale":{"__type__":"cc.Vec3","x":1,"y":1,"z":1},"_localZOrder":248},{"__type__":"cc.Node","_name":"New Layout","_parent":{"__id__":13},"_children":[{"__id__":15},{"__id__":17},{"__id__":19}],"_components":[{"__type__":"cc.Layout","node":{"__id__":14},"_layoutSize":{"__type__":"cc.Size","width":280,"height":37.45},"_resize":1,"_N$layoutType":1,"_N$spacingX":20}],"_color":{"__type__":"cc.Color","r":167,"g":167,"b":167},"_contentSize":{"__type__":"cc.Size","width":280,"height":37.45},"_position":{"__type__":"cc.Vec3","x":100,"y":81.275},"_scale":{"__type__":"cc.Vec3","x":1,"y":1,"z":1},"_localZOrder":249},{"__type__":"cc.Node","_name":"Stop","_parent":{"__id__":14},"_children":[{"__id__":16}],"_components":[{"__type__":"cc.Widget","node":{"__id__":15},"alignMode":0},{"__type__":"cc.Sprite","node":{"__id__":15},"_spriteFrame":{"__uuid__":"f0BIwQ8D5Ml7nTNQbh1YlS"},"_type":1,"_sizeMode":0},{"__type__":"cc.Button","node":{"__id__":15},"transition":2,"pressedColor":{"__type__":"cc.Color","r":255,"g":255,"b":255},"clickEvents":[{"__type__":"cc.ClickEvent","target":{"__id__":5},"component":"SpineCtrl","handler":"stop"}],"_N$normalColor":{"__type__":"cc.Color","r":255,"g":255,"b":255},"_N$disabledColor":{"__type__":"cc.Color","r":255,"g":255,"b":255},"_N$normalSprite":{"__uuid__":"f0BIwQ8D5Ml7nTNQbh1YlS"},"_N$pressedSprite":{"__uuid__":"e97GVMl6JHh5Ml5qEDdSGa"},"pressedSprite":{"__uuid__":"e97GVMl6JHh5Ml5qEDdSGa"},"_N$hoverSprite":{"__uuid__":"e97GVMl6JHh5Ml5qEDdSGa"},"hoverSprite":{"__uuid__":"e97GVMl6JHh5Ml5qEDdSGa"},"_N$disabledSprite":{"__uuid__":"29FYIk+N1GYaeWH/q1NxQO"},"_N$target":{"__id__":15}}],"_contentSize":{"__type__":"cc.Size","width":80,"height":36.7},"_position":{"__type__":"cc.Vec3","x":-100},"_scale":{"__type__":"cc.Vec3","x":1,"y":1,"z":1},"_localZOrder":250},{"__type__":"cc.Node","_name":"Label","_parent":{"__id__":15},"_components":[{"__type__":"e4f88adp3hERoJ48DZ2PSAl","node":{"__id__":16},"_useOriginalSize":false,"_string":"停止","_N$string":"停止","_fontSize":20,"_enableWrapText":false,"_N$horizontalAlign":1,"_N$verticalAlign":1,"_N$overflow":1,"_N$textKey":"cases/spine/SpineBoy.fire.36"}],"_color":{"__type__":"cc.Color"},"_contentSize":{"__type__":"cc.Size","width":123,"height":40},"_position":{"__type__":"cc.Vec3","y":2.1},"_scale":{"__type__":"cc.Vec3","x":1,"y":1,"z":1},"_localZOrder":251},{"__type__":"cc.Node","_name":"Walk","_parent":{"__id__":14},"_children":[{"__id__":18}],"_components":[{"__type__":"cc.Widget","node":{"__id__":17},"alignMode":0},{"__type__":"cc.Sprite","node":{"__id__":17},"_spriteFrame":{"__uuid__":"f0BIwQ8D5Ml7nTNQbh1YlS"},"_type":1,"_sizeMode":0},{"__type__":"cc.Button","node":{"__id__":17},"transition":2,"pressedColor":{"__type__":"cc.Color","r":255,"g":255,"b":255},"clickEvents":[{"__type__":"cc.ClickEvent","target":{"__id__":5},"component":"SpineCtrl","handler":"walk"}],"_N$normalColor":{"__type__":"cc.Color","r":255,"g":255,"b":255},"_N$disabledColor":{"__type__":"cc.Color","r":255,"g":255,"b":255},"_N$normalSprite":{"__uuid__":"f0BIwQ8D5Ml7nTNQbh1YlS"},"_N$pressedSprite":{"__uuid__":"e97GVMl6JHh5Ml5qEDdSGa"},"pressedSprite":{"__uuid__":"e97GVMl6JHh5Ml5qEDdSGa"},"_N$hoverSprite":{"__uuid__":"e97GVMl6JHh5Ml5qEDdSGa"},"hoverSprite":{"__uuid__":"e97GVMl6JHh5Ml5qEDdSGa"},"_N$disabledSprite":{"__uuid__":"29FYIk+N1GYaeWH/q1NxQO"},"_N$target":{"__id__":17}}],"_contentSize":{"__type__":"cc.Size","width":80,"height":36.7},"_scale":{"__type__":"cc.Vec3","x":1,"y":1,"z":1},"_localZOrder":252},{"__type__":"cc.Node","_name":"Label","_parent":{"__id__":17},"_components":[{"__type__":"e4f88adp3hERoJ48DZ2PSAl","node":{"__id__":18},"_useOriginalSize":false,"_string":"走","_N$string":"走","_fontSize":20,"_enableWrapText":false,"_N$horizontalAlign":1,"_N$verticalAlign":1,"_N$overflow":1,"_N$textKey":"cases/spine/SpineBoy.fire.43"}],"_color":{"__type__":"cc.Color"},"_contentSize":{"__type__":"cc.Size","width":123,"height":40},"_position":{"__type__":"cc.Vec3","y":2.1},"_scale":{"__type__":"cc.Vec3","x":1,"y":1,"z":1},"_localZOrder":253},{"__type__":"cc.Node","_name":"Run","_parent":{"__id__":14},"_children":[{"__id__":20}],"_components":[{"__type__":"cc.Widget","node":{"__id__":19},"alignMode":0},{"__type__":"cc.Sprite","node":{"__id__":19},"_spriteFrame":{"__uuid__":"f0BIwQ8D5Ml7nTNQbh1YlS"},"_type":1,"_sizeMode":0},{"__type__":"cc.Button","node":{"__id__":19},"transition":2,"pressedColor":{"__type__":"cc.Color","r":255,"g":255,"b":255},"clickEvents":[{"__type__":"cc.ClickEvent","target":{"__id__":5},"component":"SpineCtrl","handler":"run"}],"_N$normalColor":{"__type__":"cc.Color","r":255,"g":255,"b":255},"_N$disabledColor":{"__type__":"cc.Color","r":255,"g":255,"b":255},"_N$normalSprite":{"__uuid__":"f0BIwQ8D5Ml7nTNQbh1YlS"},"_N$pressedSprite":{"__uuid__":"e97GVMl6JHh5Ml5qEDdSGa"},"pressedSprite":{"__uuid__":"e97GVMl6JHh5Ml5qEDdSGa"},"_N$hoverSprite":{"__uuid__":"e97GVMl6JHh5Ml5qEDdSGa"},"hoverSprite":{"__uuid__":"e97GVMl6JHh5Ml5qEDdSGa"},"_N$disabledSprite":{"__uuid__":"29FYIk+N1GYaeWH/q1NxQO"},"_N$target":{"__id__":19}}],"_contentSize":{"__type__":"cc.Size","width":80,"height":36.7},"_position":{"__type__":"cc.Vec3","x":100},"_scale":{"__type__":"cc.Vec3","x":1,"y":1,"z":1},"_localZOrder":254},{"__type__":"cc.Node","_name":"Label","_parent":{"__id__":19},"_components":[{"__type__":"e4f88adp3hERoJ48DZ2PSAl","node":{"__id__":20},"_useOriginalSize":false,"_string":"跑","_N$string":"跑","_fontSize":20,"_enableWrapText":false,"_N$horizontalAlign":1,"_N$verticalAlign":1,"_N$overflow":1,"_N$textKey":"cases/spine/SpineBoy.fire.50"}],"_color":{"__type__":"cc.Color"},"_contentSize":{"__type__":"cc.Size","width":123,"height":40},"_position":{"__type__":"cc.Vec3","y":2.1},"_scale":{"__type__":"cc.Vec3","x":1,"y":1,"z":1},"_localZOrder":255},{"__type__":"cc.Node","_name":"Jump","_parent":{"__id__":13},"_children":[{"__id__":22}],"_components":[{"__type__":"cc.Widget","node":{"__id__":21},"alignMode":0},{"__type__":"cc.Sprite","node":{"__id__":21},"_spriteFrame":{"__uuid__":"f0BIwQ8D5Ml7nTNQbh1YlS"},"_type":1,"_sizeMode":0},{"__type__":"cc.Button","node":{"__id__":21},"transition":2,"pressedColor":{"__type__":"cc.Color","r":255,"g":255,"b":255},"clickEvents":[{"__type__":"cc.ClickEvent","target":{"__id__":5},"component":"SpineCtrl","handler":"jump"}],"_N$normalColor":{"__type__":"cc.Color","r":255,"g":255,"b":255},"_N$disabledColor":{"__type__":"cc.Color","r":255,"g":255,"b":255},"_N$normalSprite":{"__uuid__":"f0BIwQ8D5Ml7nTNQbh1YlS"},"_N$pressedSprite":{"__uuid__":"e97GVMl6JHh5Ml5qEDdSGa"},"pressedSprite":{"__uuid__":"e97GVMl6JHh5Ml5qEDdSGa"},"_N$hoverSprite":{"__uuid__":"e97GVMl6JHh5Ml5qEDdSGa"},"hoverSprite":{"__uuid__":"e97GVMl6JHh5Ml5qEDdSGa"},"_N$disabledSprite":{"__uuid__":"29FYIk+N1GYaeWH/q1NxQO"},"_N$target":{"__id__":21}}],"_contentSize":{"__type__":"cc.Size","width":80,"height":36.7},"_position":{"__type__":"cc.Vec3","y":24.200000000000003},"_scale":{"__type__":"cc.Vec3","x":1,"y":1,"z":1},"_localZOrder":256},{"__type__":"cc.Node","_name":"Label","_parent":{"__id__":21},"_components":[{"__type__":"e4f88adp3hERoJ48DZ2PSAl","node":{"__id__":22},"_useOriginalSize":false,"_string":"跳","_N$string":"跳","_fontSize":20,"_enableWrapText":false,"_N$horizontalAlign":1,"_N$verticalAlign":1,"_N$overflow":1,"_N$textKey":"cases/spine/SpineBoy.fire.58"}],"_color":{"__type__":"cc.Color"},"_contentSize":{"__type__":"cc.Size","width":123,"height":40},"_position":{"__type__":"cc.Vec3","y":2.1},"_scale":{"__type__":"cc.Vec3","x":1,"y":1,"z":1},"_localZOrder":257},{"__type__":"cc.Node","_name":"Shot","_parent":{"__id__":13},"_children":[{"__id__":24}],"_components":[{"__type__":"cc.Widget","node":{"__id__":23},"alignMode":0},{"__type__":"cc.Sprite","node":{"__id__":23},"_spriteFrame":{"__uuid__":"f0BIwQ8D5Ml7nTNQbh1YlS"},"_type":1,"_sizeMode":0},{"__type__":"cc.Button","node":{"__id__":23},"transition":2,"pressedColor":{"__type__":"cc.Color","r":255,"g":255,"b":255},"clickEvents":[{"__type__":"cc.ClickEvent","target":{"__id__":5},"component":"SpineCtrl","handler":"shoot"}],"_N$normalColor":{"__type__":"cc.Color","r":255,"g":255,"b":255},"_N$disabledColor":{"__type__":"cc.Color","r":255,"g":255,"b":255},"_N$normalSprite":{"__uuid__":"f0BIwQ8D5Ml7nTNQbh1YlS"},"_N$pressedSprite":{"__uuid__":"e97GVMl6JHh5Ml5qEDdSGa"},"pressedSprite":{"__uuid__":"e97GVMl6JHh5Ml5qEDdSGa"},"_N$hoverSprite":{"__uuid__":"e97GVMl6JHh5Ml5qEDdSGa"},"hoverSprite":{"__uuid__":"e97GVMl6JHh5Ml5qEDdSGa"},"_N$disabledSprite":{"__uuid__":"29FYIk+N1GYaeWH/q1NxQO"},"_N$target":{"__id__":23}}],"_contentSize":{"__type__":"cc.Size","width":80,"height":36.7},"_position":{"__type__":"cc.Vec3","y":-32.5},"_scale":{"__type__":"cc.Vec3","x":1,"y":1,"z":1},"_localZOrder":258},{"__type__":"cc.Node","_name":"Label","_parent":{"__id__":23},"_components":[{"__type__":"e4f88adp3hERoJ48DZ2PSAl","node":{"__id__":24},"_useOriginalSize":false,"_string":"射击","_N$string":"射击","_fontSize":20,"_enableWrapText":false,"_N$horizontalAlign":1,"_N$verticalAlign":1,"_N$overflow":1,"_N$textKey":"cases/spine/SpineBoy.fire.65"}],"_color":{"__type__":"cc.Color"},"_contentSize":{"__type__":"cc.Size","width":123,"height":40},"_position":{"__type__":"cc.Vec3","y":2.1},"_scale":{"__type__":"cc.Vec3","x":1,"y":1,"z":1},"_localZOrder":259}],{"__type__":"cc.SpriteFrame","content":{"name":"default_btn_pressed","texture":"b4P/PCArtIdIH38t6mlw8Y","rect":[0,0,40,40],"offset":[0,0],"originalSize":[40,40],"capInsets":[12,12,12,12]}},{"__type__":"cc.SpriteFrame","content":{"name":"default_btn_normal","texture":"e8Ueib+qJEhL6mXAHdnwbi","rect":[0,0,40,40],"offset":[0,0],"originalSize":[40,40],"capInsets":[12,12,12,12]}}]