[{"__type__":"cc.SpriteFrame","content":{"name":"singleColor","texture":"1bags8Kg5BCpWrU9yaA6Ng","rect":[0,0,2,2],"offset":[0,0],"originalSize":[2,2]}},{"__type__":"cc.SpriteFrame","content":{"name":"default_btn_disabled","texture":"71VhFCTINJM6/Ky3oX9nBT","rect":[0,0,40,40],"offset":[0,0],"originalSize":[40,40],"capInsets":[12,12,12,12]}},[{"__type__":"cc.SceneAsset","_name":"EventInMask","scene":{"__id__":1},"asyncLoadAssets":null},{"__type__":"cc.Scene","_name":"New Node","_children":[{"__id__":2}],"_anchorPoint":{"__type__":"cc.Vec2"},"_scale":{"__type__":"cc.Vec3","x":0.6427083333333333,"y":0.6427083333333333,"z":1},"_localZOrder":136,"autoReleaseAssets":true},{"__type__":"cc.Node","_name":"Canvas","_parent":{"__id__":1},"_children":[{"__id__":3},{"__id__":4},{"__id__":5},{"__id__":14},{"__id__":17}],"_components":[{"__type__":"cc.Canvas","node":{"__id__":2}}],"_contentSize":{"__type__":"cc.Size","width":960,"height":640},"_position":{"__type__":"cc.Vec3","x":480,"y":320},"_scale":{"__type__":"cc.Vec3","x":1,"y":1,"z":1},"_localZOrder":137,"_id":"d6605uJPRhLB6V3xM5Z8GVy"},{"__type__":"cc.Node","_name":"Main Camera","_parent":{"__id__":2},"_level":1,"_components":[{"__type__":"cc.Camera","node":{"__id__":3},"_clearFlags":3,"_depth":-1}],"_scale":{"__type__":"cc.Vec3","x":1,"y":1,"z":1},"_localZOrder":138},{"__type__":"cc.Node","_name":"Background","_parent":{"__id__":2},"_components":[{"__type__":"cc.Sprite","node":{"__id__":4},"_spriteFrame":{"__uuid__":"0aoLNsxKlM4qs77+3nCObU"},"_sizeMode":0},{"__type__":"cc.Widget","node":{"__id__":4},"alignMode":2,"_alignFlags":45,"_originalWidth":960,"_originalHeight":640}],"_prefab":{"__type__":"cc.PrefabInfo","root":{"__id__":4},"asset":{"__uuid__":"b8OSNRvpdPAZhePn0hGPPJ"},"fileId":"78fd70+ls5GgJcFkzvLSRk8"},"_color":{"__type__":"cc.Color","r":57,"g":61,"b":64},"_contentSize":{"__type__":"cc.Size","width":960,"height":640},"_scale":{"__type__":"cc.Vec3","x":1,"y":1,"z":1},"_localZOrder":139},{"__type__":"cc.Node","_name":"container","_parent":{"__id__":2},"_children":[{"__id__":6},{"__id__":9},{"__id__":12}],"_scale":{"__type__":"cc.Vec3","x":1,"y":1,"z":1},"_localZOrder":140},{"__type__":"cc.Node","_name":"mask","_parent":{"__id__":5},"_children":[{"__id__":7},{"__id__":8}],"_components":[{"__type__":"cc.Mask","node":{"__id__":6},"_type":1,"_N$alphaThreshold":1}],"_contentSize":{"__type__":"cc.Size","width":200,"height":180},"_position":{"__type__":"cc.Vec3","x":80,"y":2},"_scale":{"__type__":"cc.Vec3","x":1,"y":1,"z":1},"_localZOrder":141},{"__type__":"cc.Node","_name":"content","_parent":{"__id__":6},"_components":[{"__type__":"cc.Sprite","node":{"__id__":7},"_spriteFrame":{"__uuid__":"bfhnyuiiFP/52t0htQmKGm"}},{"__type__":"95021X5KjxP369OONe316sH","node":{"__id__":7},"propagate":true}],"_contentSize":{"__type__":"cc.Size","width":512,"height":512},"_scale":{"__type__":"cc.Vec3","x":0.5,"y":0.5,"z":1},"_localZOrder":142},{"__type__":"cc.Node","_name":"add","_parent":{"__id__":6},"_components":[{"__type__":"cc.Sprite","node":{"__id__":8},"_spriteFrame":{"__uuid__":"abU8wXWxFDRoZ91iTA5Vpr"}}],"_contentSize":{"__type__":"cc.Size","width":94,"height":94},"_position":{"__type__":"cc.Vec3","x":-173,"y":32},"_scale":{"__type__":"cc.Vec3","x":1,"y":1,"z":1},"_localZOrder":143},{"__type__":"cc.Node","_name":"mask2","_parent":{"__id__":5},"_children":[{"__id__":10},{"__id__":11}],"_components":[{"__type__":"cc.Mask","node":{"__id__":9},"_N$alphaThreshold":1}],"_contentSize":{"__type__":"cc.Size","width":200,"height":200},"_position":{"__type__":"cc.Vec3","x":-72,"y":-72},"_scale":{"__type__":"cc.Vec3","x":1,"y":1,"z":1},"_localZOrder":144},{"__type__":"cc.Node","_name":"logo_horizontal","_parent":{"__id__":9},"_components":[{"__type__":"cc.Sprite","node":{"__id__":10},"_spriteFrame":{"__uuid__":"adHsEJ1f1HOKr9MdLpOazG"}},{"__type__":"95021X5KjxP369OONe316sH","node":{"__id__":10},"propagate":true}],"_contentSize":{"__type__":"cc.Size","width":800,"height":480},"_position":{"__type__":"cc.Vec3","x":-5,"y":13},"_scale":{"__type__":"cc.Vec3","x":1,"y":1,"z":1},"_localZOrder":145},{"__type__":"cc.Node","_name":"attention","_parent":{"__id__":9},"_components":[{"__type__":"cc.Sprite","node":{"__id__":11},"_spriteFrame":{"__uuid__":"e6EuHXknlGVosH+AyXjF56"}}],"_contentSize":{"__type__":"cc.Size","width":94,"height":94},"_position":{"__type__":"cc.Vec3","x":170,"y":-48},"_scale":{"__type__":"cc.Vec3","x":1,"y":1,"z":1},"_localZOrder":146},{"__type__":"cc.Node","_name":"mask3","_parent":{"__id__":5},"_children":[{"__id__":13}],"_components":[{"__type__":"cc.Mask","node":{"__id__":12},"_N$alphaThreshold":1},{"__type__":"dec21MuxY5K4L8T1bBPGM3r","node":{"__id__":12}}],"_contentSize":{"__type__":"cc.Size","width":100,"height":100},"_position":{"__type__":"cc.Vec3","x":46,"y":-72},"_scale":{"__type__":"cc.Vec3","x":1,"y":1,"z":1},"_localZOrder":147},{"__type__":"cc.Node","_name":"add","_parent":{"__id__":12},"_components":[{"__type__":"cc.Sprite","node":{"__id__":13},"_spriteFrame":{"__uuid__":"abU8wXWxFDRoZ91iTA5Vpr"},"_sizeMode":0},{"__type__":"95021X5KjxP369OONe316sH","node":{"__id__":13}}],"_contentSize":{"__type__":"cc.Size","width":150,"height":150},"_scale":{"__type__":"cc.Vec3","x":1,"y":1,"z":1},"_localZOrder":148},{"__type__":"cc.Node","_name":"switcher","_parent":{"__id__":2},"_children":[{"__id__":15}],"_components":[{"__type__":"cc.Sprite","node":{"__id__":14},"_spriteFrame":{"__uuid__":"f0BIwQ8D5Ml7nTNQbh1YlS"},"_type":1,"_sizeMode":0},{"__type__":"cc.Button","node":{"__id__":14},"transition":2,"pressedColor":{"__type__":"cc.Color","r":255,"g":255,"b":255},"clickEvents":[{"__id__":16},{"__id__":16}],"_N$normalColor":{"__type__":"cc.Color","r":255,"g":255,"b":255},"_N$disabledColor":{"__type__":"cc.Color","r":255,"g":255,"b":255},"_N$normalSprite":{"__uuid__":"f0BIwQ8D5Ml7nTNQbh1YlS"},"_N$pressedSprite":{"__uuid__":"e97GVMl6JHh5Ml5qEDdSGa"},"pressedSprite":{"__uuid__":"e97GVMl6JHh5Ml5qEDdSGa"},"_N$hoverSprite":{"__uuid__":"e97GVMl6JHh5Ml5qEDdSGa"},"hoverSprite":{"__uuid__":"e97GVMl6JHh5Ml5qEDdSGa"},"_N$disabledSprite":{"__uuid__":"29FYIk+N1GYaeWH/q1NxQO"},"_N$target":{"__id__":14}},{"__type__":"385fbE9eghB1IwH34WHGHmk","node":{"__id__":14},"container":{"__id__":5}}],"_contentSize":{"__type__":"cc.Size","width":200,"height":50},"_position":{"__type__":"cc.Vec3","x":-150,"y":190},"_scale":{"__type__":"cc.Vec3","x":1,"y":1,"z":1},"_localZOrder":149},{"__type__":"cc.Node","_name":"Label","_parent":{"__id__":14},"_components":[{"__type__":"e4f88adp3hERoJ48DZ2PSAl","node":{"__id__":15},"_useOriginalSize":false,"_string":"更改节点排序","_N$string":"更改节点排序","_fontSize":19,"_enableWrapText":false,"_N$horizontalAlign":1,"_N$verticalAlign":1,"_N$overflow":2,"_N$textKey":"cases/05_scripting/03_events/EventInMask.fire.23"}],"_color":{"__type__":"cc.Color"},"_contentSize":{"__type__":"cc.Size","width":200,"height":40},"_position":{"__type__":"cc.Vec3","x":1.1368683772161603e-13},"_scale":{"__type__":"cc.Vec3","x":1,"y":1,"z":1},"_localZOrder":150},{"__type__":"cc.ClickEvent","target":{"__id__":14},"component":"OrderSwitcher","handler":"switch"},{"__type__":"cc.Node","_name":"DesactiveAdd","_parent":{"__id__":2},"_children":[{"__id__":18}],"_components":[{"__type__":"cc.Sprite","node":{"__id__":17},"_spriteFrame":{"__uuid__":"f0BIwQ8D5Ml7nTNQbh1YlS"},"_type":1,"_sizeMode":0},{"__type__":"cc.Button","node":{"__id__":17},"transition":2,"pressedColor":{"__type__":"cc.Color","r":255,"g":255,"b":255},"clickEvents":[{"__type__":"cc.ClickEvent","target":{"__id__":12},"component":"Desactiver","handler":"desactivate"}],"_N$normalColor":{"__type__":"cc.Color","r":255,"g":255,"b":255},"_N$disabledColor":{"__type__":"cc.Color","r":255,"g":255,"b":255},"_N$normalSprite":{"__uuid__":"f0BIwQ8D5Ml7nTNQbh1YlS"},"_N$pressedSprite":{"__uuid__":"e97GVMl6JHh5Ml5qEDdSGa"},"pressedSprite":{"__uuid__":"e97GVMl6JHh5Ml5qEDdSGa"},"_N$hoverSprite":{"__uuid__":"e97GVMl6JHh5Ml5qEDdSGa"},"hoverSprite":{"__uuid__":"e97GVMl6JHh5Ml5qEDdSGa"},"_N$disabledSprite":{"__uuid__":"29FYIk+N1GYaeWH/q1NxQO"},"_N$target":{"__id__":17}}],"_contentSize":{"__type__":"cc.Size","width":200,"height":50},"_position":{"__type__":"cc.Vec3","x":150,"y":190},"_scale":{"__type__":"cc.Vec3","x":1,"y":1,"z":1},"_localZOrder":151},{"__type__":"cc.Node","_name":"Label","_parent":{"__id__":17},"_components":[{"__type__":"cc.Label","node":{"__id__":18},"_useOriginalSize":false,"_string":"Desactive Add","_N$string":"Desactive Add","_fontSize":20,"_enableWrapText":false,"_N$horizontalAlign":1,"_N$verticalAlign":1,"_N$overflow":1}],"_color":{"__type__":"cc.Color"},"_contentSize":{"__type__":"cc.Size","width":200,"height":40},"_position":{"__type__":"cc.Vec3","x":1.1368683772161603e-13},"_scale":{"__type__":"cc.Vec3","x":1,"y":1,"z":1},"_localZOrder":152}],{"__type__":"cc.SpriteFrame","content":{"name":"add","texture":"1dmaKWbqBDRr0DGxPFGPOq","rect":[0,0,94,94],"offset":[0,0],"originalSize":[94,94]}},{"__type__":"cc.SpriteFrame","content":{"name":"cocos_creator","texture":"86Z4wO+OdAnJ3f4Km/VVJp","rect":[0,0,800,480],"offset":[0,0],"originalSize":[800,480]}},{"__type__":"cc.SpriteFrame","content":{"name":"content","texture":"6bT67Vq8NKd6+dNe1npaSL","rect":[0,0,512,512],"offset":[0,0],"originalSize":[512,512]}},{"__type__":"cc.SpriteFrame","content":{"name":"attention","texture":"c5+qvrxbhBNIImRBZNOao3","rect":[0,0,94,94],"offset":[0,0],"originalSize":[94,94]}},{"__type__":"cc.SpriteFrame","content":{"name":"default_btn_pressed","texture":"b4P/PCArtIdIH38t6mlw8Y","rect":[0,0,40,40],"offset":[0,0],"originalSize":[40,40],"capInsets":[12,12,12,12]}},{"__type__":"cc.SpriteFrame","content":{"name":"default_btn_normal","texture":"e8Ueib+qJEhL6mXAHdnwbi","rect":[0,0,40,40],"offset":[0,0],"originalSize":[40,40],"capInsets":[12,12,12,12]}}]