{"__type__":"cc.TiledMapAsset","_name":"tile_iso_offset","tmxXmlStr":"<?xml version=\"1.0\" encoding=\"UTF-8\"?>\n<map version=\"1.0\" orientation=\"isometric\" width=\"10\" height=\"10\" tilewidth=\"100\" tileheight=\"50\">\n <tileset firstgid=\"1\" name=\"wetlands-ipad\" tilewidth=\"100\" tileheight=\"100\" spacing=\"1\" margin=\"1\">\n  <tileoffset x=\"0\" y=\"15\"/>\n  <image source=\"tile_iso_offset.png\" width=\"256\" height=\"256\"/>\n     <tile id=\"0\">\n         <properties>\n             <property name=\"altitude\" value=\"0\"/>\n             <property name=\"isWater\" value=\"0\"/>\n         </properties>\n     </tile>\n     <tile id=\"1\">\n         <properties>\n             <property name=\"altitude\" value=\"0\"/>\n             <property name=\"isWater\" value=\"0\"/>\n         </properties>\n     </tile>\n     <tile id=\"2\">\n         <properties>\n             <property name=\"altitude\" value=\"2.5\"/>\n             <property name=\"isWater\" value=\"0\"/>\n         </properties>\n     </tile>\n     <tile id=\"3\">\n         <properties>\n             <property name=\"altitude\" value=\"-1\"/>\n             <property name=\"isWater\" value=\"1\"/>\n         </properties>\n     </tile>\n </tileset>\n <layer name=\"baseLayer\" width=\"10\" height=\"10\">\n  <data encoding=\"base64\" compression=\"zlib\">\n   eJxtkEEOwDAIwyDh/2/eDpsUWTlYSK0bCpoZBftygQr74fBc7lvmhktH0ZP5i+wr79Izzg+9jMp//hmcS8jNvXj6ng4OSfcBuQwA6g==\n  </data>\n </layer>\n</map>\n\n","textures":[{"__uuid__":"54MzfKaedF/JZ0nG4hgKi+"}],"textureNames":["tile_iso_offset.png"]}