[{"__type__":"cc.SpriteFrame","content":{"name":"singleColor","texture":"1bags8Kg5BCpWrU9yaA6Ng","rect":[0,0,2,2],"offset":[0,0],"originalSize":[2,2]}},[{"__type__":"cc.SceneAsset","_name":"network","scene":{"__id__":1},"asyncLoadAssets":null},{"__type__":"cc.Scene","_name":"New Node","_children":[{"__id__":2}],"_anchorPoint":{"__type__":"cc.Vec2"},"_scale":{"__type__":"cc.Vec3","x":0.6427083333333333,"y":0.6427083333333333,"z":1},"_localZOrder":127,"autoReleaseAssets":true},{"__type__":"cc.Node","_name":"Canvas","_parent":{"__id__":1},"_children":[{"__id__":3},{"__id__":4},{"__id__":5},{"__id__":9},{"__id__":13},{"__id__":17},{"__id__":21}],"_components":[{"__type__":"cc.Canvas","node":{"__id__":2}},{"__type__":"10908h1aHRPPowxQQzUCVMD","node":{"__id__":2},"xhr":{"__id__":8},"xhrAB":{"__id__":12},"xhrTimeout":{"__id__":16},"websocket":{"__id__":20},"socketIO":{"__id__":24},"xhrResp":{"__id__":7},"xhrABResp":{"__id__":11},"xhrTimeoutResp":{"__id__":15},"websocketResp":{"__id__":19},"socketIOResp":{"__id__":23}}],"_contentSize":{"__type__":"cc.Size","width":960,"height":640},"_position":{"__type__":"cc.Vec3","x":480,"y":320},"_scale":{"__type__":"cc.Vec3","x":1,"y":1,"z":1},"_localZOrder":128,"_id":"fbce7cP0KJKe6WWKsMLXkKt"},{"__type__":"cc.Node","_name":"Main Camera","_parent":{"__id__":2},"_level":1,"_components":[{"__type__":"cc.Camera","node":{"__id__":3},"_clearFlags":3,"_depth":-1}],"_scale":{"__type__":"cc.Vec3","x":1,"y":1,"z":1},"_localZOrder":129},{"__type__":"cc.Node","_name":"Background","_parent":{"__id__":2},"_components":[{"__type__":"cc.Sprite","node":{"__id__":4},"_spriteFrame":{"__uuid__":"0aoLNsxKlM4qs77+3nCObU"},"_sizeMode":0},{"__type__":"cc.Widget","node":{"__id__":4},"alignMode":2,"_alignFlags":45,"_originalWidth":960,"_originalHeight":640}],"_prefab":{"__type__":"cc.PrefabInfo","root":{"__id__":4},"asset":{"__uuid__":"b8OSNRvpdPAZhePn0hGPPJ"},"fileId":"78fd70+ls5GgJcFkzvLSRk8"},"_color":{"__type__":"cc.Color","r":57,"g":61,"b":64},"_contentSize":{"__type__":"cc.Size","width":960,"height":640},"_scale":{"__type__":"cc.Vec3","x":1,"y":1,"z":1},"_localZOrder":130},{"__type__":"cc.Node","_name":"XHR","_parent":{"__id__":2},"_children":[{"__id__":6}],"_components":[{"__id__":8}],"_contentSize":{"__type__":"cc.Size","width":350,"height":30},"_anchorPoint":{"__type__":"cc.Vec2","y":0.5},"_position":{"__type__":"cc.Vec3","x":-400,"y":212},"_scale":{"__type__":"cc.Vec3","x":1,"y":1,"z":1},"_localZOrder":131},{"__type__":"cc.Node","_name":"respXHR","_parent":{"__id__":5},"_components":[{"__id__":7}],"_color":{"__type__":"cc.Color","r":255,"g":214},"_contentSize":{"__type__":"cc.Size","width":460,"height":30},"_position":{"__type__":"cc.Vec3","x":600},"_scale":{"__type__":"cc.Vec3","x":1,"y":1,"z":1},"_localZOrder":132},{"__type__":"e4f88adp3hERoJ48DZ2PSAl","node":{"__id__":6},"_useOriginalSize":false,"_fontSize":25,"_lineHeight":30,"_N$horizontalAlign":2,"_N$verticalAlign":1,"_N$overflow":3,"_N$textKey":""},{"__type__":"e4f88adp3hERoJ48DZ2PSAl","node":{"__id__":5},"_useOriginalSize":false,"_string":"XMLHttpRequest","_N$string":"XMLHttpRequest","_fontSize":25,"_lineHeight":30,"_N$verticalAlign":1,"_N$overflow":3,"_N$textKey":"cases/05_scripting/11_network/network.fire.6"},{"__type__":"cc.Node","_name":"XHRAB","_parent":{"__id__":2},"_children":[{"__id__":10}],"_components":[{"__id__":12}],"_contentSize":{"__type__":"cc.Size","width":350,"height":30},"_anchorPoint":{"__type__":"cc.Vec2","y":0.5},"_position":{"__type__":"cc.Vec3","x":-400,"y":106},"_scale":{"__type__":"cc.Vec3","x":1,"y":1,"z":1},"_localZOrder":133},{"__type__":"cc.Node","_name":"respXHRAB","_parent":{"__id__":9},"_components":[{"__id__":11}],"_color":{"__type__":"cc.Color","r":255,"g":214},"_contentSize":{"__type__":"cc.Size","width":460,"height":30},"_position":{"__type__":"cc.Vec3","x":600},"_scale":{"__type__":"cc.Vec3","x":1,"y":1,"z":1},"_localZOrder":134},{"__type__":"e4f88adp3hERoJ48DZ2PSAl","node":{"__id__":10},"_useOriginalSize":false,"_fontSize":25,"_lineHeight":30,"_N$horizontalAlign":2,"_N$verticalAlign":1,"_N$overflow":3,"_N$textKey":""},{"__type__":"e4f88adp3hERoJ48DZ2PSAl","node":{"__id__":9},"_useOriginalSize":false,"_string":"XMLHttpRequest (ArrayBuffer)","_N$string":"XMLHttpRequest (ArrayBuffer)","_fontSize":25,"_lineHeight":30,"_N$verticalAlign":1,"_N$overflow":3,"_N$textKey":"cases/05_scripting/11_network/network.fire.10"},{"__type__":"cc.Node","_name":"XHRTimeout","_parent":{"__id__":2},"_children":[{"__id__":14}],"_components":[{"__id__":16}],"_contentSize":{"__type__":"cc.Size","width":350,"height":30},"_anchorPoint":{"__type__":"cc.Vec2","y":0.5},"_position":{"__type__":"cc.Vec3","x":-400},"_scale":{"__type__":"cc.Vec3","x":1,"y":1,"z":1},"_localZOrder":135},{"__type__":"cc.Node","_name":"respXHRTimeout","_parent":{"__id__":13},"_components":[{"__id__":15}],"_color":{"__type__":"cc.Color","r":255,"g":214},"_contentSize":{"__type__":"cc.Size","width":460,"height":30},"_position":{"__type__":"cc.Vec3","x":600},"_scale":{"__type__":"cc.Vec3","x":1,"y":1,"z":1},"_localZOrder":136},{"__type__":"e4f88adp3hERoJ48DZ2PSAl","node":{"__id__":14},"_useOriginalSize":false,"_fontSize":25,"_lineHeight":30,"_N$horizontalAlign":2,"_N$verticalAlign":1,"_N$overflow":3,"_N$textKey":""},{"__type__":"e4f88adp3hERoJ48DZ2PSAl","node":{"__id__":13},"_useOriginalSize":false,"_string":"XMLHttpRequest (timeout)","_N$string":"XMLHttpRequest (timeout)","_fontSize":25,"_lineHeight":30,"_N$verticalAlign":1,"_N$overflow":3,"_N$textKey":"XMLHttpRequest (timeout)"},{"__type__":"cc.Node","_name":"WebSocket","_parent":{"__id__":2},"_children":[{"__id__":18}],"_components":[{"__id__":20}],"_contentSize":{"__type__":"cc.Size","width":350,"height":40},"_anchorPoint":{"__type__":"cc.Vec2","y":0.5},"_position":{"__type__":"cc.Vec3","x":-400,"y":-106},"_scale":{"__type__":"cc.Vec3","x":1,"y":1,"z":1},"_localZOrder":137},{"__type__":"cc.Node","_name":"respWebSocket","_parent":{"__id__":17},"_components":[{"__id__":19}],"_color":{"__type__":"cc.Color","r":255,"g":214},"_contentSize":{"__type__":"cc.Size","width":460,"height":30},"_position":{"__type__":"cc.Vec3","x":600},"_scale":{"__type__":"cc.Vec3","x":1,"y":1,"z":1},"_localZOrder":138},{"__type__":"e4f88adp3hERoJ48DZ2PSAl","node":{"__id__":18},"_useOriginalSize":false,"_fontSize":25,"_lineHeight":30,"_N$horizontalAlign":2,"_N$verticalAlign":1,"_N$overflow":3,"_N$textKey":""},{"__type__":"e4f88adp3hERoJ48DZ2PSAl","node":{"__id__":17},"_useOriginalSize":false,"_string":"WebSocket","_N$string":"WebSocket","_fontSize":25,"_N$verticalAlign":1,"_N$overflow":3,"_N$textKey":"cases/05_scripting/11_network/network.fire.14"},{"__type__":"cc.Node","_name":"SocketIO","_parent":{"__id__":2},"_children":[{"__id__":22}],"_components":[{"__id__":24}],"_contentSize":{"__type__":"cc.Size","width":350,"height":40},"_anchorPoint":{"__type__":"cc.Vec2","y":0.5},"_position":{"__type__":"cc.Vec3","x":-400,"y":-212},"_scale":{"__type__":"cc.Vec3","x":1,"y":1,"z":1},"_localZOrder":139},{"__type__":"cc.Node","_name":"respSocketIO","_parent":{"__id__":21},"_components":[{"__id__":23}],"_color":{"__type__":"cc.Color","r":255,"g":214},"_contentSize":{"__type__":"cc.Size","width":460,"height":30},"_position":{"__type__":"cc.Vec3","x":600},"_scale":{"__type__":"cc.Vec3","x":1,"y":1,"z":1},"_localZOrder":140},{"__type__":"e4f88adp3hERoJ48DZ2PSAl","node":{"__id__":22},"_useOriginalSize":false,"_fontSize":25,"_lineHeight":30,"_N$horizontalAlign":2,"_N$verticalAlign":1,"_N$overflow":3,"_N$textKey":""},{"__type__":"e4f88adp3hERoJ48DZ2PSAl","node":{"__id__":21},"_useOriginalSize":false,"_string":"SocketIO","_N$string":"SocketIO","_fontSize":25,"_N$verticalAlign":1,"_N$overflow":3,"_N$textKey":"cases/05_scripting/11_network/network.fire.18"}]]