[{"__type__":"cc.SpriteFrame","content":{"name":"singleColor","texture":"1bags8Kg5BCpWrU9yaA6Ng","rect":[0,0,2,2],"offset":[0,0],"originalSize":[2,2]}},{"__type__":"cc.SpriteFrame","content":{"name":"default_btn_disabled","texture":"71VhFCTINJM6/Ky3oX9nBT","rect":[0,0,40,40],"offset":[0,0],"originalSize":[40,40],"capInsets":[12,12,12,12]}},[{"__type__":"cc.SceneAsset","_name":"EditBoxTabIndex","scene":{"__id__":1},"asyncLoadAssets":null},{"__type__":"cc.Scene","_name":"New Node","_children":[{"__id__":2}],"_anchorPoint":{"__type__":"cc.Vec2"},"_scale":{"__type__":"cc.Vec3","x":0.625,"y":0.625,"z":1},"_localZOrder":2,"autoReleaseAssets":true},{"__type__":"cc.Node","_name":"Canvas","_parent":{"__id__":1},"_children":[{"__id__":3},{"__id__":4},{"__id__":5},{"__id__":6},{"__id__":12},{"__id__":18},{"__id__":24},{"__id__":26},{"__id__":28}],"_components":[{"__type__":"cc.Canvas","node":{"__id__":2}},{"__type__":"1a7ff6UBHVKV4jTfKY/YtyS","node":{"__id__":2},"editBox1":{"__id__":11},"editBox2":{"__id__":17},"editBox3":{"__id__":23}}],"_contentSize":{"__type__":"cc.Size","width":960,"height":640},"_position":{"__type__":"cc.Vec3","x":480,"y":320},"_scale":{"__type__":"cc.Vec3","x":1,"y":1,"z":1},"_localZOrder":3,"_id":"f15b1DwYuNOcZF91PllKbaP"},{"__type__":"cc.Node","_name":"Main Camera","_parent":{"__id__":2},"_level":1,"_components":[{"__type__":"cc.Camera","node":{"__id__":3},"_clearFlags":3,"_depth":-1}],"_scale":{"__type__":"cc.Vec3","x":1,"y":1,"z":1},"_localZOrder":4},{"__type__":"cc.Node","_name":"Background","_parent":{"__id__":2},"_components":[{"__type__":"cc.Sprite","node":{"__id__":4},"_spriteFrame":{"__uuid__":"0aoLNsxKlM4qs77+3nCObU"},"_sizeMode":0},{"__type__":"cc.Widget","node":{"__id__":4},"alignMode":2,"_alignFlags":45,"_originalWidth":960,"_originalHeight":640}],"_prefab":{"__type__":"cc.PrefabInfo","root":{"__id__":4},"asset":{"__uuid__":"b8OSNRvpdPAZhePn0hGPPJ"},"fileId":"78fd70+ls5GgJcFkzvLSRk8"},"_color":{"__type__":"cc.Color","r":57,"g":61,"b":64},"_contentSize":{"__type__":"cc.Size","width":960,"height":640},"_scale":{"__type__":"cc.Vec3","x":1,"y":1,"z":1},"_localZOrder":5},{"__type__":"cc.Node","_name":"Title","_parent":{"__id__":2},"_components":[{"__type__":"cc.Label","node":{"__id__":5},"_srcBlendFactor":1,"_useOriginalSize":false,"_string":"Only Valid in Web","_N$string":"Only Valid in Web","_N$horizontalAlign":1,"_N$verticalAlign":1}],"_contentSize":{"__type__":"cc.Size","width":314.22,"height":40},"_position":{"__type__":"cc.Vec3","x":6,"y":128},"_scale":{"__type__":"cc.Vec3","x":1,"y":1,"z":1},"_localZOrder":6},{"__type__":"cc.Node","_name":"EditBox1","_parent":{"__id__":2},"_children":[{"__id__":7},{"__id__":8},{"__id__":9},{"__id__":10}],"_components":[{"__id__":11}],"_contentSize":{"__type__":"cc.Size","width":160,"height":40},"_position":{"__type__":"cc.Vec3","x":-203,"y":-46},"_scale":{"__type__":"cc.Vec3","x":1,"y":1,"z":1},"_localZOrder":7},{"__type__":"cc.Node","_name":"Title","_parent":{"__id__":6},"_components":[{"__type__":"cc.Label","node":{"__id__":7},"_srcBlendFactor":1,"_useOriginalSize":false,"_string":"TabIndex=3","_N$string":"TabIndex=3","_fontSize":20,"_N$horizontalAlign":1,"_N$verticalAlign":1}],"_contentSize":{"__type__":"cc.Size","width":103.97,"height":40},"_position":{"__type__":"cc.Vec3","x":-8,"y":58},"_scale":{"__type__":"cc.Vec3","x":1,"y":1,"z":1},"_localZOrder":8},{"__type__":"cc.Node","_name":"BACKGROUND_SPRITE","_parent":{"__id__":6},"_level":1,"_components":[{"__type__":"cc.Sprite","node":{"__id__":8},"_spriteFrame":{"__uuid__":"675ovJ2tVK2aLYfgPUWOMv"},"_type":1,"_sizeMode":0}],"_contentSize":{"__type__":"cc.Size","width":160,"height":40},"_scale":{"__type__":"cc.Vec3","x":1,"y":1,"z":1},"_localZOrder":9},{"__type__":"cc.Node","_name":"PLACEHOLDER_LABEL","_parent":{"__id__":6},"_level":1,"_components":[{"__type__":"cc.Label","node":{"__id__":9},"_srcBlendFactor":1,"_string":"Enter text here...","_N$string":"Enter text here...","_fontSize":25,"_enableWrapText":false,"_N$verticalAlign":1,"_N$overflow":1}],"_color":{"__type__":"cc.Color","r":127,"g":127,"b":127},"_contentSize":{"__type__":"cc.Size","width":158,"height":40},"_anchorPoint":{"__type__":"cc.Vec2","y":1},"_position":{"__type__":"cc.Vec3","x":-78,"y":20},"_scale":{"__type__":"cc.Vec3","x":1,"y":1,"z":1},"_localZOrder":11},{"__type__":"cc.Node","_name":"TEXT_LABEL","_parent":{"__id__":6},"_active":false,"_level":1,"_components":[{"__type__":"cc.Label","node":{"__id__":10},"_srcBlendFactor":1,"_fontSize":25,"_enableWrapText":false,"_N$verticalAlign":1,"_N$overflow":1}],"_color":{"__type__":"cc.Color"},"_contentSize":{"__type__":"cc.Size","width":158,"height":40},"_anchorPoint":{"__type__":"cc.Vec2","y":1},"_position":{"__type__":"cc.Vec3","x":-78,"y":20},"_scale":{"__type__":"cc.Vec3","x":1,"y":1,"z":1},"_localZOrder":28},{"__type__":"cc.EditBox","node":{"__id__":6},"_useOriginalSize":false,"_tabIndex":3,"_N$backgroundImage":{"__uuid__":"675ovJ2tVK2aLYfgPUWOMv"},"_N$inputFlag":3,"_N$inputMode":6,"_N$fontSize":25,"_N$fontColor":{"__type__":"cc.Color"},"_N$placeholderFontSize":25,"_N$placeholderFontColor":{"__type__":"cc.Color","r":127,"g":127,"b":127},"_N$maxLength":8,"_N$stayOnTop":true},{"__type__":"cc.Node","_name":"EditBox2","_parent":{"__id__":2},"_children":[{"__id__":13},{"__id__":14},{"__id__":15},{"__id__":16}],"_components":[{"__id__":17}],"_contentSize":{"__type__":"cc.Size","width":160,"height":40},"_position":{"__type__":"cc.Vec3","x":10,"y":-46},"_scale":{"__type__":"cc.Vec3","x":1,"y":1,"z":1},"_localZOrder":12},{"__type__":"cc.Node","_name":"Title","_parent":{"__id__":12},"_components":[{"__type__":"cc.Label","node":{"__id__":13},"_srcBlendFactor":1,"_useOriginalSize":false,"_string":"TabIndex=-1","_N$string":"TabIndex=-1","_fontSize":20,"_N$horizontalAlign":1,"_N$verticalAlign":1}],"_contentSize":{"__type__":"cc.Size","width":110.63,"height":40},"_position":{"__type__":"cc.Vec3","x":-7,"y":54},"_scale":{"__type__":"cc.Vec3","x":1,"y":1,"z":1},"_localZOrder":13},{"__type__":"cc.Node","_name":"BACKGROUND_SPRITE","_parent":{"__id__":12},"_level":1,"_components":[{"__type__":"cc.Sprite","node":{"__id__":14},"_spriteFrame":{"__uuid__":"675ovJ2tVK2aLYfgPUWOMv"},"_type":1,"_sizeMode":0}],"_contentSize":{"__type__":"cc.Size","width":160,"height":40},"_scale":{"__type__":"cc.Vec3","x":1,"y":1,"z":1},"_localZOrder":14},{"__type__":"cc.Node","_name":"TEXT_LABEL","_parent":{"__id__":12},"_active":false,"_level":1,"_components":[{"__type__":"cc.Label","node":{"__id__":15},"_fontSize":25,"_enableWrapText":false,"_N$verticalAlign":1,"_N$overflow":1}],"_color":{"__type__":"cc.Color"},"_contentSize":{"__type__":"cc.Size","width":158,"height":40},"_anchorPoint":{"__type__":"cc.Vec2","y":1},"_position":{"__type__":"cc.Vec3","x":-78,"y":20},"_scale":{"__type__":"cc.Vec3","x":1,"y":1,"z":1},"_localZOrder":15},{"__type__":"cc.Node","_name":"PLACEHOLDER_LABEL","_parent":{"__id__":12},"_level":1,"_components":[{"__type__":"cc.Label","node":{"__id__":16},"_srcBlendFactor":1,"_string":"Enter text here...","_N$string":"Enter text here...","_fontSize":25,"_enableWrapText":false,"_N$verticalAlign":1,"_N$overflow":1}],"_color":{"__type__":"cc.Color","r":127,"g":127,"b":127},"_contentSize":{"__type__":"cc.Size","width":158,"height":40},"_anchorPoint":{"__type__":"cc.Vec2","y":1},"_position":{"__type__":"cc.Vec3","x":-78,"y":20},"_scale":{"__type__":"cc.Vec3","x":1,"y":1,"z":1},"_localZOrder":16},{"__type__":"cc.EditBox","node":{"__id__":12},"_useOriginalSize":false,"_tabIndex":-1,"_N$backgroundImage":{"__uuid__":"675ovJ2tVK2aLYfgPUWOMv"},"_N$inputFlag":3,"_N$inputMode":6,"_N$fontSize":25,"_N$fontColor":{"__type__":"cc.Color"},"_N$placeholderFontSize":25,"_N$placeholderFontColor":{"__type__":"cc.Color","r":127,"g":127,"b":127},"_N$maxLength":8,"_N$stayOnTop":true},{"__type__":"cc.Node","_name":"EditBox3","_parent":{"__id__":2},"_children":[{"__id__":19},{"__id__":20},{"__id__":21},{"__id__":22}],"_components":[{"__id__":23}],"_contentSize":{"__type__":"cc.Size","width":160,"height":40},"_position":{"__type__":"cc.Vec3","x":224,"y":-46},"_scale":{"__type__":"cc.Vec3","x":1,"y":1,"z":1},"_localZOrder":17},{"__type__":"cc.Node","_name":"Title","_parent":{"__id__":18},"_components":[{"__type__":"cc.Label","node":{"__id__":19},"_srcBlendFactor":1,"_useOriginalSize":false,"_string":"TabIndex=4","_N$string":"TabIndex=4","_fontSize":20,"_N$horizontalAlign":1,"_N$verticalAlign":1}],"_contentSize":{"__type__":"cc.Size","width":103.97,"height":40},"_position":{"__type__":"cc.Vec3","y":54},"_scale":{"__type__":"cc.Vec3","x":1,"y":1,"z":1},"_localZOrder":18},{"__type__":"cc.Node","_name":"BACKGROUND_SPRITE","_parent":{"__id__":18},"_level":1,"_components":[{"__type__":"cc.Sprite","node":{"__id__":20},"_spriteFrame":{"__uuid__":"675ovJ2tVK2aLYfgPUWOMv"},"_type":1,"_sizeMode":0}],"_contentSize":{"__type__":"cc.Size","width":160,"height":40},"_scale":{"__type__":"cc.Vec3","x":1,"y":1,"z":1},"_localZOrder":19},{"__type__":"cc.Node","_name":"PLACEHOLDER_LABEL","_parent":{"__id__":18},"_level":1,"_components":[{"__type__":"cc.Label","node":{"__id__":21},"_srcBlendFactor":1,"_string":"Enter text here...","_N$string":"Enter text here...","_fontSize":25,"_enableWrapText":false,"_N$verticalAlign":1,"_N$overflow":1}],"_color":{"__type__":"cc.Color","r":127,"g":127,"b":127},"_contentSize":{"__type__":"cc.Size","width":158,"height":40},"_anchorPoint":{"__type__":"cc.Vec2","y":1},"_position":{"__type__":"cc.Vec3","x":-78,"y":20},"_scale":{"__type__":"cc.Vec3","x":1,"y":1,"z":1},"_localZOrder":21},{"__type__":"cc.Node","_name":"TEXT_LABEL","_parent":{"__id__":18},"_active":false,"_level":1,"_components":[{"__type__":"cc.Label","node":{"__id__":22},"_srcBlendFactor":1,"_fontSize":25,"_enableWrapText":false,"_N$verticalAlign":1,"_N$overflow":1}],"_color":{"__type__":"cc.Color"},"_contentSize":{"__type__":"cc.Size","width":158,"height":40},"_anchorPoint":{"__type__":"cc.Vec2","y":1},"_position":{"__type__":"cc.Vec3","x":-78,"y":20},"_scale":{"__type__":"cc.Vec3","x":1,"y":1,"z":1},"_localZOrder":29},{"__type__":"cc.EditBox","node":{"__id__":18},"_useOriginalSize":false,"_tabIndex":4,"_N$backgroundImage":{"__uuid__":"675ovJ2tVK2aLYfgPUWOMv"},"_N$inputFlag":3,"_N$inputMode":6,"_N$fontSize":25,"_N$fontColor":{"__type__":"cc.Color"},"_N$placeholderFontSize":25,"_N$placeholderFontColor":{"__type__":"cc.Color","r":127,"g":127,"b":127},"_N$maxLength":8,"_N$stayOnTop":true},{"__type__":"cc.Node","_name":"Button1","_parent":{"__id__":2},"_children":[{"__id__":25}],"_components":[{"__type__":"cc.Sprite","node":{"__id__":24},"_spriteFrame":{"__uuid__":"f0BIwQ8D5Ml7nTNQbh1YlS"},"_type":1,"_sizeMode":0},{"__type__":"cc.Button","node":{"__id__":24},"transition":2,"pressedColor":{"__type__":"cc.Color","r":255,"g":255,"b":255},"clickEvents":[{"__type__":"cc.ClickEvent","target":{"__id__":2},"component":"EditBoxFocus","handler":"setFocus"}],"_N$enableAutoGrayEffect":true,"_N$normalColor":{"__type__":"cc.Color","r":255,"g":255,"b":255},"_N$disabledColor":{"__type__":"cc.Color","r":255,"g":255,"b":255},"_N$normalSprite":{"__uuid__":"f0BIwQ8D5Ml7nTNQbh1YlS"},"_N$pressedSprite":{"__uuid__":"e97GVMl6JHh5Ml5qEDdSGa"},"pressedSprite":{"__uuid__":"e97GVMl6JHh5Ml5qEDdSGa"},"_N$hoverSprite":{"__uuid__":"e97GVMl6JHh5Ml5qEDdSGa"},"hoverSprite":{"__uuid__":"e97GVMl6JHh5Ml5qEDdSGa"},"_N$disabledSprite":{"__uuid__":"29FYIk+N1GYaeWH/q1NxQO"},"_N$target":{"__id__":24}}],"_contentSize":{"__type__":"cc.Size","width":100,"height":40},"_position":{"__type__":"cc.Vec3","x":-213,"y":-131},"_scale":{"__type__":"cc.Vec3","x":1,"y":1,"z":1},"_localZOrder":22},{"__type__":"cc.Node","_name":"Label","_parent":{"__id__":24},"_components":[{"__type__":"cc.Label","node":{"__id__":25},"_srcBlendFactor":1,"_useOriginalSize":false,"_string":"Focus","_N$string":"Focus","_fontSize":20,"_enableWrapText":false,"_N$horizontalAlign":1,"_N$verticalAlign":1,"_N$overflow":1}],"_color":{"__type__":"cc.Color"},"_contentSize":{"__type__":"cc.Size","width":100,"height":40},"_scale":{"__type__":"cc.Vec3","x":1,"y":1,"z":1},"_localZOrder":23},{"__type__":"cc.Node","_name":"Button2","_parent":{"__id__":2},"_children":[{"__id__":27}],"_components":[{"__type__":"cc.Sprite","node":{"__id__":26},"_spriteFrame":{"__uuid__":"f0BIwQ8D5Ml7nTNQbh1YlS"},"_type":1,"_sizeMode":0},{"__type__":"cc.Button","node":{"__id__":26},"transition":2,"pressedColor":{"__type__":"cc.Color","r":255,"g":255,"b":255},"clickEvents":[{"__type__":"cc.ClickEvent","target":{"__id__":2},"component":"EditBoxFocus","handler":"setFocus"}],"_N$enableAutoGrayEffect":true,"_N$normalColor":{"__type__":"cc.Color","r":255,"g":255,"b":255},"_N$disabledColor":{"__type__":"cc.Color","r":255,"g":255,"b":255},"_N$normalSprite":{"__uuid__":"f0BIwQ8D5Ml7nTNQbh1YlS"},"_N$pressedSprite":{"__uuid__":"e97GVMl6JHh5Ml5qEDdSGa"},"pressedSprite":{"__uuid__":"e97GVMl6JHh5Ml5qEDdSGa"},"_N$hoverSprite":{"__uuid__":"e97GVMl6JHh5Ml5qEDdSGa"},"hoverSprite":{"__uuid__":"e97GVMl6JHh5Ml5qEDdSGa"},"_N$disabledSprite":{"__uuid__":"29FYIk+N1GYaeWH/q1NxQO"},"_N$target":{"__id__":26}}],"_contentSize":{"__type__":"cc.Size","width":100,"height":40},"_position":{"__type__":"cc.Vec3","x":9,"y":-131},"_scale":{"__type__":"cc.Vec3","x":1,"y":1,"z":1},"_localZOrder":24},{"__type__":"cc.Node","_name":"Label","_parent":{"__id__":26},"_components":[{"__type__":"cc.Label","node":{"__id__":27},"_srcBlendFactor":1,"_useOriginalSize":false,"_string":"Focus","_N$string":"Focus","_fontSize":20,"_enableWrapText":false,"_N$horizontalAlign":1,"_N$verticalAlign":1,"_N$overflow":1}],"_color":{"__type__":"cc.Color"},"_contentSize":{"__type__":"cc.Size","width":100,"height":40},"_scale":{"__type__":"cc.Vec3","x":1,"y":1,"z":1},"_localZOrder":25},{"__type__":"cc.Node","_name":"Button3","_parent":{"__id__":2},"_children":[{"__id__":29}],"_components":[{"__type__":"cc.Sprite","node":{"__id__":28},"_spriteFrame":{"__uuid__":"f0BIwQ8D5Ml7nTNQbh1YlS"},"_type":1,"_sizeMode":0},{"__type__":"cc.Button","node":{"__id__":28},"transition":2,"pressedColor":{"__type__":"cc.Color","r":255,"g":255,"b":255},"clickEvents":[{"__type__":"cc.ClickEvent","target":{"__id__":2},"component":"EditBoxFocus","handler":"setFocus"}],"_N$enableAutoGrayEffect":true,"_N$normalColor":{"__type__":"cc.Color","r":255,"g":255,"b":255},"_N$disabledColor":{"__type__":"cc.Color","r":255,"g":255,"b":255},"_N$normalSprite":{"__uuid__":"f0BIwQ8D5Ml7nTNQbh1YlS"},"_N$pressedSprite":{"__uuid__":"e97GVMl6JHh5Ml5qEDdSGa"},"pressedSprite":{"__uuid__":"e97GVMl6JHh5Ml5qEDdSGa"},"_N$hoverSprite":{"__uuid__":"e97GVMl6JHh5Ml5qEDdSGa"},"hoverSprite":{"__uuid__":"e97GVMl6JHh5Ml5qEDdSGa"},"_N$disabledSprite":{"__uuid__":"29FYIk+N1GYaeWH/q1NxQO"},"_N$target":{"__id__":28}}],"_contentSize":{"__type__":"cc.Size","width":100,"height":40},"_position":{"__type__":"cc.Vec3","x":233,"y":-131},"_scale":{"__type__":"cc.Vec3","x":1,"y":1,"z":1},"_localZOrder":26},{"__type__":"cc.Node","_name":"Label","_parent":{"__id__":28},"_components":[{"__type__":"cc.Label","node":{"__id__":29},"_srcBlendFactor":1,"_useOriginalSize":false,"_string":"Focus","_N$string":"Focus","_fontSize":20,"_enableWrapText":false,"_N$horizontalAlign":1,"_N$verticalAlign":1,"_N$overflow":1}],"_color":{"__type__":"cc.Color"},"_contentSize":{"__type__":"cc.Size","width":100,"height":40},"_scale":{"__type__":"cc.Vec3","x":1,"y":1,"z":1},"_localZOrder":27}],{"__type__":"cc.SpriteFrame","content":{"name":"default_progressbar","texture":"cf73jxyN9Jt47QTJU6ziYh","rect":[0,0,30,15],"offset":[0,0],"originalSize":[30,15],"capInsets":[10,4,10,4]}},{"__type__":"cc.SpriteFrame","content":{"name":"default_btn_pressed","texture":"b4P/PCArtIdIH38t6mlw8Y","rect":[0,0,40,40],"offset":[0,0],"originalSize":[40,40],"capInsets":[12,12,12,12]}},{"__type__":"cc.SpriteFrame","content":{"name":"default_btn_normal","texture":"e8Ueib+qJEhL6mXAHdnwbi","rect":[0,0,40,40],"offset":[0,0],"originalSize":[40,40],"capInsets":[12,12,12,12]}}]