[{"__type__":"cc.SpriteFrame","content":{"name":"cocos_creator_white","texture":"7bMQYtno5IBbd6c5qCldnQ","rect":[0,0,800,480],"offset":[0,0],"originalSize":[800,480]}},{"__type__":"cc.SpriteFrame","content":{"name":"singleColor","texture":"1bags8Kg5BCpWrU9yaA6Ng","rect":[0,0,2,2],"offset":[0,0],"originalSize":[2,2]}},{"__type__":"cc.SpriteFrame","content":{"name":"star","texture":"b1HE18sVtOtog7FpfBOI4h","rect":[0,12,169,185],"offset":[0,-4],"originalSize":[169,201]}},[{"__type__":"cc.SceneAsset","_name":"Mask_NESTED","scene":{"__id__":1},"asyncLoadAssets":null},{"__type__":"cc.Scene","_name":"New Node","_children":[{"__id__":2}],"_anchorPoint":{"__type__":"cc.Vec2"},"_scale":{"__type__":"cc.Vec3","x":0.6364583333333333,"y":0.6364583333333333,"z":1},"_localZOrder":97,"autoReleaseAssets":true},{"__type__":"cc.Node","_name":"Canvas","_parent":{"__id__":1},"_children":[{"__id__":3},{"__id__":4},{"__id__":5}],"_components":[{"__type__":"cc.Canvas","node":{"__id__":2}}],"_contentSize":{"__type__":"cc.Size","width":960,"height":640},"_position":{"__type__":"cc.Vec3","x":480,"y":320},"_scale":{"__type__":"cc.Vec3","x":1,"y":1,"z":1},"_localZOrder":98,"_id":"a79bdc1i9hKm6l2W9c6KD/g"},{"__type__":"cc.Node","_name":"Main Camera","_parent":{"__id__":2},"_level":1,"_components":[{"__type__":"cc.Camera","node":{"__id__":3},"_clearFlags":7,"_depth":-1}],"_scale":{"__type__":"cc.Vec3","x":1,"y":1,"z":1},"_localZOrder":99},{"__type__":"cc.Node","_name":"Background","_parent":{"__id__":2},"_components":[{"__type__":"cc.Sprite","node":{"__id__":4},"_spriteFrame":{"__uuid__":"0aoLNsxKlM4qs77+3nCObU"},"_sizeMode":0},{"__type__":"cc.Widget","node":{"__id__":4},"alignMode":2,"_alignFlags":45,"_originalWidth":960,"_originalHeight":640}],"_prefab":{"__type__":"cc.PrefabInfo","root":{"__id__":4},"asset":{"__uuid__":"b8OSNRvpdPAZhePn0hGPPJ"},"fileId":"78fd70+ls5GgJcFkzvLSRk8"},"_color":{"__type__":"cc.Color","r":57,"g":61,"b":64},"_contentSize":{"__type__":"cc.Size","width":960,"height":640},"_scale":{"__type__":"cc.Vec3","x":1,"y":1,"z":1},"_localZOrder":100},{"__type__":"cc.Node","_name":"New Mask","_parent":{"__id__":2},"_children":[{"__id__":6},{"__id__":7},{"__id__":9}],"_components":[{"__type__":"cc.Mask","node":{"__id__":5},"_N$alphaThreshold":0.5},{"__type__":"cc.Widget","node":{"__id__":5},"alignMode":2,"_alignFlags":18}],"_contentSize":{"__type__":"cc.Size","width":500,"height":180},"_scale":{"__type__":"cc.Vec3","x":1,"y":1,"z":1},"_localZOrder":101},{"__type__":"cc.Node","_name":"cocos_creator","_parent":{"__id__":5},"_components":[{"__type__":"cc.Sprite","node":{"__id__":6},"_spriteFrame":{"__uuid__":"03hzkqImpC3Zv0GfrxiruJ"},"_sizeMode":0}],"_contentSize":{"__type__":"cc.Size","width":680,"height":300},"_scale":{"__type__":"cc.Vec3","x":1,"y":1,"z":1},"_localZOrder":102},{"__type__":"cc.Node","_name":"New Node","_parent":{"__id__":5},"_children":[{"__id__":8}],"_components":[{"__type__":"cc.Mask","node":{"__id__":7},"_N$alphaThreshold":1}],"_contentSize":{"__type__":"cc.Size","width":150,"height":150},"_position":{"__type__":"cc.Vec3","x":217,"y":-36},"_scale":{"__type__":"cc.Vec3","x":1,"y":1,"z":1},"_localZOrder":103},{"__type__":"cc.Node","_name":"emoji2","_parent":{"__id__":7},"_components":[{"__type__":"cc.Sprite","node":{"__id__":8},"_spriteFrame":{"__uuid__":"adHsEJ1f1HOKr9MdLpOazG"}}],"_contentSize":{"__type__":"cc.Size","width":800,"height":480},"_position":{"__type__":"cc.Vec3","x":90,"y":-6},"_scale":{"__type__":"cc.Vec3","x":0.5,"y":0.5,"z":1},"_localZOrder":104},{"__type__":"cc.Node","_name":"New Node","_parent":{"__id__":5},"_children":[{"__id__":10}],"_components":[{"__type__":"cc.Mask","node":{"__id__":9},"_spriteFrame":{"__uuid__":"28J1mVxrtNt4x6jPwYU6v+"},"_type":2,"_N$alphaThreshold":0.4}],"_contentSize":{"__type__":"cc.Size","width":170,"height":170},"_position":{"__type__":"cc.Vec3","x":52,"y":-48},"_scale":{"__type__":"cc.Vec3","x":1,"y":1,"z":1},"_localZOrder":105},{"__type__":"cc.Node","_name":"gold","_parent":{"__id__":9},"_components":[{"__type__":"cc.Sprite","node":{"__id__":10},"_spriteFrame":{"__uuid__":"a7F3ZqgbtMZ7QXau4AW1JU"},"_sizeMode":0}],"_contentSize":{"__type__":"cc.Size","width":200,"height":200},"_position":{"__type__":"cc.Vec3","x":-10,"y":1},"_scale":{"__type__":"cc.Vec3","x":1,"y":1,"z":1},"_localZOrder":106}],{"__type__":"cc.SpriteFrame","content":{"name":"gold","texture":"99zidzwohNZ5hoJ7uNXp6p","rect":[0,0,80,80],"offset":[0,0],"originalSize":[80,80]}},{"__type__":"cc.SpriteFrame","content":{"name":"cocos_creator","texture":"86Z4wO+OdAnJ3f4Km/VVJp","rect":[0,0,800,480],"offset":[0,0],"originalSize":[800,480]}}]