[{"__type__":"cc.Prefab","_name":"RuntimeLabel","data":{"__id__":1}},{"__type__":"cc.Node","_name":"RuntimeLabel","_components":[{"__type__":"cc.Label","node":{"__id__":1},"_useOriginalSize":false,"_string":"本测试例不支持 Runtime 平台","_N$string":"本测试例不支持 Runtime 平台","_N$horizontalAlign":1,"_N$verticalAlign":1},{"__type__":"5530cLc2wJFVpWkBxALC33G","node":{"__id__":1}}],"_prefab":{"__type__":"cc.PrefabInfo","root":{"__id__":1},"asset":{"__uuid__":"8aVPcYU0pNmLxXTku8XmWb"},"fileId":"fdb18AWyb1J8Y4fJcggIVWj"},"_color":{"__type__":"cc.Color"},"_contentSize":{"__type__":"cc.Size","width":531.17,"height":40},"_scaleX":1,"_scaleY":1,"_scale":{"__type__":"cc.Vec3","x":1,"y":1,"z":1}}]