[{"__type__":"cc.SpriteFrame","content":{"name":"singleColor","texture":"1bags8Kg5BCpWrU9yaA6Ng","rect":[0,0,2,2],"offset":[0,0],"originalSize":[2,2]}},[{"__type__":"cc.SceneAsset","_name":"LabelAtlas","scene":{"__id__":1},"asyncLoadAssets":null},{"__type__":"cc.Scene","_name":"New Node","_children":[{"__id__":2}],"_anchorPoint":{"__type__":"cc.Vec2"},"_scale":{"__type__":"cc.Vec3","x":0.6520833333333333,"y":0.6520833333333333,"z":1},"_localZOrder":577,"autoReleaseAssets":true},{"__type__":"cc.Node","_name":"Canvas","_parent":{"__id__":1},"_children":[{"__id__":3},{"__id__":4},{"__id__":5},{"__id__":6},{"__id__":7}],"_components":[{"__type__":"cc.Canvas","node":{"__id__":2}}],"_contentSize":{"__type__":"cc.Size","width":960,"height":640},"_position":{"__type__":"cc.Vec3","x":480,"y":320},"_scale":{"__type__":"cc.Vec3","x":1,"y":1,"z":1},"_localZOrder":578,"_id":"17bd7AG2RVPT4JGUO3YZw04"},{"__type__":"cc.Node","_name":"Main Camera","_parent":{"__id__":2},"_level":1,"_components":[{"__type__":"cc.Camera","node":{"__id__":3},"_clearFlags":3,"_backgroundColor":{"__type__":"cc.Color","r":51,"g":77,"b":120},"_depth":-1}],"_scale":{"__type__":"cc.Vec3","x":1,"y":1,"z":1},"_localZOrder":579},{"__type__":"cc.Node","_name":"Background","_parent":{"__id__":2},"_level":1,"_components":[{"__type__":"cc.Sprite","node":{"__id__":4},"_spriteFrame":{"__uuid__":"0aoLNsxKlM4qs77+3nCObU"},"_sizeMode":0},{"__type__":"cc.Widget","node":{"__id__":4},"alignMode":2,"_alignFlags":45,"_originalWidth":960,"_originalHeight":640}],"_prefab":{"__type__":"cc.PrefabInfo","root":{"__id__":4},"asset":{"__uuid__":"b8OSNRvpdPAZhePn0hGPPJ"},"fileId":"78fd70+ls5GgJcFkzvLSRk8"},"_color":{"__type__":"cc.Color","r":57,"g":61,"b":64},"_contentSize":{"__type__":"cc.Size","width":960,"height":640},"_scale":{"__type__":"cc.Vec3","x":1,"y":1,"z":1},"_localZOrder":580},{"__type__":"cc.Node","_name":"Title","_parent":{"__id__":2},"_components":[{"__type__":"cc.Label","node":{"__id__":5},"_useOriginalSize":false,"_string":"LabelAtlas Test","_N$string":"LabelAtlas Test","_N$horizontalAlign":1,"_N$verticalAlign":1}],"_contentSize":{"__type__":"cc.Size","width":271.27,"height":40},"_position":{"__type__":"cc.Vec3","x":7,"y":189},"_scale":{"__type__":"cc.Vec3","x":1,"y":1,"z":1},"_localZOrder":581},{"__type__":"cc.Node","_name":"shuzibiaoqian03","_parent":{"__id__":2},"_components":[{"__type__":"cc.Label","node":{"__id__":6},"_useOriginalSize":false,"_string":"1899302","_N$string":"1899302","_lineHeight":24,"_N$file":{"__uuid__":"b9wvSxIqBECpqXn4Af5bKk"},"_isSystemFontUsed":false}],"_contentSize":{"__type__":"cc.Size","width":226.67,"height":45.71},"_position":{"__type__":"cc.Vec3","x":-30,"y":-24},"_scale":{"__type__":"cc.Vec3","x":1,"y":1,"z":1},"_localZOrder":582},{"__type__":"cc.Node","_name":"tuffy_bold_italic-charmap","_parent":{"__id__":2},"_components":[{"__type__":"cc.Label","node":{"__id__":7},"_useOriginalSize":false,"_string":"This is a char map Label","_N$string":"This is a char map Label","_lineHeight":66,"_N$file":{"__uuid__":"838RpCy5dJQIIx6sc5LxKG"},"_isSystemFontUsed":false}],"_contentSize":{"__type__":"cc.Size","width":794.48,"height":45.52},"_position":{"__type__":"cc.Vec3","x":13,"y":-153},"_scale":{"__type__":"cc.Vec3","x":1,"y":1,"z":1},"_localZOrder":583}]]