[{"__type__":"cc.SpriteFrame","content":{"name":"singleColor","texture":"1bags8Kg5BCpWrU9yaA6Ng","rect":[0,0,2,2],"offset":[0,0],"originalSize":[2,2]}},{"__type__":"cc.SpriteFrame","content":{"name":"default_btn_disabled","texture":"71VhFCTINJM6/Ky3oX9nBT","rect":[0,0,40,40],"offset":[0,0],"originalSize":[40,40],"capInsets":[12,12,12,12]}},[{"__type__":"cc.SceneAsset","_name":"DeviceMotion","scene":{"__id__":1},"asyncLoadAssets":null},{"__type__":"cc.Scene","_name":"New Node","_children":[{"__id__":2},{"__id__":9}],"_anchorPoint":{"__type__":"cc.Vec2"},"_scale":{"__type__":"cc.Vec3","x":0.6364583333333333,"y":0.6364583333333333,"z":1},"_localZOrder":135,"autoReleaseAssets":true},{"__type__":"cc.Node","_name":"Canvas","_parent":{"__id__":1},"_children":[{"__id__":3},{"__id__":4},{"__id__":5},{"__id__":6}],"_components":[{"__type__":"cc.Canvas","node":{"__id__":2}}],"_contentSize":{"__type__":"cc.Size","width":960,"height":640},"_position":{"__type__":"cc.Vec3","x":480,"y":320},"_scale":{"__type__":"cc.Vec3","x":1,"y":1,"z":1},"_localZOrder":136,"_id":"9c46abNWEZHnbgzXT1eV2Ez"},{"__type__":"cc.Node","_name":"Main Camera","_parent":{"__id__":2},"_level":1,"_components":[{"__type__":"cc.Camera","node":{"__id__":3},"_clearFlags":3,"_depth":-1}],"_scale":{"__type__":"cc.Vec3","x":1,"y":1,"z":1},"_localZOrder":137},{"__type__":"cc.Node","_name":"Background","_parent":{"__id__":2},"_components":[{"__type__":"cc.Sprite","node":{"__id__":4},"_spriteFrame":{"__uuid__":"0aoLNsxKlM4qs77+3nCObU"},"_sizeMode":0},{"__type__":"cc.Widget","node":{"__id__":4},"alignMode":2,"_alignFlags":45,"_originalWidth":960,"_originalHeight":640}],"_prefab":{"__type__":"cc.PrefabInfo","root":{"__id__":4},"asset":{"__uuid__":"b8OSNRvpdPAZhePn0hGPPJ"},"fileId":"78fd70+ls5GgJcFkzvLSRk8"},"_color":{"__type__":"cc.Color","r":57,"g":61,"b":64},"_contentSize":{"__type__":"cc.Size","width":960,"height":640},"_scale":{"__type__":"cc.Vec3","x":1,"y":1,"z":1},"_localZOrder":138},{"__type__":"cc.Node","_name":"Target","_parent":{"__id__":2},"_components":[{"__type__":"cc.Sprite","node":{"__id__":5},"_spriteFrame":{"__uuid__":"a7F3ZqgbtMZ7QXau4AW1JU"}}],"_contentSize":{"__type__":"cc.Size","width":80,"height":80},"_scale":{"__type__":"cc.Vec3","x":1,"y":1,"z":1},"_localZOrder":139},{"__type__":"cc.Node","_name":"New Button","_parent":{"__id__":2},"_children":[{"__id__":7}],"_level":1,"_components":[{"__type__":"cc.Sprite","node":{"__id__":6},"_spriteFrame":{"__uuid__":"f0BIwQ8D5Ml7nTNQbh1YlS"},"_type":1,"_sizeMode":0},{"__type__":"cc.Button","node":{"__id__":6},"transition":3,"pressedColor":{"__type__":"cc.Color","r":255,"g":255,"b":255},"clickEvents":[{"__type__":"cc.ClickEvent","target":{"__id__":9},"component":"DeviceMotionCtrl","handler":"onOpenAccelerometer"}],"_N$normalColor":{"__type__":"cc.Color","r":255,"g":255,"b":255},"_N$disabledColor":{"__type__":"cc.Color","r":255,"g":255,"b":255},"_N$normalSprite":{"__uuid__":"f0BIwQ8D5Ml7nTNQbh1YlS"},"_N$pressedSprite":{"__uuid__":"e97GVMl6JHh5Ml5qEDdSGa"},"pressedSprite":{"__uuid__":"e97GVMl6JHh5Ml5qEDdSGa"},"_N$hoverSprite":{"__uuid__":"e97GVMl6JHh5Ml5qEDdSGa"},"hoverSprite":{"__uuid__":"e97GVMl6JHh5Ml5qEDdSGa"},"_N$disabledSprite":{"__uuid__":"29FYIk+N1GYaeWH/q1NxQO"},"_N$target":{"__id__":6}}],"_contentSize":{"__type__":"cc.Size","width":200,"height":50},"_position":{"__type__":"cc.Vec3","y":-204},"_scale":{"__type__":"cc.Vec3","x":1,"y":1,"z":1},"_localZOrder":140},{"__type__":"cc.Node","_name":"Label","_parent":{"__id__":6},"_components":[{"__id__":8}],"_color":{"__type__":"cc.Color"},"_contentSize":{"__type__":"cc.Size","width":156.95,"height":40},"_scale":{"__type__":"cc.Vec3","x":1,"y":1,"z":1},"_localZOrder":141},{"__type__":"e4f88adp3hERoJ48DZ2PSAl","node":{"__id__":7},"_string":"开启 重力感应","_N$string":"开启 重力感应","_fontSize":25,"_N$horizontalAlign":1,"_N$verticalAlign":1,"_N$textKey":"cases/03_gameplay/01_player_control/On/DeviceMotion.fire.1"},{"__type__":"cc.Node","_name":"DeviceMotionCtrl","_parent":{"__id__":1},"_components":[{"__type__":"189c1ckoZZHULnR52/pnCkv","node":{"__id__":9},"target":{"__id__":5},"btn_label":{"__id__":8}}],"_scale":{"__type__":"cc.Vec3","x":1,"y":1,"z":1},"_localZOrder":142,"_id":"4101fpsTnhJSqycflDqCejF"}],{"__type__":"cc.SpriteFrame","content":{"name":"gold","texture":"99zidzwohNZ5hoJ7uNXp6p","rect":[0,0,80,80],"offset":[0,0],"originalSize":[80,80]}},{"__type__":"cc.SpriteFrame","content":{"name":"default_btn_pressed","texture":"b4P/PCArtIdIH38t6mlw8Y","rect":[0,0,40,40],"offset":[0,0],"originalSize":[40,40],"capInsets":[12,12,12,12]}},{"__type__":"cc.SpriteFrame","content":{"name":"default_btn_normal","texture":"e8Ueib+qJEhL6mXAHdnwbi","rect":[0,0,40,40],"offset":[0,0],"originalSize":[40,40],"capInsets":[12,12,12,12]}}]