[{"__type__":"cc.SpriteFrame","content":{"name":"singleColor","texture":"1bags8Kg5BCpWrU9yaA6Ng","rect":[0,0,2,2],"offset":[0,0],"originalSize":[2,2]}},{"__type__":"cc.SpriteFrame","content":{"name":"default_btn_disabled","texture":"71VhFCTINJM6/Ky3oX9nBT","rect":[0,0,40,40],"offset":[0,0],"originalSize":[40,40],"capInsets":[12,12,12,12]}},{"__type__":"cc.SpriteFrame","content":{"name":"default_progressbar","texture":"cf73jxyN9Jt47QTJU6ziYh","rect":[0,0,30,15],"offset":[0,0],"originalSize":[30,15],"capInsets":[10,4,10,4]}},[{"__type__":"cc.SceneAsset","_name":"webview","scene":{"__id__":1},"asyncLoadAssets":null},{"__type__":"cc.Scene","_name":"New Node","_children":[{"__id__":2},{"__id__":16}],"_anchorPoint":{"__type__":"cc.Vec2"},"_scale":{"__type__":"cc.Vec3","x":0.6364583333333333,"y":0.6364583333333333,"z":1},"_localZOrder":1058,"autoReleaseAssets":true},{"__type__":"cc.Node","_name":"Canvas","_parent":{"__id__":1},"_children":[{"__id__":3},{"__id__":4},{"__id__":5}],"_components":[{"__type__":"cc.Canvas","node":{"__id__":2}}],"_contentSize":{"__type__":"cc.Size","width":960,"height":640},"_position":{"__type__":"cc.Vec3","x":480,"y":320},"_scale":{"__type__":"cc.Vec3","x":1,"y":1,"z":1},"_localZOrder":1059,"_id":"66c35kVYp5O7od3/usNFGCF"},{"__type__":"cc.Node","_name":"Main Camera","_parent":{"__id__":2},"_level":1,"_components":[{"__type__":"cc.Camera","node":{"__id__":3},"_clearFlags":3,"_depth":-1}],"_scale":{"__type__":"cc.Vec3","x":1,"y":1,"z":1},"_localZOrder":1060},{"__type__":"cc.Node","_name":"Background","_parent":{"__id__":2},"_components":[{"__type__":"cc.Sprite","node":{"__id__":4},"_spriteFrame":{"__uuid__":"0aoLNsxKlM4qs77+3nCObU"},"_sizeMode":0},{"__type__":"cc.Widget","node":{"__id__":4},"alignMode":2,"_alignFlags":45,"_originalWidth":960,"_originalHeight":640}],"_prefab":{"__type__":"cc.PrefabInfo","root":{"__id__":4},"asset":{"__uuid__":"b8OSNRvpdPAZhePn0hGPPJ"},"fileId":"78fd70+ls5GgJcFkzvLSRk8"},"_color":{"__type__":"cc.Color","r":57,"g":61,"b":64},"_contentSize":{"__type__":"cc.Size","width":960,"height":640},"_scale":{"__type__":"cc.Vec3","x":1,"y":1,"z":1},"_localZOrder":1061},{"__type__":"cc.Node","_name":"Root","_parent":{"__id__":2},"_children":[{"__id__":6},{"__id__":8},{"__id__":9},{"__id__":14},{"__id__":18}],"_scale":{"__type__":"cc.Vec3","x":1,"y":1,"z":1},"_localZOrder":1062},{"__type__":"cc.Node","_name":"label","_parent":{"__id__":5},"_components":[{"__id__":7}],"_contentSize":{"__type__":"cc.Size","width":182.34,"height":40},"_position":{"__type__":"cc.Vec3","x":-51,"y":170},"_scale":{"__type__":"cc.Vec3","x":1,"y":1,"z":1},"_localZOrder":1063},{"__type__":"cc.Label","node":{"__id__":6},"_useOriginalSize":false,"_string":" is loaded!","_N$string":" is loaded!","_N$horizontalAlign":1,"_N$verticalAlign":1},{"__type__":"cc.Node","_name":"URLLabel","_parent":{"__id__":5},"_components":[{"__type__":"cc.Label","node":{"__id__":8},"_useOriginalSize":false,"_string":"Enter URL Here","_N$string":"Enter URL Here","_fontSize":30,"_lineHeight":30,"_N$horizontalAlign":1,"_N$verticalAlign":1}],"_contentSize":{"__type__":"cc.Size","width":213.41,"height":30},"_position":{"__type__":"cc.Vec3","x":-324,"y":-141},"_scale":{"__type__":"cc.Vec3","x":1,"y":1,"z":1},"_localZOrder":1064},{"__type__":"cc.Node","_name":"URLInput","_parent":{"__id__":5},"_children":[{"__id__":10},{"__id__":11},{"__id__":12}],"_components":[{"__id__":13}],"_contentSize":{"__type__":"cc.Size","width":295,"height":40},"_position":{"__type__":"cc.Vec3","x":-51,"y":-140},"_scale":{"__type__":"cc.Vec3","x":1,"y":1,"z":1},"_localZOrder":1065},{"__type__":"cc.Node","_name":"BACKGROUND_SPRITE","_parent":{"__id__":9},"_components":[{"__type__":"cc.Sprite","node":{"__id__":10},"_spriteFrame":{"__uuid__":"675ovJ2tVK2aLYfgPUWOMv"},"_type":1,"_sizeMode":0}],"_contentSize":{"__type__":"cc.Size","width":295,"height":40},"_scale":{"__type__":"cc.Vec3","x":1,"y":1,"z":1},"_localZOrder":1066},{"__type__":"cc.Node","_name":"TEXT_LABEL","_parent":{"__id__":9},"_active":false,"_components":[{"__type__":"cc.Label","node":{"__id__":11},"_fontSize":22.299999999999912,"_enableWrapText":false,"_N$verticalAlign":1,"_N$overflow":1}],"_color":{"__type__":"cc.Color"},"_contentSize":{"__type__":"cc.Size","width":293,"height":40},"_anchorPoint":{"__type__":"cc.Vec2","y":1},"_position":{"__type__":"cc.Vec3","x":-145.5,"y":20},"_scale":{"__type__":"cc.Vec3","x":1,"y":1,"z":1},"_localZOrder":1067},{"__type__":"cc.Node","_name":"PLACEHOLDER_LABEL","_parent":{"__id__":9},"_components":[{"__type__":"cc.Label","node":{"__id__":12},"_string":"http://","_N$string":"http://","_fontSize":15.799999999999974,"_enableWrapText":false,"_N$verticalAlign":1,"_N$overflow":1}],"_color":{"__type__":"cc.Color","r":127,"g":127,"b":127},"_contentSize":{"__type__":"cc.Size","width":293,"height":40},"_anchorPoint":{"__type__":"cc.Vec2","y":1},"_position":{"__type__":"cc.Vec3","x":-145.5,"y":20},"_scale":{"__type__":"cc.Vec3","x":1,"y":1,"z":1},"_localZOrder":1068},{"__type__":"cc.EditBox","node":{"__id__":9},"_useOriginalSize":false,"_N$backgroundImage":{"__uuid__":"675ovJ2tVK2aLYfgPUWOMv"},"_N$inputFlag":1,"_N$inputMode":4,"_N$fontSize":22.299999999999912,"_N$fontColor":{"__type__":"cc.Color"},"_N$placeholder":"http://","_N$placeholderFontSize":15.799999999999974,"_N$placeholderFontColor":{"__type__":"cc.Color","r":127,"g":127,"b":127},"_N$maxLength":40},{"__type__":"cc.Node","_name":"RefreshButton","_parent":{"__id__":5},"_children":[{"__id__":15}],"_components":[{"__type__":"cc.Sprite","node":{"__id__":14},"_spriteFrame":{"__uuid__":"f0BIwQ8D5Ml7nTNQbh1YlS"},"_type":1,"_sizeMode":0},{"__type__":"cc.Button","node":{"__id__":14},"transition":2,"pressedColor":{"__type__":"cc.Color","r":255,"g":255,"b":255},"clickEvents":[{"__type__":"cc.ClickEvent","target":{"__id__":16},"component":"WebviewCtrl","handler":"visitURL"}],"_N$normalColor":{"__type__":"cc.Color","r":255,"g":255,"b":255},"_N$disabledColor":{"__type__":"cc.Color","r":255,"g":255,"b":255},"_N$normalSprite":{"__uuid__":"f0BIwQ8D5Ml7nTNQbh1YlS"},"_N$pressedSprite":{"__uuid__":"e97GVMl6JHh5Ml5qEDdSGa"},"pressedSprite":{"__uuid__":"e97GVMl6JHh5Ml5qEDdSGa"},"_N$hoverSprite":{"__uuid__":"e97GVMl6JHh5Ml5qEDdSGa"},"hoverSprite":{"__uuid__":"e97GVMl6JHh5Ml5qEDdSGa"},"_N$disabledSprite":{"__uuid__":"29FYIk+N1GYaeWH/q1NxQO"},"_N$target":{"__id__":14}}],"_contentSize":{"__type__":"cc.Size","width":100,"height":40},"_position":{"__type__":"cc.Vec3","x":160,"y":-140},"_scale":{"__type__":"cc.Vec3","x":1,"y":1,"z":1},"_localZOrder":1069},{"__type__":"cc.Node","_name":"Label","_parent":{"__id__":14},"_components":[{"__type__":"cc.Label","node":{"__id__":15},"_useOriginalSize":false,"_string":"visit","_N$string":"visit","_fontSize":20,"_enableWrapText":false,"_N$horizontalAlign":1,"_N$verticalAlign":1,"_N$overflow":1}],"_color":{"__type__":"cc.Color"},"_contentSize":{"__type__":"cc.Size","width":100,"height":40},"_position":{"__type__":"cc.Vec3","x":1,"y":-1},"_scale":{"__type__":"cc.Vec3","x":1,"y":1,"z":1},"_localZOrder":1070},{"__type__":"cc.Node","_name":"WebviewCtrl","_parent":{"__id__":1},"_components":[{"__type__":"f8de1gmPM1CLoiv+P/T9HnJ","node":{"__id__":16},"labelStatus":{"__id__":7},"webview":{"__id__":17},"url":{"__id__":13}}],"_scale":{"__type__":"cc.Vec3","x":1,"y":1,"z":1},"_localZOrder":1072,"_id":"c54a4CseN5Pa6KCzqoFsahA"},{"__type__":"cc.WebView","node":{"__id__":18},"_useOriginalSize":false,"_url":"http://www.cocos.com","webviewEvents":[{"__type__":"cc.ClickEvent","target":{"__id__":16},"component":"WebviewCtrl","handler":"onWebFinishLoad"}]},{"__type__":"cc.Node","_name":"webview","_parent":{"__id__":5},"_components":[{"__id__":17}],"_contentSize":{"__type__":"cc.Size","width":300,"height":200},"_position":{"__type__":"cc.Vec3","x":-51,"y":27},"_scale":{"__type__":"cc.Vec3","x":1,"y":1,"z":1},"_localZOrder":1071}],{"__type__":"cc.SpriteFrame","content":{"name":"default_btn_pressed","texture":"b4P/PCArtIdIH38t6mlw8Y","rect":[0,0,40,40],"offset":[0,0],"originalSize":[40,40],"capInsets":[12,12,12,12]}},{"__type__":"cc.SpriteFrame","content":{"name":"default_btn_normal","texture":"e8Ueib+qJEhL6mXAHdnwbi","rect":[0,0,40,40],"offset":[0,0],"originalSize":[40,40],"capInsets":[12,12,12,12]}}]