[{"__type__":"cc.SpriteFrame","content":{"name":"singleColor","texture":"1bags8Kg5BCpWrU9yaA6Ng","rect":[0,0,2,2],"offset":[0,0],"originalSize":[2,2]}},{"__type__":"cc.AnimationClip","_name":"back-forward","_duration":1,"sample":10,"wrapMode":"22","curveData":{"props":{"position":[{"frame":0,"value":[-400,-246],"curve":[0.18,0.89,0.31,1.21]},{"frame":1,"value":[151,243]}]}}},{"__type__":"cc.AnimationClip","_name":"caseOut-expo","_duration":1,"sample":10,"wrapMode":22,"curveData":{"props":{"position":[{"frame":0,"value":[-400,-246],"curve":"circOut"},{"frame":1,"value":[155,243]}]}}},{"__type__":"cc.AnimationClip","_name":"caseInOut-expo","_duration":1,"sample":10,"wrapMode":22,"curveData":{"props":{"position":[{"frame":0,"value":[-400,-246],"curve":"expoInOut"},{"frame":1,"value":[155,243]}]}}},{"__type__":"cc.AnimationClip","_name":"caseIn-expo","_duration":1,"sample":10,"wrapMode":"22","curveData":{"props":{"position":[{"frame":0,"value":[-400,-246],"curve":"expoIn"},{"frame":1,"value":[151,243]}]}}},[{"__type__":"cc.SceneAsset","_name":"MoveAnimation","scene":{"__id__":1},"asyncLoadAssets":null},{"__type__":"cc.Scene","_name":"New Node","_children":[{"__id__":2},{"__id__":19}],"_anchorPoint":{"__type__":"cc.Vec2"},"_scale":{"__type__":"cc.Vec3","x":0.6520833333333333,"y":0.6520833333333333,"z":1},"_localZOrder":329,"autoReleaseAssets":true},{"__type__":"cc.Node","_name":"Canvas","_parent":{"__id__":1},"_children":[{"__id__":3},{"__id__":4},{"__id__":5},{"__id__":7},{"__id__":18}],"_components":[{"__type__":"cc.Canvas","node":{"__id__":2}}],"_contentSize":{"__type__":"cc.Size","width":960,"height":640},"_position":{"__type__":"cc.Vec3","x":480,"y":320},"_scale":{"__type__":"cc.Vec3","x":1,"y":1,"z":1},"_localZOrder":330,"_id":"51a57pLUmNC1KM5X74iplEB"},{"__type__":"cc.Node","_name":"Main Camera","_parent":{"__id__":2},"_level":1,"_components":[{"__type__":"cc.Camera","node":{"__id__":3},"_clearFlags":3,"_depth":-1}],"_scale":{"__type__":"cc.Vec3","x":1,"y":1,"z":1},"_localZOrder":331},{"__type__":"cc.Node","_name":"Background","_parent":{"__id__":2},"_components":[{"__type__":"cc.Sprite","node":{"__id__":4},"_spriteFrame":{"__uuid__":"0aoLNsxKlM4qs77+3nCObU"},"_sizeMode":0},{"__type__":"cc.Widget","node":{"__id__":4},"alignMode":2,"_alignFlags":45,"_originalWidth":960,"_originalHeight":640}],"_prefab":{"__type__":"cc.PrefabInfo","root":{"__id__":4},"asset":{"__uuid__":"b8OSNRvpdPAZhePn0hGPPJ"},"fileId":"78fd70+ls5GgJcFkzvLSRk8"},"_color":{"__type__":"cc.Color","r":57,"g":61,"b":64},"_contentSize":{"__type__":"cc.Size","width":960,"height":640},"_scale":{"__type__":"cc.Vec3","x":1,"y":1,"z":1},"_localZOrder":332},{"__type__":"cc.Node","_name":"Target","_parent":{"__id__":2},"_components":[{"__type__":"cc.Sprite","node":{"__id__":5},"_spriteFrame":{"__uuid__":"a7F3ZqgbtMZ7QXau4AW1JU"},"_sizeMode":0},{"__id__":6}],"_contentSize":{"__type__":"cc.Size","width":80,"height":80},"_position":{"__type__":"cc.Vec3","x":-153,"y":50},"_scale":{"__type__":"cc.Vec3","x":1,"y":1,"z":1},"_localZOrder":333},{"__type__":"cc.Animation","node":{"__id__":5},"_defaultClip":{"__uuid__":"4bsl4nY6xOx67J2J0cxbYZ"},"_clips":[{"__uuid__":"4bsl4nY6xOx67J2J0cxbYZ"},{"__uuid__":"3c/bUZL05Lj6O2vD1V1v+u"},{"__uuid__":"5dKdrriWNOEYoWmhGU7ljK"},{"__uuid__":"4b/+7u8sZL7Lp0zWcdEnCb"},{"__uuid__":"49wWamlK5Ll6sisbRuAB1z"}],"playOnLoad":true},{"__type__":"cc.Node","_name":"AnimList","_parent":{"__id__":2},"_children":[{"__id__":8},{"__id__":10},{"__id__":12},{"__id__":14},{"__id__":16}],"_components":[{"__type__":"cc.Widget","node":{"__id__":7},"alignMode":2,"_alignFlags":33,"_right":137,"_top":215}],"_position":{"__type__":"cc.Vec3","x":343,"y":105},"_scale":{"__type__":"cc.Vec3","x":1,"y":1,"z":1},"_localZOrder":334},{"__type__":"cc.Node","_name":"Linear","_parent":{"__id__":7},"_children":[{"__id__":9}],"_components":[{"__type__":"cc.Widget","node":{"__id__":8},"alignMode":2},{"__type__":"cc.Sprite","node":{"__id__":8},"_spriteFrame":{"__uuid__":"cbeekrK2tERZHMYnb3SW3c"},"_type":1,"_sizeMode":0},{"__type__":"cc.Button","node":{"__id__":8},"transition":2,"pressedColor":{"__type__":"cc.Color","r":255,"g":255,"b":255},"_N$normalColor":{"__type__":"cc.Color","r":255,"g":255,"b":255},"_N$disabledColor":{"__type__":"cc.Color","r":255,"g":255,"b":255},"_N$normalSprite":{"__uuid__":"cbeekrK2tERZHMYnb3SW3c"},"_N$pressedSprite":{"__uuid__":"bancX3RatP9b6Sl8enO4rV"},"pressedSprite":{"__uuid__":"bancX3RatP9b6Sl8enO4rV"},"_N$hoverSprite":{"__uuid__":"cbeekrK2tERZHMYnb3SW3c"},"hoverSprite":{"__uuid__":"cbeekrK2tERZHMYnb3SW3c"},"_N$disabledSprite":{"__uuid__":"cbeekrK2tERZHMYnb3SW3c"},"_N$target":{"__id__":8}}],"_contentSize":{"__type__":"cc.Size","width":200,"height":60},"_position":{"__type__":"cc.Vec3","y":70},"_scale":{"__type__":"cc.Vec3","x":1,"y":1,"z":1},"_localZOrder":335},{"__type__":"cc.Node","_name":"Label","_parent":{"__id__":8},"_components":[{"__type__":"e4f88adp3hERoJ48DZ2PSAl","node":{"__id__":9},"_useOriginalSize":false,"_string":"Linear","_N$string":"Linear","_fontSize":22,"_N$horizontalAlign":1,"_N$verticalAlign":1,"_N$textKey":"cases/03_gameplay/03_animation/MoveAnimation.fire.11"}],"_contentSize":{"__type__":"cc.Size","width":61.16,"height":40},"_scale":{"__type__":"cc.Vec3","x":1,"y":1,"z":1},"_localZOrder":336},{"__type__":"cc.Node","_name":"CaseIn_Expo","_parent":{"__id__":7},"_children":[{"__id__":11}],"_components":[{"__type__":"cc.Widget","node":{"__id__":10},"alignMode":2},{"__type__":"cc.Sprite","node":{"__id__":10},"_spriteFrame":{"__uuid__":"cbeekrK2tERZHMYnb3SW3c"},"_type":1,"_sizeMode":0},{"__type__":"cc.Button","node":{"__id__":10},"transition":2,"pressedColor":{"__type__":"cc.Color","r":255,"g":255,"b":255},"_N$normalColor":{"__type__":"cc.Color","r":255,"g":255,"b":255},"_N$disabledColor":{"__type__":"cc.Color","r":255,"g":255,"b":255},"_N$normalSprite":{"__uuid__":"cbeekrK2tERZHMYnb3SW3c"},"_N$pressedSprite":{"__uuid__":"bancX3RatP9b6Sl8enO4rV"},"pressedSprite":{"__uuid__":"bancX3RatP9b6Sl8enO4rV"},"_N$hoverSprite":{"__uuid__":"cbeekrK2tERZHMYnb3SW3c"},"hoverSprite":{"__uuid__":"cbeekrK2tERZHMYnb3SW3c"},"_N$disabledSprite":{"__uuid__":"cbeekrK2tERZHMYnb3SW3c"},"_N$target":{"__id__":10}}],"_contentSize":{"__type__":"cc.Size","width":200,"height":60},"_scale":{"__type__":"cc.Vec3","x":1,"y":1,"z":1},"_localZOrder":337},{"__type__":"cc.Node","_name":"Label","_parent":{"__id__":10},"_components":[{"__type__":"e4f88adp3hERoJ48DZ2PSAl","node":{"__id__":11},"_useOriginalSize":false,"_string":"Case In Expo","_N$string":"Case In Expo","_fontSize":22,"_N$horizontalAlign":1,"_N$verticalAlign":1,"_N$textKey":"cases/03_gameplay/03_animation/MoveAnimation.fire.17"}],"_contentSize":{"__type__":"cc.Size","width":132.08,"height":40},"_scale":{"__type__":"cc.Vec3","x":1,"y":1,"z":1},"_localZOrder":338},{"__type__":"cc.Node","_name":"CaseOut_Expo","_parent":{"__id__":7},"_children":[{"__id__":13}],"_components":[{"__type__":"cc.Widget","node":{"__id__":12},"alignMode":2},{"__type__":"cc.Sprite","node":{"__id__":12},"_spriteFrame":{"__uuid__":"cbeekrK2tERZHMYnb3SW3c"},"_type":1,"_sizeMode":0},{"__type__":"cc.Button","node":{"__id__":12},"transition":2,"pressedColor":{"__type__":"cc.Color","r":255,"g":255,"b":255},"_N$normalColor":{"__type__":"cc.Color","r":255,"g":255,"b":255},"_N$disabledColor":{"__type__":"cc.Color","r":255,"g":255,"b":255},"_N$normalSprite":{"__uuid__":"cbeekrK2tERZHMYnb3SW3c"},"_N$pressedSprite":{"__uuid__":"bancX3RatP9b6Sl8enO4rV"},"pressedSprite":{"__uuid__":"bancX3RatP9b6Sl8enO4rV"},"_N$hoverSprite":{"__uuid__":"cbeekrK2tERZHMYnb3SW3c"},"hoverSprite":{"__uuid__":"cbeekrK2tERZHMYnb3SW3c"},"_N$disabledSprite":{"__uuid__":"cbeekrK2tERZHMYnb3SW3c"},"_N$target":{"__id__":12}}],"_contentSize":{"__type__":"cc.Size","width":200,"height":60},"_position":{"__type__":"cc.Vec3","y":-70},"_scale":{"__type__":"cc.Vec3","x":1,"y":1,"z":1},"_localZOrder":339},{"__type__":"cc.Node","_name":"Label","_parent":{"__id__":12},"_components":[{"__type__":"e4f88adp3hERoJ48DZ2PSAl","node":{"__id__":13},"_useOriginalSize":false,"_string":"Case Out Expo","_N$string":"Case Out Expo","_fontSize":22,"_N$horizontalAlign":1,"_N$verticalAlign":1,"_N$textKey":"cases/03_gameplay/03_animation/MoveAnimation.fire.23"}],"_contentSize":{"__type__":"cc.Size","width":149.19,"height":40},"_scale":{"__type__":"cc.Vec3","x":1,"y":1,"z":1},"_localZOrder":340},{"__type__":"cc.Node","_name":"CaseInOut_Expo","_parent":{"__id__":7},"_children":[{"__id__":15}],"_components":[{"__type__":"cc.Widget","node":{"__id__":14},"alignMode":2},{"__type__":"cc.Sprite","node":{"__id__":14},"_spriteFrame":{"__uuid__":"cbeekrK2tERZHMYnb3SW3c"},"_type":1,"_sizeMode":0},{"__type__":"cc.Button","node":{"__id__":14},"transition":2,"pressedColor":{"__type__":"cc.Color","r":255,"g":255,"b":255},"_N$normalColor":{"__type__":"cc.Color","r":255,"g":255,"b":255},"_N$disabledColor":{"__type__":"cc.Color","r":255,"g":255,"b":255},"_N$normalSprite":{"__uuid__":"cbeekrK2tERZHMYnb3SW3c"},"_N$pressedSprite":{"__uuid__":"bancX3RatP9b6Sl8enO4rV"},"pressedSprite":{"__uuid__":"bancX3RatP9b6Sl8enO4rV"},"_N$hoverSprite":{"__uuid__":"cbeekrK2tERZHMYnb3SW3c"},"hoverSprite":{"__uuid__":"cbeekrK2tERZHMYnb3SW3c"},"_N$disabledSprite":{"__uuid__":"cbeekrK2tERZHMYnb3SW3c"},"_N$target":{"__id__":14}}],"_contentSize":{"__type__":"cc.Size","width":200,"height":60},"_position":{"__type__":"cc.Vec3","y":-140},"_scale":{"__type__":"cc.Vec3","x":1,"y":1,"z":1},"_localZOrder":341},{"__type__":"cc.Node","_name":"Label","_parent":{"__id__":14},"_components":[{"__type__":"e4f88adp3hERoJ48DZ2PSAl","node":{"__id__":15},"_useOriginalSize":false,"_string":"Case Out In Expo","_N$string":"Case Out In Expo","_fontSize":22,"_N$horizontalAlign":1,"_N$verticalAlign":1,"_N$textKey":"cases/03_gameplay/03_animation/MoveAnimation.fire.29"}],"_contentSize":{"__type__":"cc.Size","width":173.65,"height":40},"_scale":{"__type__":"cc.Vec3","x":1,"y":1,"z":1},"_localZOrder":342},{"__type__":"cc.Node","_name":"Back_Forward","_parent":{"__id__":7},"_children":[{"__id__":17}],"_components":[{"__type__":"cc.Widget","node":{"__id__":16},"alignMode":2},{"__type__":"cc.Sprite","node":{"__id__":16},"_spriteFrame":{"__uuid__":"cbeekrK2tERZHMYnb3SW3c"},"_type":1,"_sizeMode":0},{"__type__":"cc.Button","node":{"__id__":16},"transition":2,"pressedColor":{"__type__":"cc.Color","r":255,"g":255,"b":255},"_N$normalColor":{"__type__":"cc.Color","r":255,"g":255,"b":255},"_N$disabledColor":{"__type__":"cc.Color","r":255,"g":255,"b":255},"_N$normalSprite":{"__uuid__":"cbeekrK2tERZHMYnb3SW3c"},"_N$pressedSprite":{"__uuid__":"bancX3RatP9b6Sl8enO4rV"},"pressedSprite":{"__uuid__":"bancX3RatP9b6Sl8enO4rV"},"_N$hoverSprite":{"__uuid__":"cbeekrK2tERZHMYnb3SW3c"},"hoverSprite":{"__uuid__":"cbeekrK2tERZHMYnb3SW3c"},"_N$disabledSprite":{"__uuid__":"cbeekrK2tERZHMYnb3SW3c"},"_N$target":{"__id__":16}}],"_contentSize":{"__type__":"cc.Size","width":200,"height":60},"_position":{"__type__":"cc.Vec3","y":-210},"_scale":{"__type__":"cc.Vec3","x":1,"y":1,"z":1},"_localZOrder":343},{"__type__":"cc.Node","_name":"Label","_parent":{"__id__":16},"_components":[{"__type__":"e4f88adp3hERoJ48DZ2PSAl","node":{"__id__":17},"_useOriginalSize":false,"_string":"Back Forward","_N$string":"Back Forward","_fontSize":22,"_N$horizontalAlign":1,"_N$verticalAlign":1,"_N$textKey":"cases/03_gameplay/03_animation/MoveAnimation.fire.35"}],"_contentSize":{"__type__":"cc.Size","width":135.71,"height":40},"_scale":{"__type__":"cc.Vec3","x":1,"y":1,"z":1},"_localZOrder":344},{"__type__":"cc.Node","_name":"Tips","_parent":{"__id__":2},"_components":[{"__type__":"e4f88adp3hERoJ48DZ2PSAl","node":{"__id__":18},"_useOriginalSize":false,"_string":"这是一个移动动画。","_N$string":"这是一个移动动画。","_N$horizontalAlign":1,"_N$verticalAlign":1,"_N$textKey":"cases/03_gameplay/03_animation/MoveAnimation.fire.41"}],"_contentSize":{"__type__":"cc.Size","width":360,"height":40},"_position":{"__type__":"cc.Vec3","x":196,"y":-244},"_scale":{"__type__":"cc.Vec3","x":1,"y":1,"z":1},"_localZOrder":345},{"__type__":"cc.Node","_name":"MoveAnimationCtrl","_parent":{"__id__":1},"_components":[{"__type__":"1dc95dq3mVI658br0l2Zbi0","node":{"__id__":19},"target":{"__id__":6},"nodes":[{"__id__":8},{"__id__":10},{"__id__":12},{"__id__":14},{"__id__":16}]}],"_scale":{"__type__":"cc.Vec3","x":1,"y":1,"z":1},"_localZOrder":346,"_id":"be9a2c4zPNI6ruaHTMFYqpn"}],{"__type__":"cc.SpriteFrame","content":{"name":"gold","texture":"99zidzwohNZ5hoJ7uNXp6p","rect":[0,0,80,80],"offset":[0,0],"originalSize":[80,80]}},{"__type__":"cc.SpriteFrame","content":{"name":"btn_pressed","texture":"e8Mstb/RhJRYtVfmIFGaJg","rect":[0,0,194,68],"offset":[0,0],"originalSize":[194,68]}},{"__type__":"cc.SpriteFrame","content":{"name":"btn_normal","texture":"7a/zKdXVNGWYopVAO8wQSg","rect":[0,0,194,68],"offset":[0,0],"originalSize":[194,68]}}]